N,n,q,h,all,tune,hold,both
40,10,0.2,3,6.401296418800695,4.725337398526808,10.144450449481202,True
40,10,0.2,5,10.057606927543583,11.117458285183535,7.784395743887673,True
40,10,0.2,7,8.802311653297634,10.237403452426763,5.74139747522695,True
40,10,0.2,10,8.593572815746375,8.58323826594718,8.616081962958578,True
40,10,0.2,14,9.397079946291132,10.063649453443556,7.959413777983548,True
40,10,0.25,3,5.641945799088233,3.1069815238227605,11.3801156033974,True
40,10,0.25,5,9.93521589419375,11.726083203769132,6.13391107780108,True
40,10,0.25,7,9.627201811418074,10.963434242587788,6.772676650479181,True
40,10,0.25,10,8.404049544887693,7.880064941597542,9.553963568645818,True
40,10,0.25,14,9.744747203994542,10.091723277291976,8.99291002406497,True
40,10,0.3333333333333333,3,3.652449408433789,5.6374220558391475,-0.5421580080974042,False
40,10,0.3333333333333333,5,10.251407653854084,13.570915389820026,3.3543186038678563,True
40,10,0.3333333333333333,7,11.944702490841607,14.930971204290987,5.707191048801641,True
40,10,0.3333333333333333,10,10.724049250806234,12.363015623900209,7.237086709736973,True
40,10,0.3333333333333333,14,12.6918065012968,14.116634213461431,9.650185768615916,True
40,10,0.4,3,5.063588543437514,3.7801334493434924,7.9137801476167,True
40,10,0.4,5,9.637376854170654,11.373630755045316,5.949386351415131,True
40,10,0.4,7,12.327034306695595,13.66482215823186,9.467936744415706,True
40,10,0.4,10,11.158898030528874,11.21870411901118,11.028768437507107,True
40,10,0.4,14,14.200709041093141,13.884667436021193,14.89199676637969,True
40,15,0.2,3,12.605641575075177,15.59352680731898,6.363386890180611,True
40,15,0.2,5,11.605822367695628,15.302116506296004,3.961179836466311,True
40,15,0.2,7,11.31239655343499,14.424945506113819,4.823969204624645,True
40,15,0.2,10,10.58976480258471,12.294831271520646,6.965655649479707,True
40,15,0.2,14,10.344052430648354,11.498119610559087,7.871982302750147,True
40,15,0.25,3,9.178521423809372,9.9063042849737,7.610246740900961,True
40,15,0.25,5,12.58008141757645,15.897233776139274,5.681077171389415,True
40,15,0.25,7,12.614183017796442,15.47607229291148,6.624822674360886,True
40,15,0.25,10,11.131124120640635,12.504473405808003,8.198084569860796,True
40,15,0.25,14,9.98125211285965,11.146751589215409,7.485235713076976,True
40,15,0.3333333333333333,3,9.09098967377533,8.752930306722684,9.830828432009442,True
40,15,0.3333333333333333,5,14.414981950217909,18.09451348266402,6.793833642638103,True
40,15,0.3333333333333333,7,16.38258548534306,19.730763961706653,9.41160757993391,True
40,15,0.3333333333333333,10,15.040987310705756,17.951812856388315,8.948173118073989,True
40,15,0.3333333333333333,14,14.9272637440794,16.90207308222127,10.741348471451161,True
40,15,0.4,3,10.415491543081767,7.861127813399604,16.189434457502962,True
40,15,0.4,5,16.045279766947274,17.022138792033402,13.94607823601024,True
40,15,0.4,7,17.432994659265443,19.01908703427775,14.051684433735879,True
40,15,0.4,10,16.96021286141316,19.26922795155106,12.085324959164701,True
40,15,0.4,14,16.95795894664709,18.028628744933318,14.659827088585175,True
40,20,0.2,3,13.63525321252923,17.919978443880936,4.8353532011447875,True
40,20,0.2,5,15.968676781960255,21.453680375865346,4.865814207948382,True
40,20,0.2,7,14.777536657589874,18.872008298203834,6.342321922317362,True
40,20,0.2,10,12.313095088330384,15.070139763244693,6.535445721440469,True
40,20,0.2,14,11.55433983497538,14.368005104312598,5.664169487209292,True
40,20,0.25,3,13.862601020367649,15.768669542800207,9.819604227324419,True
40,20,0.25,5,17.775916338563967,21.26417472937401,10.522748515126978,True
40,20,0.25,7,15.746754493483884,18.560851464503326,9.84740416197023,True
40,20,0.25,10,12.320252516121233,13.721075438719698,9.329070783723758,True
40,20,0.25,14,12.336129867811895,13.048331843935035,10.800640749618218,True
40,20,0.3333333333333333,3,18.531369272955377,19.89755256942285,15.609828899821366,True
40,20,0.3333333333333333,5,24.922544023834092,31.65827049831842,11.422494483370048,True
40,20,0.3333333333333333,7,21.918729569055273,29.217734324507628,7.418563485493435,True
40,20,0.3333333333333333,10,17.936297679874812,23.118184066569825,7.39380251123285,True
40,20,0.3333333333333333,14,16.312308715257796,19.739851884560977,9.183753600370203,True
40,20,0.4,3,16.52756128997388,21.233609561167377,6.9015829492447445,True
40,20,0.4,5,26.302781829438395,34.69739624519155,9.787719883294276,True
40,20,0.4,7,27.924526681322504,36.28207312817937,11.454961654342522,True
40,20,0.4,10,24.26170465291775,30.020297784505768,12.588282710882925,True
40,20,0.4,14,20.20377417735302,23.700582329476518,12.92694442658866,True
40,30,0.2,3,14.218284762088839,19.078474253130718,4.3095543479664045,True
40,30,0.2,5,15.784670496907038,20.86832460890562,5.4415298887797725,True
40,30,0.2,7,14.144143544316258,18.69775141110268,4.823022408665345,True
40,30,0.2,10,10.80210803373507,13.903463782239767,4.337289930749355,True
40,30,0.2,14,10.003036842857306,12.473870920429198,4.808448592228998,True
40,30,0.25,3,16.83309168202807,23.264918671654613,3.9638752875660543,True
40,30,0.25,5,17.09264964761765,22.925927861582274,5.329392615396467,True
40,30,0.25,7,13.648051584277642,17.980237087268037,4.756265656390712,True
40,30,0.25,10,9.81572899849905,12.390871730517627,4.410112175249026,True
40,30,0.25,14,8.796814004426645,10.922997060157936,4.306540448368357,True
40,30,0.3333333333333333,3,32.81382578161431,45.10716949910554,9.526602281841745,True
40,30,0.3333333333333333,5,34.5919849872472,47.71920756156587,9.900750242087941,True
40,30,0.3333333333333333,7,27.603273646269777,38.93383742245731,6.023795689313927,True
40,30,0.3333333333333333,10,20.29282579189804,26.97223224995502,6.937686204526483,True
40,30,0.3333333333333333,14,15.170343779915596,19.932605575185946,5.443594764989279,True
40,30,0.4,3,32.144227113793924,41.42804657439716,13.981152193895863,True
40,30,0.4,5,34.49037699416269,46.50622226332337,11.623747173762533,True
40,30,0.4,7,32.61023951857061,44.620805670681186,9.793808618374666,True
40,30,0.4,10,23.659979980927282,31.71273763544491,7.786089093198045,True
40,30,0.4,14,17.602900791873232,23.92387888481644,4.930880828694817,True
60,10,0.2,3,9.08991482591106,9.63479674059462,7.912667028461184,True
60,10,0.2,5,11.841503676810294,14.534255362041538,6.194478621732213,True
60,10,0.2,7,9.667962189489,12.469845988621287,3.8054067306620754,True
60,10,0.2,10,8.084500058294243,8.605615688096746,6.958292178458136,True
60,10,0.2,14,8.20721799951456,8.834657915937626,6.853317923301083,True
60,10,0.25,3,8.189183758656448,7.863120959253234,8.902671395639604,True
60,10,0.25,5,12.37119359729839,14.277887419510705,8.328304672502341,True
60,10,0.25,7,12.225336947275167,14.158826231896594,8.127296303244979,True
60,10,0.25,10,9.696847341173642,9.130809433676301,10.939697973543726,True
60,10,0.25,14,9.798598314428553,9.373171922377498,10.730791781911474,True
60,10,0.3333333333333333,3,3.5102833019080792,2.6493467850661867,5.410227917373911,True
60,10,0.3333333333333333,5,7.713276559753646,9.019712275461123,4.922142134919372,True
60,10,0.3333333333333333,7,11.03846959110335,11.867974524271219,9.253261488536424,True
60,10,0.3333333333333333,10,10.049809410387645,9.887617342376487,10.403846930657522,True
60,10,0.3333333333333333,14,12.104104818283501,12.365213318023095,11.537581416755627,True
60,10,0.4,3,6.244224413987842,9.2183500906293,0.044650092906262095,True
60,10,0.4,5,11.531829533082472,16.107903735768115,2.180827161137633,True
60,10,0.4,7,13.875201874148967,17.178336241408697,7.000518618887752,True
60,10,0.4,10,11.280100834921836,12.867907869728889,7.899165016561804,True
60,10,0.4,14,13.057721953609548,13.70937395789027,11.651499831773782,True
60,15,0.2,3,12.651810311677725,16.892570292786544,3.941396412070275,True
60,15,0.2,5,14.453829426295407,19.887686125184235,3.4574607336449015,True
60,15,0.2,7,12.94870505480834,16.993720364804823,4.617151556364796,True
60,15,0.2,10,10.79329385676202,13.183429045432016,5.761447272055942,True
60,15,0.2,14,10.272703442621989,11.979422451698252,6.645417481608895,True
60,15,0.25,3,9.463865395432691,11.543267945468338,5.068659009311838,True
60,15,0.25,5,15.071382543642864,18.101113539475744,8.739706348093602,True
60,15,0.25,7,15.638186712068315,17.414993415087565,11.861283488746,True
60,15,0.25,10,12.91610489071353,13.636559438130469,11.362922688364296,True
60,15,0.25,14,11.764914094703949,12.178843557978691,10.86876925836635,True
60,15,0.3333333333333333,3,10.975671925547159,11.555361266698561,9.723673145974088,True
60,15,0.3333333333333333,5,17.797591646527323,20.43062431568272,12.26106669714011,True
60,15,0.3333333333333333,7,18.380332440427406,20.474325937165226,13.945278858130749,True
60,15,0.3333333333333333,10,16.747768584538257,18.60198476089925,12.809495409033111,True
60,15,0.3333333333333333,14,15.291920856455166,16.04657240844496,13.665439022001834,True
60,15,0.4,3,14.884163565737918,14.403801609617961,15.937247202602322,True
60,15,0.4,5,18.349260559772173,21.17757730445089,12.416304354152597,True
60,15,0.4,7,19.96755583526253,23.297223030029013,13.024307973684035,True
60,15,0.4,10,18.864090024402415,21.667670366747238,12.980191494994475,True
60,15,0.4,14,17.456950749651124,19.05429217098138,14.052154443756937,True
60,20,0.2,3,11.386670351021655,15.320667306243951,3.277674841624356,True
60,20,0.2,5,14.255096194274586,19.194890239575614,4.1944596884375684,True
60,20,0.2,7,12.276720765085681,15.427842028257421,5.708929315587219,True
60,20,0.2,10,10.113526888374146,11.949035088215698,6.219767245127339,True
60,20,0.2,14,9.699550505335441,11.248071567564487,6.401480874730869,True
60,20,0.25,3,14.663235817957787,18.59287045071052,6.550284158154884,True
60,20,0.25,5,18.74736281021896,25.742646615717725,4.8307952750515915,True
60,20,0.25,7,16.92147721074624,22.02664716289169,6.530752273092344,True
60,20,0.25,10,13.730682100727275,16.81198791812506,7.29879058014804,True
60,20,0.25,14,12.37701510448388,14.675052892064034,7.5306253863893335,True
60,20,0.3333333333333333,3,13.939685684357016,16.748196818722683,8.055103119710893,True
60,20,0.3333333333333333,5,25.09865941602567,31.041938720284534,13.071968514083586,True
60,20,0.3333333333333333,7,25.367578157356064,31.278452384106625,13.399979541851682,True
60,20,0.3333333333333333,10,20.996856478373726,25.693706980420195,11.366820683737577,True
60,20,0.3333333333333333,14,17.135379495603598,20.107109151168846,10.915731189465362,True
60,20,0.4,3,14.928880645613996,21.44506020563359,1.922797463271464,True
60,20,0.4,5,22.008778895138658,30.17551320716074,5.953169657546975,True
60,20,0.4,7,23.289499170938743,31.75710393952884,6.6849996472960305,True
60,20,0.4,10,19.986611242777386,26.384685407023678,7.151887932706913,True
60,20,0.4,14,15.4779486234772,19.912075918072514,6.380780340689762,True
60,30,0.2,3,16.427175994410526,23.598756182065994,2.2165822996505824,True
60,30,0.2,5,17.223975607644725,23.838951305590548,4.015448200013405,True
60,30,0.2,7,15.415938211737723,21.251978269867266,3.660288687107993,True
60,30,0.2,10,10.499168579824314,13.46116186194022,4.313593226900858,True
60,30,0.2,14,7.151343622762396,8.750823495462257,3.7490542377146996,True
60,30,0.25,3,19.606643246267176,28.075000440605113,3.0522109971987454,True
60,30,0.25,5,20.395881344680667,28.795657991801214,3.950632073104754,True
60,30,0.25,7,18.455989493427616,25.66572199245092,4.1542946893579735,True
60,30,0.25,10,13.060292420738428,17.634217645208782,3.705556080821504,True
60,30,0.25,14,9.051723017729941,11.795380192966931,3.3075493174234083,True
60,30,0.3333333333333333,3,22.215227150876736,38.03537109254413,-6.243785181307127,False
60,30,0.3333333333333333,5,26.195732257326654,39.365092880889804,1.6634035409098358,True
60,30,0.3333333333333333,7,23.36156334696289,34.59389026446162,2.038260567475403,True
60,30,0.3333333333333333,10,16.225422966483283,23.649720838390632,1.5635587286712438,True
60,30,0.3333333333333333,14,11.555706192985715,17.75937630443942,-0.8466654034342658,False
60,30,0.4,3,24.70190198303779,43.6181286489024,-8.314615636714917,False
60,30,0.4,5,28.05530460644725,43.70839779843867,-0.3843774016123791,False
60,30,0.4,7,26.138440858568156,40.838369371370284,-0.781565211333346,False
60,30,0.4,10,17.27911301819278,27.418361227058007,-2.0965278953234967,False
60,30,0.4,14,12.087207438328562,20.419761381561074,-4.117763827950127,False
100,10,0.2,3,9.974657480138639,8.79745646800072,12.582530304707129,True
100,10,0.2,5,9.441221177312475,10.295719073466625,7.603201445638574,True
100,10,0.2,7,7.911936700983668,9.556301706036363,4.415866950777114,True
100,10,0.2,10,6.003807619847801,4.713219832725368,8.869649167350136,True
100,10,0.2,14,6.966872354306886,6.196019277351139,8.664989559326376,True
100,10,0.25,3,6.005886012127526,5.330892410478483,7.4908368183639995,True
100,10,0.25,5,10.324244801869153,12.278259913426236,6.185811059388202,True
100,10,0.25,7,9.659513220186833,12.024672737844156,4.680210480216207,True
100,10,0.25,10,7.524774909008136,7.692084383237496,7.161320750337841,True
100,10,0.25,14,7.289627420799194,7.052547008436538,7.807740172630573,True
100,10,0.3333333333333333,3,4.933959366978025,7.324591387385659,-0.08952205125244417,False
100,10,0.3333333333333333,5,8.154375295289729,11.777397757813123,0.6656149463007299,True
100,10,0.3333333333333333,7,10.588326090729883,12.490607928269949,6.556259294677269,True
100,10,0.3333333333333333,10,8.131979718083947,8.594860632924295,7.1307706013701955,True
100,10,0.3333333333333333,14,10.690625503104645,10.828091604695445,10.391852665802602,True
100,10,0.4,3,5.557318071660311,9.79007232795077,-3.104323334748449,False
100,10,0.4,5,11.981748096948985,17.229852352280673,1.3515258646116246,True
100,10,0.4,7,13.081111816613799,15.916020952635513,7.145071579944928,True
100,10,0.4,10,11.670134693500778,13.655349857382571,7.466053190641109,True
100,10,0.4,14,13.43051014890273,14.835361968120807,10.430318987297849,True
100,15,0.2,3,14.394335861108164,16.806431524760068,9.312423118446933,True
100,15,0.2,5,13.44953670324205,16.572211368603895,6.93562069457383,True
100,15,0.2,7,12.32214032713923,15.118423420862825,6.465403244179746,True
100,15,0.2,10,9.947461425426972,10.854047770124664,7.998742875643683,True
100,15,0.2,14,9.639535077223327,10.299077860653782,8.216850186086777,True
100,15,0.25,3,12.838847541969777,14.171638748170734,9.989990037792772,True
100,15,0.25,5,13.049024442509749,14.922327208253217,9.07447923393272,True
100,15,0.25,7,13.096416874734373,15.676818626577017,7.674451178428532,True
100,15,0.25,10,10.891398976693178,12.58029903938005,7.300599878802094,True
100,15,0.25,14,10.525615395728604,11.388776597172768,8.668966144779677,True
100,15,0.3333333333333333,3,13.93761317021045,18.135837830742197,5.304092436666252,True
100,15,0.3333333333333333,5,15.645726796818927,18.522242946434897,9.620742201931431,True
100,15,0.3333333333333333,7,15.599679320351756,17.645362694371336,11.266997092630104,True
100,15,0.3333333333333333,10,13.89709454598611,14.658549068950233,12.256312296388927,True
100,15,0.3333333333333333,14,12.750781384773457,12.567864733288658,13.150151518551967,True
100,15,0.4,3,11.523316351070068,14.786426487767335,4.73456940025172,True
100,15,0.4,5,15.997664829040747,20.901277601080672,5.996196644954632,True
100,15,0.4,7,17.08479443440183,20.208703301506258,10.559834516414845,True
100,15,0.4,10,15.804641541614007,18.762921212713167,9.614817246072116,True
100,15,0.4,14,13.687544689263675,15.561462962129102,9.711150571128858,True
100,20,0.2,3,11.349835230163908,15.537926063877737,2.7471730099892344,True
100,20,0.2,5,13.36786740385767,17.69220865104506,4.49251910601749,True
100,20,0.2,7,11.88424466697644,15.724977912930393,3.955520310593408,True
100,20,0.2,10,9.236809480863762,11.353570366090327,4.765289367126213,True
100,20,0.2,14,8.380473541432965,9.805047794585686,5.341775055075715,True
100,20,0.25,3,15.946725802624396,20.206134407413057,7.185905448848895,True
100,20,0.25,5,18.597599595178792,24.543899402332837,6.612190095696935,True
100,20,0.25,7,16.18100355404295,20.88110472695661,6.568198853854268,True
100,20,0.25,10,14.31733112841096,17.530713331858074,7.6202203206245045,True
100,20,0.25,14,12.760285714267084,14.323819008301331,9.428941415702031,True
100,20,0.3333333333333333,3,17.64128876346347,24.00057551247039,4.898328647584416,True
100,20,0.3333333333333333,5,23.328951483063953,30.584459181479673,8.893009207064328,True
100,20,0.3333333333333333,7,24.084247358302523,31.65442637298257,9.070751236799147,True
100,20,0.3333333333333333,10,19.80927739322935,25.435470086713497,8.414832235232627,True
100,20,0.3333333333333333,14,14.811490552325113,17.929857277570306,8.302916980737285,True
100,20,0.4,3,16.681091546966798,24.55822488386663,1.207897613210851,True
100,20,0.4,5,21.90893946957346,31.694307193989136,3.0418116672992657,True
100,20,0.4,7,23.408619453977387,31.517895226957073,7.437216489346565,True
100,20,0.4,10,17.23405459256757,22.581840251427376,6.381534647575604,True
100,20,0.4,14,13.106858902871554,15.981627101550377,7.090574951910833,True
100,30,0.2,3,14.097794043446378,19.539430673958424,3.0892609359376433,True
100,30,0.2,5,14.380059915390975,19.722074063891505,3.5569885666133283,True
100,30,0.2,7,12.75644088932899,17.481688373233737,3.113422384276343,True
100,30,0.2,10,9.103849133700015,11.398500555268164,4.268968768250159,True
100,30,0.2,14,6.040319570837571,7.142143867462392,3.6799037615746766,True
100,30,0.25,3,12.511121671194726,20.51853474590084,-3.133796353601226,False
100,30,0.25,5,14.30393494228559,21.232983647349247,0.5540418930596314,True
100,30,0.25,7,12.214203559917225,17.860051314041627,0.8373656369293103,True
100,30,0.25,10,7.783664426918935,10.34206151667776,2.4155781005956056,True
100,30,0.25,14,4.121780871560943,5.128640170621579,1.9623649907283491,True
100,30,0.3333333333333333,3,16.677917987742585,32.120844237231495,-10.991886669170414,False
100,30,0.3333333333333333,5,20.130742720190998,33.421916993733866,-4.410772686186348,False
100,30,0.3333333333333333,7,18.144847588551926,28.146839098543452,-1.0179801206217642,False
100,30,0.3333333333333333,10,12.750394684845535,18.907576527491088,0.42257890091406125,True
100,30,0.3333333333333333,14,8.595615382356225,13.329894622180083,-1.0412086697159317,False
100,30,0.4,3,16.723498814947323,27.275836939228814,-3.3275038443375315,False
100,30,0.4,5,20.126764193991818,29.396381032185715,2.173411498384281,True
100,30,0.4,7,18.380998221119405,28.138510615116562,-0.37380695818055587,False
100,30,0.4,10,11.061745320167748,17.08776058132486,-1.009762188167307,False
100,30,0.4,14,6.353753537450602,11.21031437867368,-3.501189097590951,False
