offset,period,open_time,pts,mv,err
3.0,before 08 Mar,2026-01-02 18:51:10,38.25,26.130000000004657,12.119999999995343
3.0,before 08 Mar,2026-01-06 19:33:13,4.75,12.080000000001746,7.330000000001746
3.0,before 08 Mar,2026-01-16 19:45:05,7.0,-12.169999999998254,19.169999999998254
3.0,before 08 Mar,2026-01-19 18:54:21,48.0,41.56000000000495,6.439999999995052
3.0,before 08 Mar,2026-01-21 18:52:45,13.75,-1.110000000000582,14.860000000000582
3.0,before 08 Mar,2026-01-26 19:19:54,5.0,-11.610000000000582,16.610000000000582
3.0,before 08 Mar,2026-02-04 17:54:41,-7.5,12.440000000002328,19.94000000000233
3.0,before 08 Mar,2026-02-11 19:14:14,14.0,-3.569999999999709,17.56999999999971
3.0,before 08 Mar,2026-02-17 22:58:50,7.25,1.9199999999982538,5.330000000001746
3.0,before 08 Mar,2026-02-17 22:59:11,4.5,5.879999999997381,1.3799999999973807
3.0,before 08 Mar,2026-02-20 19:01:48,1.25,13.85000000000582,12.60000000000582
3.0,before 08 Mar,2026-02-20 19:02:15,19.5,-4.240000000005239,23.74000000000524
3.0,before 08 Mar,2026-02-24 17:32:10,7.0,-6.389999999999418,13.389999999999418
3.0,before 08 Mar,2026-02-25 22:51:18,3.0,0.9700000000011642,2.029999999998836
3.0,before 08 Mar,2026-02-27 23:15:09,3.5,11.579999999998108,8.079999999998108
3.0,before 08 Mar,2026-03-02 23:02:40,5.25,1.8000000000029104,3.4499999999970896
3.0,before 08 Mar,2026-03-06 15:54:33,15.5,-0.5799999999944703,16.07999999999447
3.0,08-29 Mar,2026-03-16 21:04:28,16.25,18.68999999999869,2.4399999999986903
3.0,after 29 Mar,2026-04-02 20:10:35,14.5,-2.569999999999709,17.06999999999971
3.0,after 29 Mar,2026-04-02 20:11:16,6.25,-2.2399999999979627,8.489999999997963
3.0,after 29 Mar,2026-04-06 20:38:36,12.5,-2.6599999999998545,15.159999999999854
3.0,after 29 Mar,2026-04-06 20:44:39,7.0,2.0900000000037835,4.9099999999962165
3.0,after 29 Mar,2026-04-28 21:16:15,6.25,-0.049999999999272404,6.299999999999272
3.0,after 29 Mar,2026-05-05 20:03:41,24.5,-4.680000000000291,29.18000000000029
3.0,after 29 Mar,2026-05-07 20:07:11,1.0,-3.180000000000291,4.180000000000291
3.0,after 29 Mar,2026-05-07 20:13:06,4.5,-10.769999999996799,15.269999999996799
3.0,after 29 Mar,2026-06-05 20:02:16,8.0,-8.849999999998545,16.849999999998545
3.0,after 29 Mar,2026-06-05 20:04:00,8.25,-9.87999999999738,18.12999999999738
3.0,after 29 Mar,2026-06-05 20:04:39,14.5,21.479999999995925,6.9799999999959255
3.0,after 29 Mar,2026-07-01 20:39:33,6.5,-6.629999999997381,13.12999999999738
3.0,after 29 Mar,2026-07-01 20:40:20,15.25,-3.0600000000013097,18.31000000000131
3.0,after 29 Mar,2026-07-10 14:11:46,4.25,-5.020000000000437,9.270000000000437
3.0,after 29 Mar,2026-07-10 21:18:29,7.0,6.229999999999563,0.7700000000004366
3.0,after 29 Mar,2026-08-07 21:59:59,8.75,30.4900000000016,21.7400000000016
3.0,after 29 Mar,2026-08-07 22:03:15,7.0,-3.4899999999979627,10.489999999997963
3.0,after 29 Mar,2026-08-11 03:30:21,18.75,2.5100000000020373,16.239999999997963
3.0,after 29 Mar,2026-09-14 23:30:13,5.25,-2.0,7.25
3.0,after 29 Mar,2026-09-14 23:38:07,2.5,-2.0,4.5
3.0,after 29 Mar,2026-09-14 23:46:11,8.75,-4.989999999997963,13.739999999997963
3.0,after 29 Mar,2026-09-14 23:49:02,6.75,-6.25,13.0
3.5,before 08 Mar,2026-01-02 18:51:10,38.25,63.62999999999738,25.37999999999738
3.5,before 08 Mar,2026-01-06 19:33:13,4.75,2.220000000001164,2.529999999998836
3.5,before 08 Mar,2026-01-16 19:45:05,7.0,1.3300000000017462,5.669999999998254
3.5,before 08 Mar,2026-01-19 18:54:21,48.0,23.69999999999709,24.30000000000291
3.5,before 08 Mar,2026-01-21 18:52:45,13.75,11.459999999999127,2.290000000000873
3.5,before 08 Mar,2026-01-26 19:19:54,5.0,4.739999999997963,0.26000000000203727
3.5,before 08 Mar,2026-02-04 17:54:41,-7.5,1.1699999999982538,8.669999999998254
3.5,before 08 Mar,2026-02-11 19:14:14,14.0,8.230000000003201,5.769999999996799
3.5,before 08 Mar,2026-02-17 22:58:50,7.25,2.650000000001455,4.599999999998545
3.5,before 08 Mar,2026-02-17 22:59:11,4.5,2.110000000000582,2.389999999999418
3.5,before 08 Mar,2026-02-20 19:01:48,1.25,4.620000000002619,3.3700000000026193
3.5,before 08 Mar,2026-02-20 19:02:15,19.5,-6.209999999999127,25.709999999999127
3.5,before 08 Mar,2026-02-24 17:32:10,7.0,0.3000000000029104,6.69999999999709
3.5,before 08 Mar,2026-02-25 22:51:18,3.0,2.139999999999418,0.8600000000005821
3.5,before 08 Mar,2026-02-27 23:15:09,3.5,3.569999999999709,0.06999999999970896
3.5,before 08 Mar,2026-03-02 23:02:40,5.25,8.139999999999418,2.889999999999418
3.5,before 08 Mar,2026-03-04 01:02:10,8.0,-2.360000000000582,10.360000000000582
3.5,before 08 Mar,2026-03-06 15:54:33,15.5,-1.0199999999967986,16.5199999999968
3.5,08-29 Mar,2026-03-16 21:04:28,16.25,-11.790000000000873,28.040000000000873
3.5,after 29 Mar,2026-04-02 20:10:35,14.5,-1.4599999999991269,15.959999999999127
3.5,after 29 Mar,2026-04-02 20:11:16,6.25,9.130000000001019,2.8800000000010186
3.5,after 29 Mar,2026-04-06 20:38:36,12.5,-10.510000000002037,23.010000000002037
3.5,after 29 Mar,2026-04-06 20:44:39,7.0,-1.0099999999947613,8.009999999994761
3.5,after 29 Mar,2026-04-28 21:16:15,6.25,0.5999999999985448,5.650000000001455
3.5,after 29 Mar,2026-05-05 20:03:41,24.5,10.200000000000728,14.299999999999272
3.5,after 29 Mar,2026-05-07 20:07:11,1.0,-7.020000000000437,8.020000000000437
3.5,after 29 Mar,2026-05-07 20:13:06,4.5,12.480000000003201,7.980000000003201
3.5,after 29 Mar,2026-06-05 20:02:16,8.0,-21.479999999999563,29.479999999999563
3.5,after 29 Mar,2026-06-05 20:04:00,8.25,-3.9399999999986903,12.18999999999869
3.5,after 29 Mar,2026-06-05 20:04:39,14.5,-13.580000000001746,28.080000000001746
3.5,after 29 Mar,2026-07-01 20:39:33,6.5,8.649999999997817,2.149999999997817
3.5,after 29 Mar,2026-07-01 20:40:20,15.25,-8.660000000003492,23.910000000003492
3.5,after 29 Mar,2026-07-10 14:11:46,4.25,6.270000000000437,2.0200000000004366
3.5,after 29 Mar,2026-07-10 21:18:29,7.0,2.6300000000010186,4.369999999998981
3.5,after 29 Mar,2026-07-24 23:57:02,6.25,2.0,4.25
3.5,after 29 Mar,2026-08-07 21:59:59,8.75,2.4899999999979627,6.260000000002037
3.5,after 29 Mar,2026-08-07 22:03:15,7.0,7.989999999997963,0.9899999999979627
3.5,after 29 Mar,2026-08-11 03:30:21,18.75,17.510000000002037,1.2399999999979627
3.5,after 29 Mar,2026-09-14 23:30:13,5.25,-2.25,7.5
3.5,after 29 Mar,2026-09-14 23:38:07,2.5,0.25,2.25
3.5,after 29 Mar,2026-09-14 23:46:11,8.75,-2.4899999999979627,11.239999999997963
3.5,after 29 Mar,2026-09-14 23:49:02,6.75,-22.0,28.75
3.5,after 29 Mar,2026-09-15 00:00:16,8.75,3.5,5.25
3.5,after 29 Mar,2026-09-14 23:14:37,-31.75,-43.25,11.5
3.5,after 29 Mar,2026-09-15 00:02:30,17.25,-4.25,21.5
4.0,before 08 Mar,2026-01-02 18:51:10,38.25,50.25,12.0
4.0,before 08 Mar,2026-01-06 19:33:13,4.75,9.110000000000582,4.360000000000582
4.0,before 08 Mar,2026-01-16 19:45:05,7.0,3.0600000000049477,3.9399999999950523
4.0,before 08 Mar,2026-01-19 18:54:21,48.0,52.220000000001164,4.220000000001164
4.0,before 08 Mar,2026-01-21 18:52:45,13.75,13.37999999999738,0.37000000000261934
4.0,before 08 Mar,2026-01-26 19:19:54,5.0,5.029999999998836,0.029999999998835847
4.0,before 08 Mar,2026-02-04 17:54:41,-7.5,-2.2700000000040745,5.2299999999959255
4.0,before 08 Mar,2026-02-11 19:14:14,14.0,19.409999999996217,5.4099999999962165
4.0,before 08 Mar,2026-02-17 22:58:50,7.25,12.349999999998545,5.099999999998545
4.0,before 08 Mar,2026-02-17 22:59:11,4.5,11.400000000001455,6.900000000001455
4.0,before 08 Mar,2026-02-20 19:01:48,1.25,6.629999999997381,5.379999999997381
4.0,before 08 Mar,2026-02-20 19:02:15,19.5,13.819999999999709,5.680000000000291
4.0,before 08 Mar,2026-02-24 17:32:10,7.0,7.280000000002474,0.2800000000024738
4.0,before 08 Mar,2026-02-25 22:51:18,3.0,3.4100000000034925,0.41000000000349246
4.0,before 08 Mar,2026-02-27 23:15:09,3.5,7.229999999999563,3.7299999999995634
4.0,before 08 Mar,2026-03-02 23:02:40,5.25,11.099999999998545,5.849999999998545
4.0,before 08 Mar,2026-03-04 01:02:10,8.0,6.809999999997672,1.1900000000023283
4.0,before 08 Mar,2026-03-06 15:54:33,15.5,15.339999999996508,0.16000000000349246
4.0,08-29 Mar,2026-03-16 21:04:28,16.25,21.330000000001746,5.080000000001746
4.0,after 29 Mar,2026-04-01 00:58:14,9.0,1.0099999999983993,7.990000000001601
4.0,after 29 Mar,2026-04-02 20:10:35,14.5,-0.7000000000007276,15.200000000000728
4.0,after 29 Mar,2026-04-02 20:11:16,6.25,13.669999999998254,7.419999999998254
4.0,after 29 Mar,2026-04-06 20:38:36,12.5,-10.769999999996799,23.2699999999968
4.0,after 29 Mar,2026-04-06 20:44:39,7.0,0.3500000000021828,6.649999999997817
4.0,after 29 Mar,2026-04-28 21:16:15,6.25,-11.220000000001164,17.470000000001164
4.0,after 29 Mar,2026-05-05 20:03:41,24.5,5.900000000001455,18.599999999998545
4.0,after 29 Mar,2026-05-07 20:07:11,1.0,8.209999999999127,7.209999999999127
4.0,after 29 Mar,2026-05-07 20:13:06,4.5,7.430000000000291,2.930000000000291
4.0,after 29 Mar,2026-06-05 20:02:16,8.0,1.860000000000582,6.139999999999418
4.0,after 29 Mar,2026-06-05 20:04:00,8.25,-0.06000000000130967,8.31000000000131
4.0,after 29 Mar,2026-06-05 20:04:39,14.5,22.479999999999563,7.979999999999563
4.0,after 29 Mar,2026-07-01 20:39:33,6.5,8.2599999999984,1.7599999999983993
4.0,after 29 Mar,2026-07-01 20:40:20,15.25,-1.4500000000007276,16.700000000000728
4.0,after 29 Mar,2026-07-10 14:11:46,4.25,-0.9200000000018917,5.170000000001892
4.0,after 29 Mar,2026-07-10 21:18:29,7.0,-3.4799999999995634,10.479999999999563
4.0,after 29 Mar,2026-07-24 23:57:02,6.25,-10.75,17.0
4.0,after 29 Mar,2026-08-07 21:59:59,8.75,6.75,2.0
4.0,after 29 Mar,2026-08-07 22:03:15,7.0,0.5,6.5
4.0,after 29 Mar,2026-08-11 03:30:21,18.75,1.25,17.5
4.0,after 29 Mar,2026-09-14 23:30:13,5.25,-3.25,8.5
4.0,after 29 Mar,2026-09-14 23:38:07,2.5,-0.6299999999973807,3.1299999999973807
4.0,after 29 Mar,2026-09-14 23:46:11,8.75,5.75,3.0
4.0,after 29 Mar,2026-09-14 23:49:02,6.75,53.5,46.75
4.0,after 29 Mar,2026-09-15 00:00:16,8.75,-1.25,10.0
4.0,after 29 Mar,2026-09-14 23:14:37,-31.75,-79.5,47.75
4.0,after 29 Mar,2026-09-15 00:02:30,17.25,-1.0,18.25
4.5,before 08 Mar,2026-01-02 18:51:10,38.25,-5.139999999999418,43.38999999999942
4.5,before 08 Mar,2026-01-06 19:33:13,4.75,-3.6599999999962165,8.409999999996217
4.5,before 08 Mar,2026-01-16 19:45:05,7.0,-4.3399999999965075,11.339999999996508
4.5,before 08 Mar,2026-01-19 18:54:21,48.0,-34.31999999999971,82.31999999999971
4.5,before 08 Mar,2026-01-21 18:52:45,13.75,-1.8100000000013097,15.56000000000131
4.5,before 08 Mar,2026-01-26 19:19:54,5.0,2.1999999999970896,2.8000000000029104
4.5,before 08 Mar,2026-02-04 17:54:41,-7.5,1.9199999999982538,9.419999999998254
4.5,before 08 Mar,2026-02-11 19:14:14,14.0,5.0200000000040745,8.979999999995925
4.5,before 08 Mar,2026-02-17 22:58:50,7.25,-2.7000000000043656,9.950000000004366
4.5,before 08 Mar,2026-02-17 22:59:11,4.5,0.5300000000061118,3.969999999993888
4.5,before 08 Mar,2026-02-20 19:01:48,1.25,10.610000000000582,9.360000000000582
4.5,before 08 Mar,2026-02-20 19:02:15,19.5,10.12999999999738,9.37000000000262
4.5,before 08 Mar,2026-02-24 17:32:10,7.0,1.4700000000011642,5.529999999998836
4.5,before 08 Mar,2026-02-25 22:51:18,3.0,-0.819999999999709,3.819999999999709
4.5,before 08 Mar,2026-02-27 23:15:09,3.5,7.220000000001164,3.720000000001164
4.5,before 08 Mar,2026-03-02 23:02:40,5.25,7.8399999999965075,2.5899999999965075
4.5,before 08 Mar,2026-03-04 01:02:10,8.0,10.319999999999709,2.319999999999709
4.5,before 08 Mar,2026-03-06 15:54:33,15.5,5.120000000002619,10.37999999999738
4.5,08-29 Mar,2026-03-16 21:04:28,16.25,46.0,29.75
4.5,after 29 Mar,2026-04-01 00:58:14,9.0,9.619999999998981,0.6199999999989814
4.5,after 29 Mar,2026-04-02 20:10:35,14.5,5.529999999998836,8.970000000001164
4.5,after 29 Mar,2026-04-02 20:11:16,6.25,-9.0099999999984,15.2599999999984
4.5,after 29 Mar,2026-04-06 20:38:36,12.5,-0.5800000000017462,13.080000000001746
4.5,after 29 Mar,2026-04-06 20:44:39,7.0,-3.4200000000018917,10.420000000001892
4.5,after 29 Mar,2026-04-28 21:16:15,6.25,-1.4700000000011642,7.720000000001164
4.5,after 29 Mar,2026-05-05 20:03:41,24.5,20.660000000003492,3.8399999999965075
4.5,after 29 Mar,2026-05-07 20:07:11,1.0,-11.540000000000873,12.540000000000873
4.5,after 29 Mar,2026-05-07 20:13:06,4.5,7.209999999999127,2.709999999999127
4.5,after 29 Mar,2026-06-05 20:02:16,8.0,-18.979999999999563,26.979999999999563
4.5,after 29 Mar,2026-06-05 20:04:00,8.25,0.9700000000011642,7.279999999998836
4.5,after 29 Mar,2026-06-05 20:04:39,14.5,-7.68999999999869,22.18999999999869
4.5,after 29 Mar,2026-07-01 20:39:33,6.5,-1.7800000000024738,8.280000000002474
4.5,after 29 Mar,2026-07-01 20:40:20,15.25,-15.019999999996799,30.2699999999968
4.5,after 29 Mar,2026-07-10 14:11:46,4.25,-8.75,13.0
4.5,after 29 Mar,2026-07-10 21:18:29,7.0,1.889999999999418,5.110000000000582
4.5,after 29 Mar,2026-07-24 23:57:02,6.25,-9.760000000002037,16.010000000002037
4.5,after 29 Mar,2026-08-07 21:59:59,8.75,-3.5100000000020373,12.260000000002037
4.5,after 29 Mar,2026-08-07 22:03:15,7.0,-2.2600000000020373,9.260000000002037
4.5,after 29 Mar,2026-08-11 03:30:21,18.75,3.7399999999979627,15.010000000002037
4.5,after 29 Mar,2026-09-14 23:30:13,5.25,-8.5,13.75
4.5,after 29 Mar,2026-09-14 23:38:07,2.5,2.75,0.25
4.5,after 29 Mar,2026-09-14 23:46:11,8.75,-1.75,10.5
4.5,after 29 Mar,2026-09-14 23:49:02,6.75,-0.75,7.5
4.5,after 29 Mar,2026-09-15 00:00:16,8.75,2.5,6.25
4.5,after 29 Mar,2026-09-14 23:14:37,-31.75,-44.75,13.0
4.5,after 29 Mar,2026-09-15 00:02:30,17.25,13.75,3.5
5.0,before 08 Mar,2026-01-02 18:51:10,38.25,2.900000000001455,35.349999999998545
5.0,before 08 Mar,2026-01-06 19:33:13,4.75,3.0899999999965075,1.6600000000034925
5.0,before 08 Mar,2026-01-16 19:45:05,7.0,5.599999999998545,1.4000000000014552
5.0,before 08 Mar,2026-01-19 18:54:21,48.0,-16.270000000004075,64.27000000000407
5.0,before 08 Mar,2026-01-21 18:52:45,13.75,6.220000000001164,7.529999999998836
5.0,before 08 Mar,2026-01-26 19:19:54,5.0,-6.019999999996799,11.019999999996799
5.0,before 08 Mar,2026-02-04 17:54:41,-7.5,-1.1000000000058208,6.399999999994179
5.0,before 08 Mar,2026-02-11 19:14:14,14.0,-1.5499999999992724,15.549999999999272
5.0,before 08 Mar,2026-02-17 22:58:50,7.25,11.490000000005239,4.240000000005239
5.0,before 08 Mar,2026-02-17 22:59:11,4.5,-10.0,14.5
5.0,before 08 Mar,2026-02-20 19:01:48,1.25,-0.47999999999592546,1.7299999999959255
5.0,before 08 Mar,2026-02-20 19:02:15,19.5,-1.860000000000582,21.360000000000582
5.0,before 08 Mar,2026-02-24 17:32:10,7.0,-5.049999999995634,12.049999999995634
5.0,before 08 Mar,2026-02-25 22:51:18,3.0,5.639999999999418,2.639999999999418
5.0,before 08 Mar,2026-02-27 23:15:09,3.5,-5.450000000004366,8.950000000004366
5.0,before 08 Mar,2026-03-02 23:02:40,5.25,-11.38999999999578,16.63999999999578
5.0,before 08 Mar,2026-03-04 01:02:10,8.0,4.150000000001455,3.849999999998545
5.0,before 08 Mar,2026-03-06 15:54:33,15.5,-2.650000000001455,18.150000000001455
5.0,08-29 Mar,2026-03-16 21:04:28,16.25,-1.319999999999709,17.56999999999971
5.0,after 29 Mar,2026-04-01 00:58:14,9.0,12.190000000002328,3.1900000000023283
5.0,after 29 Mar,2026-04-02 20:10:35,14.5,18.540000000000873,4.040000000000873
5.0,after 29 Mar,2026-04-02 20:11:16,6.25,9.309999999997672,3.0599999999976717
5.0,after 29 Mar,2026-04-06 20:38:36,12.5,16.290000000000873,3.790000000000873
5.0,after 29 Mar,2026-04-06 20:44:39,7.0,7.239999999997963,0.23999999999796273
5.0,after 29 Mar,2026-04-28 21:16:15,6.25,10.389999999999418,4.139999999999418
5.0,after 29 Mar,2026-05-05 20:03:41,24.5,28.2599999999984,3.7599999999983993
5.0,after 29 Mar,2026-05-07 20:07:11,1.0,2.1899999999986903,1.1899999999986903
5.0,after 29 Mar,2026-05-07 20:13:06,4.5,1.6200000000026193,2.8799999999973807
5.0,after 29 Mar,2026-06-05 20:02:16,8.0,11.430000000000291,3.430000000000291
5.0,after 29 Mar,2026-06-05 20:04:00,8.25,13.840000000003783,5.5900000000037835
5.0,after 29 Mar,2026-06-05 20:04:39,14.5,16.360000000000582,1.860000000000582
5.0,after 29 Mar,2026-07-01 20:39:33,6.5,11.62999999999738,5.129999999997381
5.0,after 29 Mar,2026-07-01 20:40:20,15.25,18.279999999998836,3.029999999998836
5.0,after 29 Mar,2026-07-10 14:11:46,4.25,4.290000000000873,0.040000000000873115
5.0,after 29 Mar,2026-07-10 21:18:29,7.0,12.190000000002328,5.190000000002328
5.0,after 29 Mar,2026-07-24 23:57:02,6.25,7.25,1.0
5.0,after 29 Mar,2026-08-07 21:59:59,8.75,13.239999999997963,4.489999999997963
5.0,after 29 Mar,2026-08-07 22:03:15,7.0,10.5,3.5
5.0,after 29 Mar,2026-08-11 03:30:21,18.75,18.489999999997963,0.26000000000203727
5.0,after 29 Mar,2026-09-14 23:30:13,5.25,9.62000000000262,4.370000000002619
5.0,after 29 Mar,2026-09-14 23:38:07,2.5,8.0,5.5
5.0,after 29 Mar,2026-09-14 23:46:11,8.75,9.25,0.5
5.0,after 29 Mar,2026-09-14 23:49:02,6.75,8.0,1.25
5.0,after 29 Mar,2026-09-15 00:00:16,8.75,8.0,0.75
5.0,after 29 Mar,2026-09-14 23:14:37,-31.75,-33.0,1.25
5.0,after 29 Mar,2026-09-15 00:02:30,17.25,21.25,4.0
5.5,before 08 Mar,2026-01-02 18:51:10,38.25,9.25,29.0
5.5,before 08 Mar,2026-01-06 19:33:13,4.75,1.7300000000032014,3.0199999999967986
5.5,before 08 Mar,2026-01-16 19:45:05,7.0,1.8499999999985448,5.150000000001455
5.5,before 08 Mar,2026-01-19 18:54:21,48.0,26.029999999998836,21.970000000001164
5.5,before 08 Mar,2026-01-21 18:52:45,13.75,-5.779999999998836,19.529999999998836
5.5,before 08 Mar,2026-01-26 19:19:54,5.0,6.819999999999709,1.819999999999709
5.5,before 08 Mar,2026-02-04 17:54:41,-7.5,-0.5600000000049477,6.939999999995052
5.5,before 08 Mar,2026-02-11 19:14:14,14.0,-1.8099999999976717,15.809999999997672
5.5,before 08 Mar,2026-02-17 22:58:50,7.25,-5.680000000000291,12.930000000000291
5.5,before 08 Mar,2026-02-17 22:59:11,4.5,-15.349999999998545,19.849999999998545
5.5,before 08 Mar,2026-02-20 19:01:48,1.25,-10.969999999997526,12.219999999997526
5.5,before 08 Mar,2026-02-20 19:02:15,19.5,-13.659999999996217,33.15999999999622
5.5,before 08 Mar,2026-02-24 17:32:10,7.0,-5.510000000002037,12.510000000002037
5.5,before 08 Mar,2026-02-25 22:51:18,3.0,-11.81000000000131,14.81000000000131
5.5,before 08 Mar,2026-02-27 23:15:09,3.5,-4.57999999999447,8.07999999999447
5.5,before 08 Mar,2026-03-02 23:02:40,5.25,-6.119999999998981,11.369999999998981
5.5,before 08 Mar,2026-03-04 01:02:10,8.0,8.919999999998254,0.9199999999982538
5.5,before 08 Mar,2026-03-06 15:54:33,15.5,-3.470000000001164,18.970000000001164
5.5,08-29 Mar,2026-03-16 21:04:28,16.25,-13.319999999999709,29.56999999999971
5.5,after 29 Mar,2026-04-01 00:58:14,9.0,5.740000000001601,3.2599999999983993
5.5,after 29 Mar,2026-04-02 20:10:35,14.5,-13.209999999999127,27.709999999999127
5.5,after 29 Mar,2026-04-02 20:11:16,6.25,9.110000000000582,2.860000000000582
5.5,after 29 Mar,2026-04-06 20:38:36,12.5,-0.8099999999976717,13.309999999997672
5.5,after 29 Mar,2026-04-06 20:44:39,7.0,-0.05000000000291038,7.05000000000291
5.5,after 29 Mar,2026-04-28 21:16:15,6.25,4.279999999998836,1.9700000000011642
5.5,after 29 Mar,2026-05-05 20:03:41,24.5,-0.27999999999883585,24.779999999998836
5.5,after 29 Mar,2026-05-07 20:07:11,1.0,-9.279999999998836,10.279999999998836
5.5,after 29 Mar,2026-05-07 20:13:06,4.5,0.9700000000011642,3.529999999998836
5.5,after 29 Mar,2026-06-05 20:02:16,8.0,19.659999999999854,11.659999999999854
5.5,after 29 Mar,2026-06-05 20:04:00,8.25,3.8400000000001455,4.4099999999998545
5.5,after 29 Mar,2026-06-05 20:04:39,14.5,-29.110000000000582,43.61000000000058
5.5,after 29 Mar,2026-07-01 20:39:33,6.5,-20.43000000000029,26.93000000000029
5.5,after 29 Mar,2026-07-01 20:40:20,15.25,-7.919999999998254,23.169999999998254
5.5,after 29 Mar,2026-07-10 14:11:46,4.25,4.219999999997526,0.030000000002473826
5.5,after 29 Mar,2026-07-10 21:18:29,7.0,11.979999999999563,4.979999999999563
5.5,after 29 Mar,2026-07-24 23:57:02,6.25,5.3400000000037835,0.9099999999962165
5.5,after 29 Mar,2026-08-07 21:59:59,8.75,-32.5,41.25
5.5,after 29 Mar,2026-08-07 22:03:15,7.0,-20.75,27.75
5.5,after 29 Mar,2026-08-11 03:30:21,18.75,9.349999999998545,9.400000000001455
5.5,after 29 Mar,2026-09-14 23:30:13,5.25,-10.0,15.25
5.5,after 29 Mar,2026-09-14 23:38:07,2.5,-2.75,5.25
5.5,after 29 Mar,2026-09-14 23:46:11,8.75,5.370000000002619,3.3799999999973807
5.5,after 29 Mar,2026-09-14 23:49:02,6.75,17.0,10.25
5.5,after 29 Mar,2026-09-15 00:00:16,8.75,1.75,7.0
5.5,after 29 Mar,2026-09-14 23:14:37,-31.75,-18.25,13.5
5.5,after 29 Mar,2026-09-15 00:02:30,17.25,-16.0,33.25
6.0,before 08 Mar,2026-01-02 18:51:10,38.25,-1.1299999999973807,39.37999999999738
6.0,before 08 Mar,2026-01-06 19:33:13,4.75,-1.4100000000034925,6.1600000000034925
6.0,before 08 Mar,2026-01-16 19:45:05,7.0,-2.4199999999982538,9.419999999998254
6.0,before 08 Mar,2026-01-19 18:54:21,48.0,4.539999999997235,43.460000000002765
6.0,before 08 Mar,2026-01-21 18:52:45,13.75,0.3499999999985448,13.400000000001455
6.0,before 08 Mar,2026-01-26 19:19:54,5.0,1.8799999999973807,3.1200000000026193
6.0,before 08 Mar,2026-02-04 17:54:41,-7.5,0.9599999999991269,8.459999999999127
6.0,before 08 Mar,2026-02-11 19:14:14,14.0,1.0499999999956344,12.950000000004366
6.0,before 08 Mar,2026-02-17 22:58:50,7.25,0.5900000000037835,6.6599999999962165
6.0,before 08 Mar,2026-02-17 22:59:11,4.5,2.4100000000034925,2.0899999999965075
6.0,before 08 Mar,2026-02-20 19:01:48,1.25,-3.1899999999986903,4.43999999999869
6.0,before 08 Mar,2026-02-20 19:02:15,19.5,-3.5800000000017462,23.080000000001746
6.0,before 08 Mar,2026-02-24 17:32:10,7.0,-0.06999999999970896,7.069999999999709
6.0,before 08 Mar,2026-02-25 22:51:18,3.0,-5.490000000005239,8.490000000005239
6.0,before 08 Mar,2026-02-27 23:15:09,3.5,-6.029999999998836,9.529999999998836
6.0,before 08 Mar,2026-03-02 23:02:40,5.25,-0.41000000000349246,5.6600000000034925
6.0,before 08 Mar,2026-03-04 01:02:10,8.0,8.7400000000016,0.7400000000016007
6.0,before 08 Mar,2026-03-06 15:54:33,15.5,-3.3799999999973807,18.87999999999738
6.0,08-29 Mar,2026-03-16 21:04:28,16.25,38.54000000000087,22.290000000000873
6.0,after 29 Mar,2026-04-01 00:58:14,9.0,4.240000000001601,4.759999999998399
6.0,after 29 Mar,2026-04-02 20:10:35,14.5,5.460000000002765,9.039999999997235
6.0,after 29 Mar,2026-04-02 20:11:16,6.25,2.389999999999418,3.860000000000582
6.0,after 29 Mar,2026-04-06 20:38:36,12.5,-27.93000000000029,40.43000000000029
6.0,after 29 Mar,2026-04-06 20:44:39,7.0,22.38999999999578,15.38999999999578
6.0,after 29 Mar,2026-04-28 21:16:15,6.25,7.680000000003929,1.430000000003929
6.0,after 29 Mar,2026-05-05 20:03:41,24.5,-1.0499999999992724,25.549999999999272
6.0,after 29 Mar,2026-05-07 20:07:11,1.0,-5.760000000002037,6.760000000002037
6.0,after 29 Mar,2026-05-07 20:13:06,4.5,4.650000000001455,0.1500000000014552
6.0,after 29 Mar,2026-06-05 20:02:16,8.0,11.5099999999984,3.5099999999983993
6.0,after 29 Mar,2026-06-05 20:04:00,8.25,-10.019999999996799,18.2699999999968
6.0,after 29 Mar,2026-06-05 20:04:39,14.5,-10.340000000000146,24.840000000000146
6.0,after 29 Mar,2026-07-01 20:39:33,6.5,-4.599999999998545,11.099999999998545
6.0,after 29 Mar,2026-07-01 20:40:20,15.25,36.780000000002474,21.530000000002474
6.0,after 29 Mar,2026-07-10 14:11:46,4.25,-8.2599999999984,12.5099999999984
6.0,after 29 Mar,2026-07-10 21:18:29,7.0,2.709999999999127,4.290000000000873
6.0,after 29 Mar,2026-07-24 23:57:02,6.25,10.0,3.75
6.0,after 29 Mar,2026-08-07 21:59:59,8.75,-4.0,12.75
6.0,after 29 Mar,2026-08-07 22:03:15,7.0,3.7600000000020373,3.2399999999979627
6.0,after 29 Mar,2026-09-14 23:30:13,5.25,2.0,3.25
6.0,after 29 Mar,2026-09-14 23:38:07,2.5,-4.25,6.75
6.0,after 29 Mar,2026-09-14 23:46:11,8.75,-6.25,15.0
6.0,after 29 Mar,2026-09-14 23:49:02,6.75,-0.75,7.5
6.0,after 29 Mar,2026-09-15 00:00:16,8.75,1.25,7.5
6.0,after 29 Mar,2026-09-14 23:14:37,-31.75,26.0,57.75
6.0,after 29 Mar,2026-09-15 00:02:30,17.25,1.0,16.25
