coin,setup,side,L,m,p,ev,p_t,p_h,ev_h,n,n_h
BTCUSDT,random,long,10,1,0.0492,0.00021372000037533923,0.06454143089248697,0.026664472059912764,-0.010685287029029378,30000,12151
BTCUSDT,random,long,10,2,0.004233333333333334,0.002215558561337483,0.005994733598520926,0.001645955065426714,-0.010175270761856647,30000,12151
BTCUSDT,random,long,10,4,0.0,0.0016987687026166487,0.0,0.0,-0.010179532139734326,30000,12151
BTCUSDT,random,long,20,1,0.20686666666666667,-0.034709338757145214,0.23463499355706202,0.16607686610155542,-0.03746640431549286,30000,12151
BTCUSDT,random,long,20,2,0.046933333333333334,-0.022750554742043683,0.06140400022410219,0.025676899020656736,-0.03822233400166719,30000,12151
BTCUSDT,random,long,20,4,0.004233333333333334,-0.02058901654315637,0.005994733598520926,0.001645955065426714,-0.03992616256591852,30000,12151
BTCUSDT,random,long,40,1,0.38093333333333335,-0.12724168856511486,0.395260238668833,0.359888075055551,-0.1442520524559301,30000,12151
BTCUSDT,random,long,40,2,0.17436666666666667,-0.11545039978030569,0.1969297999887949,0.14122294461361204,-0.12892037117797117,30000,12151
BTCUSDT,random,long,40,4,0.03986666666666667,-0.09450823337826497,0.05215978486189703,0.02180890461690396,-0.12487153628673342,30000,12151
BTCUSDT,random,short,10,1,0.047966666666666664,-0.02921613224002506,0.051207350551851646,0.04320632046745124,-0.016055034950282154,30000,12151
BTCUSDT,random,short,10,2,0.005066666666666666,-0.032371412215040585,0.006947167908566306,0.0023043370915973994,-0.02436330370158013,30000,12151
BTCUSDT,random,short,10,4,0.0,-0.03412957627380697,0.0,0.0,-0.026057194671121664,30000,12151
BTCUSDT,random,short,20,1,0.20073333333333335,-0.05479172914762953,0.21446579640315985,0.1805612706773105,-0.050560999968234266,30000,12151
BTCUSDT,random,short,20,2,0.0464,-0.05965224786730605,0.048630175359964146,0.0431240227141799,-0.048025830804105385,30000,12151
BTCUSDT,random,short,20,4,0.004833333333333334,-0.0659354802259079,0.0065549890750182084,0.0023043370915973994,-0.06452147481542947,30000,12151
BTCUSDT,random,short,40,1,0.37366666666666665,-0.14354068586970048,0.3697125889405569,0.3794749403341289,-0.12443359306220314,30000,12151
BTCUSDT,random,short,40,2,0.16013333333333332,-0.1607079824507328,0.16353857358955684,0.15513126491646778,-0.12469414174687321,30000,12151
BTCUSDT,random,short,40,4,0.040466666666666665,-0.15864895575077154,0.04039441985545409,0.0405727923627685,-0.11431018788593517,30000,12151
BTCUSDT,oversold+vol,long,10,1,0.0504831394202327,-0.0012628687097323565,0.0665976535541753,0.028992176714219973,-0.021360564567699192,5071,2173
BTCUSDT,oversold+vol,long,10,2,0.005127193847367383,0.0007480442992395808,0.007936507936507936,0.0013805798435342844,-0.02274123260374228,5071,2173
BTCUSDT,oversold+vol,long,10,4,0.0,-0.0002951609867144489,0.0,0.0,-0.022677744091144647,5071,2173
BTCUSDT,oversold+vol,long,20,1,0.20587655294813645,-0.042642968798988545,0.23671497584541062,0.16474919466175794,-0.04993283140357696,5071,2173
BTCUSDT,oversold+vol,long,20,2,0.045158745809505026,-0.03319047115123852,0.05831608005521049,0.02761159687068569,-0.04692779969070027,5071,2173
BTCUSDT,oversold+vol,long,20,4,0.005127193847367383,-0.02989616308465226,0.007936507936507936,0.0013805798435342844,-0.05272196482807301,5071,2173
BTCUSDT,oversold+vol,long,40,1,0.372904752514297,-0.14147559168807344,0.3899240855762595,0.35020708697653014,-0.166399854423393,5071,2173
BTCUSDT,oversold+vol,long,40,2,0.17314139223032932,-0.12961530080484618,0.1984126984126984,0.1394385641969627,-0.1521332557138535,5071,2173
BTCUSDT,oversold+vol,long,40,4,0.03924275290869651,-0.10824451131860524,0.050724637681159424,0.02393005062126093,-0.1420453385579865,5071,2173
BTCUSDT,oversold+vol,short,10,1,0.038409573441420576,-0.05107723703019296,0.044107965766951945,0.03033131124591694,-0.03979930131557918,5181,2143
BTCUSDT,oversold+vol,short,10,2,0.003281219841729396,-0.05399479940173513,0.004279131007241606,0.0018665422305179655,-0.04403834530219464,5181,2143
BTCUSDT,oversold+vol,short,10,4,0.0,-0.055219886151904984,0.0,0.0,-0.04528646938760539,5181,2143
BTCUSDT,oversold+vol,short,20,1,0.17969503956765104,-0.08795130791182948,0.2024358130348914,0.14745683621091926,-0.09662421607978078,5181,2143
BTCUSDT,oversold+vol,short,20,2,0.03763752171395483,-0.09618262934933575,0.042791310072416065,0.03033131124591694,-0.09819496557347807,5181,2143
BTCUSDT,oversold+vol,short,20,4,0.0030882069098629606,-0.10241103874636914,0.003949967083607637,0.0018665422305179655,-0.10667305354670908,5181,2143
BTCUSDT,oversold+vol,short,40,1,0.35051148426944606,-0.18925014606335366,0.3469387755102041,0.35557629491367243,-0.1709782679400671,5181,2143
BTCUSDT,oversold+vol,short,40,2,0.14437367303609341,-0.20617435777845006,0.15602369980250164,0.12785814279048063,-0.18726574011163444,5181,2143
BTCUSDT,oversold+vol,short,40,4,0.03204014668982822,-0.21693538981139304,0.03489137590520079,0.027998133457769483,-0.19397931755512166,5181,2143
BTCUSDT,breakout+vol,long,10,1,0.051744381080174436,0.0074705699443520235,0.06667583172944734,0.02838709677419355,-0.009480920816771987,11924,4650
BTCUSDT,breakout+vol,long,10,2,0.004864139550486414,0.00938695586031102,0.006736321143799835,0.001935483870967742,-0.0094792925216991,11924,4650
BTCUSDT,breakout+vol,long,10,4,0.0,0.008929218934833782,0.0,0.0,-0.009516765224125034,11924,4650
BTCUSDT,breakout+vol,long,20,1,0.2110868835961087,-0.02739429698082496,0.23920813857574924,0.16709677419354838,-0.03142704267705765,11924,4650
BTCUSDT,breakout+vol,long,20,2,0.049731633679973165,-0.011384631674836498,0.06351388507011273,0.028172043010752688,-0.031180161598258316,11924,4650
BTCUSDT,breakout+vol,long,20,4,0.004864139550486414,-0.010052110602306263,0.006736321143799835,0.001935483870967742,-0.03326293385293422,11924,4650
BTCUSDT,breakout+vol,long,40,1,0.3865313653136531,-0.11294431434055197,0.39991751443497386,0.3655913978494624,-0.12501094690186954,11924,4650
BTCUSDT,breakout+vol,long,40,2,0.18097953706809794,-0.10191760907144709,0.20318944184767665,0.14623655913978495,-0.11111707180845987,11924,4650
BTCUSDT,breakout+vol,long,40,4,0.04344179805434418,-0.0728588017716657,0.05595270827605169,0.023870967741935485,-0.10718674133778505,11924,4650
BTCUSDT,breakout+vol,short,10,1,0.05378668218472026,-0.024455355078785712,0.056720949489373444,0.0493414175203847,-0.012818307010288077,12029,4783
BTCUSDT,breakout+vol,short,10,2,0.006733726826835149,-0.02687373823449768,0.009384487993375655,0.002717959439682208,-0.02255021292200876,12029,4783
BTCUSDT,breakout+vol,short,10,4,0.0,-0.029058500882451765,0.0,0.0,-0.024842326676453252,12029,4783
BTCUSDT,breakout+vol,short,20,1,0.20641782359298363,-0.050540939123117745,0.21970742478608887,0.18628475851975748,-0.04562795744097059,12029,4783
BTCUSDT,breakout+vol,short,20,2,0.05229029844542356,-0.05093076873129776,0.05423682031465636,0.0493414175203847,-0.0382372618281378,12029,4783
BTCUSDT,breakout+vol,short,20,4,0.00631806467703051,-0.056430199500951184,0.008694452111509798,0.002717959439682208,-0.057642279040992506,12029,4783
BTCUSDT,breakout+vol,short,40,1,0.37667304015296366,-0.14050248745375982,0.3701352470328457,0.38657746184403097,-0.11639741867635967,12029,4783
BTCUSDT,breakout+vol,short,40,2,0.16701305179150386,-0.15562847631542365,0.17112889870273254,0.1607777545473552,-0.12196584098349716,12029,4783
BTCUSDT,breakout+vol,short,40,4,0.0452240418987447,-0.15011804171944765,0.044300303615788024,0.046623458080702486,-0.10084557624318236,12029,4783
BTCUSDT,pullback,long,10,1,0.053447050461975835,0.010226086339678808,0.07111650485436893,0.028473413379073758,-0.009915047909296648,7035,2915
BTCUSDT,pullback,long,10,2,0.006254442075337598,0.012906956288933902,0.00849514563106796,0.0030874785591766723,-0.009116104601887498,7035,2915
BTCUSDT,pullback,long,10,4,0.0,0.012161260938534202,0.0,0.0,-0.00910343912129763,7035,2915
BTCUSDT,pullback,long,20,1,0.20952380952380953,-0.024253146380934343,0.24053398058252426,0.16569468267581475,-0.03486839453166446,7035,2915
BTCUSDT,pullback,long,20,2,0.051741293532338306,-0.005014625518594107,0.06820388349514563,0.028473413379073758,-0.031265040007155465,7035,2915
BTCUSDT,pullback,long,20,4,0.006254442075337598,-0.0021942928951893537,0.00849514563106796,0.0030874785591766723,-0.03305693508204799,7035,2915
BTCUSDT,pullback,long,40,1,0.3913290689410092,-0.1042354878776044,0.40606796116504856,0.3704974271012007,-0.11446053457663419,7035,2915
BTCUSDT,pullback,long,40,2,0.18109452736318407,-0.09380910172811907,0.20752427184466019,0.14373927958833618,-0.11020934568020135,7035,2915
BTCUSDT,pullback,long,40,4,0.04662402274342573,-0.05612518459522209,0.06092233009708738,0.026415094339622643,-0.09066647593491461,7035,2915
BTCUSDT,pullback,short,10,1,0.060371747211895914,-0.019314946510663122,0.06398809523809523,0.054957296695135535,-0.01617044222077524,6725,2693
BTCUSDT,pullback,short,10,2,0.007137546468401487,-0.02173014103639792,0.010168650793650794,0.0025993316004456,-0.025616182777764895,6725,2693
BTCUSDT,pullback,short,10,4,0.0,-0.023975386485947214,0.0,0.0,-0.02861158181504242,6725,2693
BTCUSDT,pullback,short,20,1,0.20639405204460967,-0.051684456679791047,0.21999007936507936,0.18603787597474936,-0.06251612038843113,6725,2693
BTCUSDT,pullback,short,20,2,0.05843866171003718,-0.04647941506901099,0.06076388888888889,0.054957296695135535,-0.053278326539758614,6725,2693
BTCUSDT,pullback,short,20,4,0.006988847583643123,-0.051430187968142804,0.00992063492063492,0.0025993316004456,-0.07216980765373782,6725,2693
BTCUSDT,pullback,short,40,1,0.38022304832713755,-0.1254903587156031,0.37003968253968256,0.39546973635350907,-0.10405865123417768,6725,2693
BTCUSDT,pullback,short,40,2,0.16758364312267657,-0.14459965514905337,0.17038690476190477,0.16338655774229485,-0.1164474863467414,6725,2693
BTCUSDT,pullback,short,40,4,0.05026022304832714,-0.1339702845125611,0.05084325396825397,0.049387300408466395,-0.10427209425773432,6725,2693
BTCUSDT,taker flow,long,10,1,0.04587372901395129,0.009125047308301548,0.059669911129919595,0.02840300107181136,-0.0035343539661953915,4229,1866
BTCUSDT,taker flow,long,10,2,0.005675100496571293,0.0136334086522798,0.006771053745239103,0.004287245444801715,0.00038015010328584786,4229,1866
BTCUSDT,taker flow,long,10,4,0.0,0.0125470792847302,0.0,0.0,0.00010169487469724459,4229,1866
BTCUSDT,taker flow,long,20,1,0.20524946795932844,-0.016093930288304192,0.24206517139229794,0.15862808145766344,-0.021962598087596374,4229,1866
BTCUSDT,taker flow,long,20,2,0.04421849136911799,-0.0037975969977499524,0.05670757511637749,0.02840300107181136,-0.021309922916913804,4229,1866
BTCUSDT,taker flow,long,20,4,0.005675100496571293,0.0021081335014143665,0.006771053745239103,0.004287245444801715,-0.01583132963944278,4229,1866
BTCUSDT,taker flow,long,40,1,0.38732560889099077,-0.10222799976946018,0.40033855268726193,0.3708467309753483,-0.11029660770613348,4229,1866
BTCUSDT,taker flow,long,40,2,0.1799479782454481,-0.07521893540056412,0.21159542953872196,0.13987138263665594,-0.10193390266063074,4229,1866
BTCUSDT,taker flow,long,40,4,0.04161740364152282,-0.04595093814493201,0.053322048243757934,0.02679528403001072,-0.09206244094179772,4229,1866
BTCUSDT,taker flow,short,10,1,0.054016620498614956,-0.020215047891620097,0.05514096185737977,0.05260416666666667,-0.01856916139900533,4332,1920
BTCUSDT,taker flow,short,10,2,0.006001846722068329,-0.02409828786912105,0.00912106135986733,0.0020833333333333333,-0.03163280659643675,4332,1920
BTCUSDT,taker flow,short,10,4,0.0,-0.02582130467060406,0.0,0.0,-0.0335762162883384,4332,1920
BTCUSDT,taker flow,short,20,1,0.20660203139427516,-0.04808969379112571,0.21766169154228857,0.19270833333333334,-0.047742868834177,4332,1920
BTCUSDT,taker flow,short,20,2,0.0530932594644506,-0.04478867061097369,0.053482587064676616,0.05260416666666667,-0.04927481126217026,4332,1920
BTCUSDT,taker flow,short,20,4,0.00554016620498615,-0.05358297690334135,0.008291873963515755,0.0020833333333333333,-0.07549794484713168,4332,1920
BTCUSDT,taker flow,short,40,1,0.37442289935364725,-0.13967719658019329,0.3714759535655058,0.378125,-0.13135711946732576,4332,1920
BTCUSDT,taker flow,short,40,2,0.17082179132040629,-0.15223874493853295,0.17288557213930347,0.16822916666666668,-0.11842556385447722,4332,1920
BTCUSDT,taker flow,short,40,4,0.04709141274238227,-0.13704522565685828,0.046019900497512436,0.0484375,-0.11317736782147914,4332,1920
DOGEUSDT,random,long,10,1,0.18003333333333332,-0.036562424934884596,0.17922788982624727,0.18122469217420048,-0.051282460773320326,30000,12101
DOGEUSDT,random,long,10,2,0.04593333333333333,-0.032479467043473376,0.040560925191351474,0.053879844640938764,-0.037668773254742605,30000,12101
DOGEUSDT,random,long,10,4,0.009833333333333333,-0.023978149643279933,0.00927426113190681,0.010660276010247088,-0.024805583564260325,30000,12101
DOGEUSDT,random,long,20,1,0.3408333333333333,-0.11483230004232314,0.34046594781831385,0.3413767457234939,-0.13790047538775796,30000,12101
DOGEUSDT,random,long,20,2,0.15643333333333334,-0.10287131855929299,0.15414268953572827,0.15982150235517725,-0.11964967058784193,30000,12101
DOGEUSDT,random,long,20,4,0.04083333333333333,-0.09286389277397589,0.03419185429353595,0.05065697049830593,-0.08754807224037942,30000,12101
DOGEUSDT,random,long,40,1,0.39916666666666667,-0.1829136410000688,0.39901670484384605,0.39938848029088503,-0.18627715338571282,30000,12101
DOGEUSDT,random,long,40,2,0.23253333333333334,-0.21120675808507894,0.22872786189172578,0.23816213536071398,-0.21042521369312617,30000,12101
DOGEUSDT,random,long,40,4,0.10393333333333334,-0.2120358285013868,0.09961450360355327,0.11032146103627799,-0.19849936364133758,30000,12101
DOGEUSDT,random,short,10,1,0.1694,-0.003733578182446684,0.16542823621431366,0.17527477068010908,0.014379826002384855,30000,12101
DOGEUSDT,random,short,10,2,0.031933333333333334,-0.005849048831243708,0.03346555673501313,0.02966696967192794,0.018515972055730634,30000,12101
DOGEUSDT,random,short,10,4,0.0027,-0.014068111335993283,0.0017878093748254092,0.004049252127923312,0.012102792928008865,30000,12101
DOGEUSDT,random,short,20,1,0.39363333333333334,-0.00979617939259092,0.3813620872674451,0.4117841500702421,0.01286225450286671,30000,12101
DOGEUSDT,random,short,20,2,0.14773333333333333,-0.016180396901368188,0.14118107156824403,0.1574250061978349,0.028413946630494458,30000,12101
DOGEUSDT,random,short,20,4,0.0276,-0.015010427398447601,0.027990390524610314,0.02702256011899843,0.03782137880304659,30000,12101
DOGEUSDT,random,short,40,1,0.4394,-0.10462431721459942,0.4332644281803453,0.44847533261713907,-0.09153692289674564,30000,12101
DOGEUSDT,random,short,40,2,0.2719666666666667,-0.09775440357210397,0.2658807754623163,0.2809685149987604,-0.07887120684726812,30000,12101
DOGEUSDT,random,short,40,4,0.10386666666666666,-0.102354855395004,0.09872059891614057,0.11147839021568465,-0.04987297690435022,30000,12101
DOGEUSDT,oversold+vol,long,10,1,0.1845681718544498,-0.02940609945596051,0.19427244582043343,0.1718907987866532,-0.0668787942919673,4562,1978
DOGEUSDT,oversold+vol,long,10,2,0.04274441034633932,-0.02338060399078834,0.04721362229102167,0.036905965621840245,-0.06249775542906477,4562,1978
DOGEUSDT,oversold+vol,long,10,4,0.007452871547566856,-0.020355115910649202,0.00696594427244582,0.008088978766430738,-0.05100814536716858,4562,1978
DOGEUSDT,oversold+vol,long,20,1,0.341297676457694,-0.1263661045072234,0.3510061919504644,0.32861476238624876,-0.16395875562160245,4562,1978
DOGEUSDT,oversold+vol,long,20,2,0.15103024989039895,-0.12024533889586331,0.1563467492260062,0.14408493427704752,-0.16106641013648848,4562,1978
DOGEUSDT,oversold+vol,long,20,4,0.03529153879877247,-0.10697261647614908,0.03715170278637771,0.03286147623862487,-0.15266457683506818,4562,1978
DOGEUSDT,oversold+vol,long,40,1,0.3941253836036826,-0.1971774363549289,0.4051857585139319,0.37967644084934277,-0.22528163911780907,4562,1978
DOGEUSDT,oversold+vol,long,40,2,0.22753178430512933,-0.24348148272451886,0.23219814241486067,0.22143579373104147,-0.2669402159788087,4562,1978
DOGEUSDT,oversold+vol,long,40,4,0.10105217010083296,-0.2363499930857168,0.10178018575851393,0.10010111223458039,-0.2659231932060012,4562,1978
DOGEUSDT,oversold+vol,short,10,1,0.16678362573099415,-0.021955274482284848,0.16537362188648427,0.1686746987951807,-0.005219517810109098,4275,1826
DOGEUSDT,oversold+vol,short,10,2,0.02502923976608187,-0.0317892438057602,0.028991425071457737,0.019715224534501644,-0.009827438290199164,4275,1826
DOGEUSDT,oversold+vol,short,10,4,0.0032748538011695906,-0.03443904850044255,0.002449979583503471,0.004381161007667032,-0.006836252232089168,4275,1826
DOGEUSDT,oversold+vol,short,20,1,0.392046783625731,-0.03794290520401555,0.3813801551653736,0.4063526834611172,-0.005575937906169948,4275,1826
DOGEUSDT,oversold+vol,short,20,2,0.14830409356725147,-0.0259407564831432,0.14414046549612086,0.1538882803943045,0.02054563940322951,4275,1826
DOGEUSDT,oversold+vol,short,20,4,0.02198830409356725,-0.04595153343241687,0.02531645569620253,0.017524644030668127,0.0095592083037912,4275,1826
DOGEUSDT,oversold+vol,short,40,1,0.423859649122807,-0.1391706456722347,0.4209881584320131,0.42771084337349397,-0.1296783685848476,4275,1826
DOGEUSDT,oversold+vol,short,40,2,0.26760233918128656,-0.12045573633431272,0.2645977950183748,0.27163198247535597,-0.11243968437110397,4275,1826
DOGEUSDT,oversold+vol,short,40,4,0.09801169590643274,-0.11038695543442678,0.0967741935483871,0.09967141292442497,-0.07735700227387243,4275,1826
DOGEUSDT,breakout+vol,long,10,1,0.1870860927152318,-0.03291171802042259,0.1865970409051349,0.1878030109721868,-0.04717578077894813,9664,3919
DOGEUSDT,breakout+vol,long,10,2,0.05173841059602649,-0.024401154242728595,0.04560487380330722,0.06072977800459301,-0.030444963148860804,9664,3919
DOGEUSDT,breakout+vol,long,10,4,0.012210264900662252,-0.014653218930629097,0.011662315056570931,0.013013523858127074,-0.014250310510180553,9664,3919
DOGEUSDT,breakout+vol,long,20,1,0.35316639072847683,-0.09944505148080274,0.3483028720626632,0.36029599387598876,-0.10804196778637709,9664,3919
DOGEUSDT,breakout+vol,long,20,2,0.16421771523178808,-0.0853830001542708,0.16031331592689296,0.1699413115590712,-0.08280438068289442,9664,3919
DOGEUSDT,breakout+vol,long,20,4,0.04656456953642384,-0.06909548462961712,0.038642297650130546,0.05817810665986221,-0.046629558210734556,9664,3919
DOGEUSDT,breakout+vol,long,40,1,0.4103890728476821,-0.16097361965672718,0.4102697998259356,0.4105639193671855,-0.16568136720899362,9664,3919
DOGEUSDT,breakout+vol,long,40,2,0.24441225165562913,-0.18344284125872679,0.24316797214969538,0.24623628476652207,-0.19358470447908027,9664,3919
DOGEUSDT,breakout+vol,long,40,4,0.10968543046357616,-0.18571322787252043,0.10600522193211488,0.11508037764735903,-0.17751530172299812,9664,3919
DOGEUSDT,breakout+vol,short,10,1,0.17476425684777727,0.0019982597250143286,0.17267522822218784,0.1776541095890411,0.021231756264714186,11135,4672
DOGEUSDT,breakout+vol,short,10,2,0.035204310731926355,-0.0019258155627674967,0.036825003868172675,0.03296232876712329,0.024273635750452716,11135,4672
DOGEUSDT,breakout+vol,short,10,4,0.0027840143691064212,-0.012730534613402344,0.0015472690700912889,0.00449486301369863,0.015267073954261523,11135,4672
DOGEUSDT,breakout+vol,short,20,1,0.40008980691513246,-0.006072082818888824,0.39006653257001395,0.4139554794520548,0.01955965081125477,11135,4672
DOGEUSDT,breakout+vol,short,20,2,0.15339021104625056,-0.011565202939002983,0.1483831038217546,0.1603167808219178,0.035779170497108215,11135,4672
DOGEUSDT,breakout+vol,short,20,4,0.031162999550965423,-0.008030067648632788,0.031719015936871424,0.030393835616438356,0.04638480030794456,11135,4672
DOGEUSDT,breakout+vol,short,40,1,0.4470588235294118,-0.090988382283538,0.44159059260405387,0.4546232876712329,-0.07830465368870365,11135,4672
DOGEUSDT,breakout+vol,short,40,2,0.27732375392905256,-0.0870253768429301,0.2730929908711125,0.2831763698630137,-0.07252820845900176,11135,4672
DOGEUSDT,breakout+vol,short,40,4,0.1107319263583296,-0.08378190241802241,0.10846356181339935,0.11386986301369863,-0.04635077037344759,11135,4672
DOGEUSDT,pullback,long,10,1,0.18637780086066183,-0.03666313943898547,0.18993586581154415,0.18100558659217877,-0.06470925096871194,6739,2685
DOGEUSDT,pullback,long,10,2,0.05460750853242321,-0.021810976208981647,0.046373951652688705,0.0670391061452514,-0.04025942486180234,6739,2685
DOGEUSDT,pullback,long,10,4,0.012761537320077163,-0.013792066282809934,0.012826837691169216,0.01266294227188082,-0.029426456605879836,6739,2685
DOGEUSDT,pullback,long,20,1,0.3583617747440273,-0.1002954404399774,0.36457819437592504,0.348975791433892,-0.13701173852195092,6739,2685
DOGEUSDT,pullback,long,20,2,0.16634515506751743,-0.09922909128574586,0.16502220029600395,0.16834264432029794,-0.11988841043275622,6739,2685
DOGEUSDT,pullback,long,20,4,0.0498590295296038,-0.07199501285535259,0.03996053280710409,0.06480446927374302,-0.06944391828670271,6739,2685
DOGEUSDT,pullback,long,40,1,0.40198842558243064,-0.17834170117115644,0.4047853971386285,0.39776536312849164,-0.19043139172859125,6739,2685
DOGEUSDT,pullback,long,40,2,0.24454666864519958,-0.18988988372443638,0.24296990626541687,0.24692737430167597,-0.1979387885504369,6739,2685
DOGEUSDT,pullback,long,40,4,0.1133699361923134,-0.19224420701956724,0.10730143068574248,0.12253258845437616,-0.17543572356876014,6739,2685
DOGEUSDT,pullback,short,10,1,0.1665202108963093,-0.007055653523943883,0.16386969397828233,0.17038904899135446,0.00938133828773724,6828,2776
DOGEUSDT,pullback,short,10,2,0.03192735793790275,-0.015509996022709638,0.034550839091806514,0.028097982708933718,0.0011330413118246785,6828,2776
DOGEUSDT,pullback,short,10,4,0.0027826596367896894,-0.02446382583574458,0.0024679170779861796,0.0032420749279538905,-0.007280014844801563,6828,2776
DOGEUSDT,pullback,short,20,1,0.39718804920913886,0.004675589585728224,0.38079960513326755,0.4211095100864553,0.029839917069967914,6828,2776
DOGEUSDT,pullback,short,20,2,0.14879906268306972,-0.007658762520508677,0.1428923988153998,0.15742074927953892,0.024621016956714925,6828,2776
DOGEUSDT,pullback,short,20,4,0.02870533099004101,-0.017920180558202436,0.030108588351431393,0.026657060518731988,0.014019699299674393,6828,2776
DOGEUSDT,pullback,short,40,1,0.4440538957234915,-0.09605224313017102,0.4348469891411649,0.45749279538904897,-0.06990742114938353,6828,2776
DOGEUSDT,pullback,short,40,2,0.2750439367311072,-0.08456737169374584,0.2640671273445212,0.2910662824207493,-0.046227759591151885,6828,2776
DOGEUSDT,pullback,short,40,4,0.109402460456942,-0.07556039944807247,0.10636722606120434,0.1138328530259366,-0.029589576145383822,6828,2776
DOGEUSDT,taker flow,long,10,1,0.1673324456280515,-0.013734397938160114,0.17202432667245873,0.16243194192377494,-0.03279756897894437,2253,1102
DOGEUSDT,taker flow,long,10,2,0.04971149578339991,0.008355571334239364,0.035621198957428324,0.06442831215970962,-0.0016959163049782289,2253,1102
DOGEUSDT,taker flow,long,10,4,0.010652463382157125,0.021486037448761097,0.008688097306689836,0.012704174228675136,0.00983889737693322,2253,1102
DOGEUSDT,taker flow,long,20,1,0.3395472703062583,-0.07695207096911005,0.34057341442224154,0.338475499092559,-0.09676016188407233,2253,1102
DOGEUSDT,taker flow,long,20,2,0.15312916111850866,-0.06166264043977421,0.15986099044309296,0.14609800362976408,-0.09549984397152744,2253,1102
DOGEUSDT,taker flow,long,20,4,0.04837993786063027,-0.012818049504829565,0.03388357949609035,0.06352087114337568,-0.02406645839192889,2253,1102
DOGEUSDT,taker flow,long,40,1,0.41145139813581894,-0.14855653347184306,0.39183318853171156,0.4319419237749546,-0.11111305805093086,2253,1102
DOGEUSDT,taker flow,long,40,2,0.2396804260985353,-0.16912848978599315,0.23023457862728064,0.24954627949183303,-0.1433421643559185,2253,1102
DOGEUSDT,taker flow,long,40,4,0.10696848646249445,-0.147042676728815,0.10686359687228497,0.10707803992740472,-0.145121992158726,2253,1102
DOGEUSDT,taker flow,short,10,1,0.16398546964193045,0.0007157321354414048,0.15658021133525457,0.172686230248307,0.018974300495326002,3854,1772
DOGEUSDT,taker flow,short,10,2,0.03347171769590036,0.0036028086016883787,0.03170028818443804,0.035553047404063204,0.028503635500633173,3854,1772
DOGEUSDT,taker flow,short,10,4,0.002854177477944992,-0.0057820855974038965,0.001440922190201729,0.004514672686230248,0.017770935561642,3854,1772
DOGEUSDT,taker flow,short,20,1,0.3899844317592112,-0.004699405362840303,0.37896253602305474,0.40293453724604966,0.011472865495101958,3854,1772
DOGEUSDT,taker flow,short,20,2,0.14893617021276595,-0.0013078990956624237,0.14073006724303555,0.15857787810383747,0.04190511173025713,3854,1772
DOGEUSDT,taker flow,short,20,4,0.03009859885832901,0.00470313567949221,0.027377521613832854,0.03329571106094808,0.060883509564512384,3854,1772
DOGEUSDT,taker flow,short,40,1,0.4434353918007265,-0.09481258876237342,0.4423631123919308,0.44469525959367945,-0.09254931300478553,3854,1772
DOGEUSDT,taker flow,short,40,2,0.27374156720290604,-0.08112765692988011,0.26993275696445723,0.2782167042889391,-0.07284915233711009,3854,1772
DOGEUSDT,taker flow,short,40,4,0.10508562532433835,-0.08188642981548011,0.10038424591738712,0.11060948081264109,-0.03809579960220444,3854,1772
DOGEUSDT,btc confirms,long,10,1,0.1864444199138978,-0.03050240970842244,0.18592774730470968,0.18716861081654296,-0.04637402054986439,9059,3772
DOGEUSDT,btc confirms,long,10,2,0.05000551937299923,-0.02387308546388589,0.04369207490069983,0.05885471898197243,-0.03304310059262194,9059,3772
DOGEUSDT,btc confirms,long,10,4,0.011480295838392758,-0.01450761094973696,0.010592018157745414,0.012725344644750796,-0.01831769107379022,9059,3772
DOGEUSDT,btc confirms,long,20,1,0.35434374655039186,-0.09581200885887353,0.34840174011726877,0.36267232237539765,-0.10572249957142621,9059,3772
DOGEUSDT,btc confirms,long,20,2,0.16392537807705046,-0.0815588173763816,0.15982598827312275,0.16967126193001061,-0.08127290193224512,9059,3772
DOGEUSDT,btc confirms,long,20,4,0.045148471133679216,-0.06796608276188054,0.037072063552108944,0.05646871686108165,-0.049980142517010995,9059,3772
DOGEUSDT,btc confirms,long,40,1,0.4111932884424329,-0.15908354932971125,0.4128995649706828,0.4088016967126193,-0.16944245904969868,9059,3772
DOGEUSDT,btc confirms,long,40,2,0.24395628656584611,-0.18383896884769046,0.24172498581426138,0.24708377518557795,-0.19289091822478954,9059,3772
DOGEUSDT,btc confirms,long,40,4,0.10917319792471575,-0.1867534831191865,0.10629846794023075,0.11320254506892895,-0.18664834020152565,9059,3772
DOGEUSDT,btc confirms,short,10,1,0.1767122064470042,0.0018017865220050222,0.17513000917711838,0.17893155975112637,0.01796100451469762,11199,4661
DOGEUSDT,btc confirms,short,10,2,0.03544959371372444,-0.0019865166578934,0.03701437748546956,0.03325466638060502,0.021614038260571178,11199,4661
DOGEUSDT,btc confirms,short,10,4,0.002857397981962675,-0.012028112279748426,0.0015295197308045274,0.004720017163698777,0.01418585345578438,11199,4661
DOGEUSDT,btc confirms,short,20,1,0.40146441646575587,-0.007390672709218227,0.3935454267360049,0.41257240935421585,0.014160600262676626,11199,4661
DOGEUSDT,btc confirms,short,20,2,0.1549245468345388,-0.010855788923261556,0.15065769348424596,0.16090967603518558,0.030242473223995425,11199,4661
DOGEUSDT,btc confirms,short,20,4,0.03160996517546209,-0.007457784398268941,0.032119914346895075,0.030894657798755634,0.04275915920897755,11199,4661
DOGEUSDT,btc confirms,short,40,1,0.4490579516028217,-0.08703472080030372,0.44417252982563477,0.4559107487663592,-0.0749563310771818,11199,4661
DOGEUSDT,btc confirms,short,40,2,0.27877489061523353,-0.0830213522993356,0.27546650351789537,0.2834155760566402,-0.06994653088246172,11199,4661
DOGEUSDT,btc confirms,short,40,4,0.11170640235735334,-0.07868529621756548,0.10951361272560416,0.11478223557176571,-0.0429075681301504,11199,4661
