ts,bar,mkt_ret,eq_A_neutral@1x,eq_A_neutral@3x,eq_B_dispersion@1x,eq_B_dispersion@3x,eq_C_idxhedge@1x,eq_C_idxhedge@3x,eq_D_momsharpe@1x,eq_D_momsharpe@3x,eq_E_mom720@1x,eq_E_mom720@3x
2026-09-12 09:07:39,2026-09-12 08:00,0.00000000,9994.2566,9982.7690,10000.0000,10000.0000,9995.6109,9986.8321,9994.0684,9982.2049,9994.2602,9982.7798
2026-09-12 09:12:57,2026-09-12 08:00,0.00000000,9994.5133,9983.5380,10000.0000,10000.0000,9995.7931,9987.3784,9994.1368,9982.4098,9994.5205,9983.5596
2026-09-12 09:18:13,2026-09-12 08:00,0.00000000,9994.7699,9984.3070,10000.0000,10000.0000,9995.9754,9987.9249,9994.2051,9982.6147,9994.7807,9984.3395
2026-09-12 09:23:30,2026-09-12 08:00,0.00000000,9995.0265,9985.0762,10000.0000,10000.0000,9996.1577,9988.4713,9994.2735,9982.8196,9995.0410,9985.1194
2026-09-12 09:28:46,2026-09-12 08:00,0.00000000,9995.2832,9985.8454,10000.0000,10000.0000,9996.3400,9989.0178,9994.3419,9983.0245,9995.3012,9985.8994
2026-09-12 09:34:02,2026-09-12 08:00,0.00000000,9995.5399,9986.6146,10000.0000,10000.0000,9996.5223,9989.5643,9994.4103,9983.2294,9995.5615,9986.6795
2026-09-12 09:39:18,2026-09-12 08:00,0.00000000,9995.7965,9987.3839,10000.0000,10000.0000,9996.7046,9990.1108,9994.4787,9983.4343,9995.8218,9987.4596
2026-09-12 09:44:35,2026-09-12 08:00,0.00000000,9996.0532,9988.1533,10000.0000,10000.0000,9996.8869,9990.6574,9994.5470,9983.6392,9996.0821,9988.2398
2026-09-12 09:49:51,2026-09-12 08:00,0.00000000,9996.3099,9988.9227,10000.0000,10000.0000,9997.0692,9991.2040,9994.6154,9983.8442,9996.3423,9989.0201
2026-09-12 09:55:08,2026-09-12 08:00,0.00000000,9996.5666,9989.6922,10000.0000,10000.0000,9997.2516,9991.7506,9994.6838,9984.0491,9996.6026,9989.8004
2026-09-12 10:00:18,2026-09-12 09:00,-0.00005785,9985.2984,9955.9110,10000.0000,10000.0000,9989.8151,9969.4535,9982.9681,9948.9393,9992.9700,9978.9100
2026-09-12 10:05:28,2026-09-12 09:00,0.00000000,9985.2984,9955.9110,10000.0000,10000.0000,9989.8151,9969.4535,9982.9681,9948.9393,9992.9700,9978.9100
2026-09-12 10:10:38,2026-09-12 09:00,0.00000000,9985.2984,9955.9110,10000.0000,10000.0000,9989.8151,9969.4535,9982.9681,9948.9393,9992.9700,9978.9100
2026-09-12 10:15:46,2026-09-12 09:00,0.00000000,9985.2984,9955.9110,10000.0000,10000.0000,9989.8151,9969.4535,9982.9681,9948.9393,9992.9700,9978.9100
2026-09-12 10:20:56,2026-09-12 09:00,0.00000000,9985.2984,9955.9110,10000.0000,10000.0000,9989.8151,9969.4535,9982.9681,9948.9393,9992.9700,9978.9100
2026-09-12 10:26:06,2026-09-12 09:00,0.00000000,9985.2984,9955.9110,10000.0000,10000.0000,9989.8151,9969.4535,9982.9681,9948.9393,9992.9700,9978.9100
2026-09-12 10:31:14,2026-09-12 09:00,0.00000000,9985.2984,9955.9110,10000.0000,10000.0000,9989.8151,9969.4535,9982.9681,9948.9393,9992.9700,9978.9100
2026-09-12 10:36:24,2026-09-12 09:00,0.00000000,9985.2984,9955.9110,10000.0000,10000.0000,9989.8151,9969.4535,9982.9681,9948.9393,9992.9700,9978.9100
2026-09-12 10:41:34,2026-09-12 09:00,0.00000000,9985.2984,9955.9110,10000.0000,10000.0000,9989.8151,9969.4535,9982.9681,9948.9393,9992.9700,9978.9100
2026-09-12 10:46:43,2026-09-12 09:00,0.00000000,9985.2984,9955.9110,10000.0000,10000.0000,9989.8151,9969.4535,9982.9681,9948.9393,9992.9700,9978.9100
2026-09-12 10:51:53,2026-09-12 09:00,0.00000000,9985.2984,9955.9110,10000.0000,10000.0000,9989.8151,9969.4535,9982.9681,9948.9393,9992.9700,9978.9100
2026-09-12 10:57:02,2026-09-12 09:00,0.00000000,9985.2984,9955.9110,10000.0000,10000.0000,9989.8151,9969.4535,9982.9681,9948.9393,9992.9700,9978.9100
2026-09-12 11:02:11,2026-09-12 10:00,0.00096561,9990.6125,9971.8064,10000.0000,10000.0000,9990.6551,9971.9683,9985.6656,9957.0042,10004.4419,10013.2771
2026-09-12 11:07:20,2026-09-12 10:00,0.00000000,9990.6125,9971.8064,10000.0000,10000.0000,9990.6551,9971.9683,9985.6656,9957.0042,10004.4419,10013.2771
2026-09-12 11:12:28,2026-09-12 10:00,0.00000000,9990.6125,9971.8064,10000.0000,10000.0000,9990.6551,9971.9683,9985.6656,9957.0042,10004.4419,10013.2771
2026-09-12 11:17:37,2026-09-12 10:00,0.00000000,9990.6125,9971.8064,10000.0000,10000.0000,9990.6551,9971.9683,9985.6656,9957.0042,10004.4419,10013.2771
2026-09-12 11:22:46,2026-09-12 10:00,0.00000000,9990.6125,9971.8064,10000.0000,10000.0000,9990.6551,9971.9683,9985.6656,9957.0042,10004.4419,10013.2771
2026-09-12 11:27:56,2026-09-12 10:00,0.00000000,9990.6125,9971.8064,10000.0000,10000.0000,9990.6551,9971.9683,9985.6656,9957.0042,10004.4419,10013.2771
2026-09-12 11:33:05,2026-09-12 10:00,0.00000000,9990.6125,9971.8064,10000.0000,10000.0000,9990.6551,9971.9683,9985.6656,9957.0042,10004.4419,10013.2771
2026-09-12 11:38:14,2026-09-12 10:00,0.00000000,9990.6125,9971.8064,10000.0000,10000.0000,9990.6551,9971.9683,9985.6656,9957.0042,10004.4419,10013.2771
2026-09-12 11:43:23,2026-09-12 10:00,0.00000000,9990.6125,9971.8064,10000.0000,10000.0000,9990.6551,9971.9683,9985.6656,9957.0042,10004.4419,10013.2771
2026-09-12 11:48:31,2026-09-12 10:00,0.00000000,9990.6125,9971.8064,10000.0000,10000.0000,9990.6551,9971.9683,9985.6656,9957.0042,10004.4419,10013.2771
2026-09-12 11:53:40,2026-09-12 10:00,0.00000000,9990.6125,9971.8064,10000.0000,10000.0000,9990.6551,9971.9683,9985.6656,9957.0042,10004.4419,10013.2771
2026-09-12 11:58:49,2026-09-12 10:00,0.00000000,9990.6125,9971.8064,10000.0000,10000.0000,9990.6551,9971.9683,9985.6656,9957.0042,10004.4419,10013.2771
2026-09-12 12:03:59,2026-09-12 11:00,0.00139895,9986.9998,9960.9887,10000.0000,10000.0000,9989.5741,9968.7315,10000.2620,10000.6677,10001.0409,10003.0652
2026-09-12 12:09:08,2026-09-12 11:00,0.00000000,9986.9998,9960.9887,10000.0000,10000.0000,9989.5741,9968.7315,10000.2620,10000.6677,10001.0409,10003.0652
2026-09-12 12:14:17,2026-09-12 11:00,0.00000000,9986.9998,9960.9887,10000.0000,10000.0000,9989.5741,9968.7315,10000.2620,10000.6677,10001.0409,10003.0652
2026-09-12 12:19:26,2026-09-12 11:00,0.00000000,9986.9998,9960.9887,10000.0000,10000.0000,9989.5741,9968.7315,10000.2620,10000.6677,10001.0409,10003.0652
2026-09-12 12:24:35,2026-09-12 11:00,0.00000000,9986.9998,9960.9887,10000.0000,10000.0000,9989.5741,9968.7315,10000.2620,10000.6677,10001.0409,10003.0652
2026-09-12 12:29:44,2026-09-12 11:00,0.00000000,9986.9998,9960.9887,10000.0000,10000.0000,9989.5741,9968.7315,10000.2620,10000.6677,10001.0409,10003.0652
2026-09-12 12:34:54,2026-09-12 11:00,0.00000000,9986.9998,9960.9887,10000.0000,10000.0000,9989.5741,9968.7315,10000.2620,10000.6677,10001.0409,10003.0652
2026-09-12 12:40:05,2026-09-12 11:00,0.00000000,9986.9998,9960.9887,10000.0000,10000.0000,9989.5741,9968.7315,10000.2620,10000.6677,10001.0409,10003.0652
2026-09-12 12:45:15,2026-09-12 11:00,0.00000000,9986.9998,9960.9887,10000.0000,10000.0000,9989.5741,9968.7315,10000.2620,10000.6677,10001.0409,10003.0652
2026-09-12 12:50:24,2026-09-12 11:00,0.00000000,9986.9998,9960.9887,10000.0000,10000.0000,9989.5741,9968.7315,10000.2620,10000.6677,10001.0409,10003.0652
2026-09-12 12:55:35,2026-09-12 11:00,0.00000000,9986.9998,9960.9887,10000.0000,10000.0000,9989.5741,9968.7315,10000.2620,10000.6677,10001.0409,10003.0652
2026-09-12 13:00:44,2026-09-12 12:00,-0.00168114,9983.7577,9951.2877,10000.0000,10000.0000,9985.4213,9956.2989,9992.4581,9977.2552,9995.2471,9985.6801
2026-09-12 13:05:53,2026-09-12 12:00,0.00000000,9983.7577,9951.2877,10000.0000,10000.0000,9985.4213,9956.2989,9992.4581,9977.2552,9995.2471,9985.6801
2026-09-12 13:11:02,2026-09-12 12:00,0.00000000,9983.7577,9951.2877,10000.0000,10000.0000,9985.4213,9956.2989,9992.4581,9977.2552,9995.2471,9985.6801
2026-09-12 13:16:11,2026-09-12 12:00,0.00000000,9983.7577,9951.2877,10000.0000,10000.0000,9985.4213,9956.2989,9992.4581,9977.2552,9995.2471,9985.6801
2026-09-12 13:21:19,2026-09-12 12:00,0.00000000,9983.7577,9951.2877,10000.0000,10000.0000,9985.4213,9956.2989,9992.4581,9977.2552,9995.2471,9985.6801
2026-09-12 13:26:28,2026-09-12 12:00,0.00000000,9983.7577,9951.2877,10000.0000,10000.0000,9985.4213,9956.2989,9992.4581,9977.2552,9995.2471,9985.6801
2026-09-12 13:31:37,2026-09-12 12:00,0.00000000,9983.7577,9951.2877,10000.0000,10000.0000,9985.4213,9956.2989,9992.4581,9977.2552,9995.2471,9985.6801
2026-09-12 13:36:46,2026-09-12 12:00,0.00000000,9983.7577,9951.2877,10000.0000,10000.0000,9985.4213,9956.2989,9992.4581,9977.2552,9995.2471,9985.6801
2026-09-12 13:41:55,2026-09-12 12:00,0.00000000,9983.7577,9951.2877,10000.0000,10000.0000,9985.4213,9956.2989,9992.4581,9977.2552,9995.2471,9985.6801
2026-09-12 13:47:04,2026-09-12 12:00,0.00000000,9983.7577,9951.2877,10000.0000,10000.0000,9985.4213,9956.2989,9992.4581,9977.2552,9995.2471,9985.6801
2026-09-12 13:52:13,2026-09-12 12:00,0.00000000,9983.7577,9951.2877,10000.0000,10000.0000,9985.4213,9956.2989,9992.4581,9977.2552,9995.2471,9985.6801
2026-09-12 13:57:24,2026-09-12 12:00,0.00000000,9983.7577,9951.2877,10000.0000,10000.0000,9985.4213,9956.2989,9992.4581,9977.2552,9995.2471,9985.6801
2026-09-12 14:02:35,2026-09-12 13:00,-0.00123121,9983.9428,9951.8412,10000.0000,10000.0000,9980.5137,9941.6193,9983.8436,9951.4510,9986.8667,9960.5632
2026-09-12 14:07:44,2026-09-12 13:00,0.00000000,9983.9428,9951.8412,10000.0000,10000.0000,9980.5137,9941.6193,9983.8436,9951.4510,9986.8667,9960.5632
2026-09-12 14:12:53,2026-09-12 13:00,0.00000000,9983.9428,9951.8412,10000.0000,10000.0000,9980.5137,9941.6193,9983.8436,9951.4510,9986.8667,9960.5632
2026-09-12 14:18:03,2026-09-12 13:00,0.00000000,9983.9428,9951.8412,10000.0000,10000.0000,9980.5137,9941.6193,9983.8436,9951.4510,9986.8667,9960.5632
2026-09-12 14:23:12,2026-09-12 13:00,0.00000000,9983.9428,9951.8412,10000.0000,10000.0000,9980.5137,9941.6193,9983.8436,9951.4510,9986.8667,9960.5632
2026-09-12 14:28:21,2026-09-12 13:00,0.00000000,9983.9428,9951.8412,10000.0000,10000.0000,9980.5137,9941.6193,9983.8436,9951.4510,9986.8667,9960.5632
2026-09-12 14:33:30,2026-09-12 13:00,0.00000000,9983.9428,9951.8412,10000.0000,10000.0000,9980.5137,9941.6193,9983.8436,9951.4510,9986.8667,9960.5632
2026-09-12 14:38:39,2026-09-12 13:00,0.00000000,9983.9428,9951.8412,10000.0000,10000.0000,9980.5137,9941.6193,9983.8436,9951.4510,9986.8667,9960.5632
2026-09-12 14:43:49,2026-09-12 13:00,0.00000000,9983.9428,9951.8412,10000.0000,10000.0000,9980.5137,9941.6193,9983.8436,9951.4510,9986.8667,9960.5632
2026-09-12 14:48:58,2026-09-12 13:00,0.00000000,9983.9428,9951.8412,10000.0000,10000.0000,9980.5137,9941.6193,9983.8436,9951.4510,9986.8667,9960.5632
2026-09-12 14:54:07,2026-09-12 13:00,0.00000000,9983.9428,9951.8412,10000.0000,10000.0000,9980.5137,9941.6193,9983.8436,9951.4510,9986.8667,9960.5632
2026-09-12 14:59:17,2026-09-12 13:00,0.00000000,9983.9428,9951.8412,10000.0000,10000.0000,9980.5137,9941.6193,9983.8436,9951.4510,9986.8667,9960.5632
2026-09-12 15:04:26,2026-09-12 14:00,0.00083978,9996.5310,9989.4843,10000.0000,10000.0000,9988.6017,9965.7886,9980.4561,9941.3214,10005.7329,10017.0126
2026-09-12 15:09:35,2026-09-12 14:00,0.00000000,9996.5310,9989.4843,10000.0000,10000.0000,9988.6017,9965.7886,9980.4561,9941.3214,10005.7329,10017.0126
2026-09-12 15:14:45,2026-09-12 14:00,0.00000000,9996.5310,9989.4843,10000.0000,10000.0000,9988.6017,9965.7886,9980.4561,9941.3214,10005.7329,10017.0126
2026-09-12 15:19:53,2026-09-12 14:00,0.00000000,9996.5310,9989.4843,10000.0000,10000.0000,9988.6017,9965.7886,9980.4561,9941.3214,10005.7329,10017.0126
2026-09-12 15:25:04,2026-09-12 14:00,0.00000000,9996.5310,9989.4843,10000.0000,10000.0000,9988.6017,9965.7886,9980.4561,9941.3214,10005.7329,10017.0126
2026-09-12 15:30:14,2026-09-12 14:00,0.00000000,9996.5310,9989.4843,10000.0000,10000.0000,9988.6017,9965.7886,9980.4561,9941.3214,10005.7329,10017.0126
2026-09-12 15:35:23,2026-09-12 14:00,0.00000000,9996.5310,9989.4843,10000.0000,10000.0000,9988.6017,9965.7886,9980.4561,9941.3214,10005.7329,10017.0126
2026-09-12 15:40:32,2026-09-12 14:00,0.00000000,9996.5310,9989.4843,10000.0000,10000.0000,9988.6017,9965.7886,9980.4561,9941.3214,10005.7329,10017.0126
2026-09-12 15:45:41,2026-09-12 14:00,0.00000000,9996.5310,9989.4843,10000.0000,10000.0000,9988.6017,9965.7886,9980.4561,9941.3214,10005.7329,10017.0126
2026-09-12 15:50:50,2026-09-12 14:00,0.00000000,9996.5310,9989.4843,10000.0000,10000.0000,9988.6017,9965.7886,9980.4561,9941.3214,10005.7329,10017.0126
2026-09-12 15:55:59,2026-09-12 14:00,0.00000000,9996.5310,9989.4843,10000.0000,10000.0000,9988.6017,9965.7886,9980.4561,9941.3214,10005.7329,10017.0126
2026-09-12 16:01:08,2026-09-12 15:00,0.00223073,10001.0423,10003.0088,10000.0000,10000.0000,9988.3316,9964.9801,9983.8333,9951.4132,10023.4614,10070.2580
2026-09-12 16:06:17,2026-09-12 15:00,0.00000000,10001.0423,10003.0088,10000.0000,10000.0000,9988.3316,9964.9801,9983.8333,9951.4132,10023.4614,10070.2580
2026-09-12 16:11:27,2026-09-12 15:00,0.00000000,10001.0423,10003.0088,10000.0000,10000.0000,9988.3316,9964.9801,9983.8333,9951.4132,10023.4614,10070.2580
2026-09-12 16:16:37,2026-09-12 15:00,0.00000000,10001.0423,10003.0088,10000.0000,10000.0000,9988.3316,9964.9801,9983.8333,9951.4132,10023.4614,10070.2580
2026-09-12 16:21:45,2026-09-12 15:00,0.00000000,10001.0423,10003.0088,10000.0000,10000.0000,9988.3316,9964.9801,9983.8333,9951.4132,10023.4614,10070.2580
2026-09-12 16:26:55,2026-09-12 15:00,0.00000000,10001.0423,10003.0088,10000.0000,10000.0000,9988.3316,9964.9801,9983.8333,9951.4132,10023.4614,10070.2580
2026-09-12 16:32:06,2026-09-12 15:00,0.00000000,10001.0423,10003.0088,10000.0000,10000.0000,9988.3316,9964.9801,9983.8333,9951.4132,10023.4614,10070.2580
2026-09-12 16:37:15,2026-09-12 15:00,0.00000000,10001.0423,10003.0088,10000.0000,10000.0000,9988.3316,9964.9801,9983.8333,9951.4132,10023.4614,10070.2580
2026-09-12 16:42:24,2026-09-12 15:00,0.00000000,10001.0423,10003.0088,10000.0000,10000.0000,9988.3316,9964.9801,9983.8333,9951.4132,10023.4614,10070.2580
2026-09-12 16:47:32,2026-09-12 15:00,0.00000000,10001.0423,10003.0088,10000.0000,10000.0000,9988.3316,9964.9801,9983.8333,9951.4132,10023.4614,10070.2580
2026-09-12 16:52:41,2026-09-12 15:00,0.00000000,10001.0423,10003.0088,10000.0000,10000.0000,9988.3316,9964.9801,9983.8333,9951.4132,10023.4614,10070.2580
2026-09-12 16:57:56,2026-09-12 15:00,0.00000000,10001.0423,10003.0088,10000.0000,10000.0000,9988.3316,9964.9801,9983.8333,9951.4132,10023.4614,10070.2580
2026-09-12 17:03:12,2026-09-12 16:00,-0.00304458,10011.3864,10034.0471,10000.0000,10000.0000,9999.5377,9998.5198,9996.0746,9988.0180,10014.9581,10044.6291
2026-09-12 17:08:30,2026-09-12 16:00,0.00000000,10011.4367,10034.1984,10000.0000,10000.0000,9999.6238,9998.7781,9996.1504,9988.2452,10014.9786,10044.6908
2026-09-12 17:13:46,2026-09-12 16:00,0.00000000,10011.4870,10034.3497,10000.0000,10000.0000,9999.7099,9999.0364,9996.2262,9988.4725,10014.9992,10044.7526
2026-09-12 17:19:02,2026-09-12 16:00,0.00000000,10011.5373,10034.5009,10000.0000,10000.0000,9999.7960,9999.2947,9996.3020,9988.6997,10015.0197,10044.8143
2026-09-12 17:24:18,2026-09-12 16:00,0.00000000,10011.5876,10034.6522,10000.0000,10000.0000,9999.8821,9999.5530,9996.3778,9988.9269,10015.0402,10044.8761
2026-09-12 17:29:34,2026-09-12 16:00,0.00000000,10011.6379,10034.8035,10000.0000,10000.0000,9999.9682,9999.8113,9996.4536,9989.1542,10015.0607,10044.9378
2026-09-12 17:34:51,2026-09-12 16:00,0.00000000,10011.6883,10034.9547,10000.0000,10000.0000,10000.0543,10000.0696,9996.5294,9989.3814,10015.0812,10044.9996
2026-09-12 17:40:07,2026-09-12 16:00,0.00000000,10011.7386,10035.1060,10000.0000,10000.0000,10000.1404,10000.3280,9996.6052,9989.6086,10015.1018,10045.0613
2026-09-12 17:45:24,2026-09-12 16:00,0.00000000,10011.7889,10035.2573,10000.0000,10000.0000,10000.2266,10000.5863,9996.6810,9989.8359,10015.1223,10045.1231
2026-09-12 17:50:41,2026-09-12 16:00,0.00000000,10011.8392,10035.4086,10000.0000,10000.0000,10000.3127,10000.8447,9996.7568,9990.0632,10015.1428,10045.1848
2026-09-12 17:55:57,2026-09-12 16:00,0.00000000,10011.8895,10035.5599,10000.0000,10000.0000,10000.3988,10001.1030,9996.8326,9990.2904,10015.1633,10045.2466
2026-09-12 18:01:05,2026-09-12 17:00,-0.00201779,9989.5634,9968.4231,10000.0000,10000.0000,9984.8441,9954.4358,9991.1745,9973.3271,10003.7034,10010.7634
2026-09-12 18:06:14,2026-09-12 17:00,0.00000000,9989.5634,9968.4231,10000.0000,10000.0000,9984.8441,9954.4358,9991.1745,9973.3271,10003.7034,10010.7634
2026-09-12 18:11:23,2026-09-12 17:00,0.00000000,9989.5634,9968.4231,10000.0000,10000.0000,9984.8441,9954.4358,9991.1745,9973.3271,10003.7034,10010.7634
2026-09-12 18:16:37,2026-09-12 17:00,0.00000000,9989.5634,9968.4231,10000.0000,10000.0000,9984.8441,9954.4358,9991.1745,9973.3271,10003.7034,10010.7634
2026-09-12 18:21:48,2026-09-12 17:00,0.00000000,9989.5634,9968.4231,10000.0000,10000.0000,9984.8441,9954.4358,9991.1745,9973.3271,10003.7034,10010.7634
2026-09-12 18:26:57,2026-09-12 17:00,0.00000000,9989.5634,9968.4231,10000.0000,10000.0000,9984.8441,9954.4358,9991.1745,9973.3271,10003.7034,10010.7634
2026-09-12 18:32:06,2026-09-12 17:00,0.00000000,9989.5634,9968.4231,10000.0000,10000.0000,9984.8441,9954.4358,9991.1745,9973.3271,10003.7034,10010.7634
2026-09-12 18:37:15,2026-09-12 17:00,0.00000000,9989.5634,9968.4231,10000.0000,10000.0000,9984.8441,9954.4358,9991.1745,9973.3271,10003.7034,10010.7634
2026-09-12 18:42:23,2026-09-12 17:00,0.00000000,9989.5634,9968.4231,10000.0000,10000.0000,9984.8441,9954.4358,9991.1745,9973.3271,10003.7034,10010.7634
2026-09-12 18:47:33,2026-09-12 17:00,0.00000000,9989.5634,9968.4231,10000.0000,10000.0000,9984.8441,9954.4358,9991.1745,9973.3271,10003.7034,10010.7634
2026-09-12 18:52:42,2026-09-12 17:00,0.00000000,9989.5634,9968.4231,10000.0000,10000.0000,9984.8441,9954.4358,9991.1745,9973.3271,10003.7034,10010.7634
2026-09-12 18:57:51,2026-09-12 17:00,0.00000000,9989.5634,9968.4231,10000.0000,10000.0000,9984.8441,9954.4358,9991.1745,9973.3271,10003.7034,10010.7634
2026-09-12 19:03:00,2026-09-12 18:00,-0.00329492,9974.7832,9924.1764,10000.0000,10000.0000,9976.6547,9929.9423,9983.1710,9949.3593,9993.0490,9978.7777
2026-09-12 19:08:09,2026-09-12 18:00,0.00000000,9974.7832,9924.1764,10000.0000,10000.0000,9976.6547,9929.9423,9983.1710,9949.3593,9993.0490,9978.7777
2026-09-12 19:13:18,2026-09-12 18:00,0.00000000,9974.7832,9924.1764,10000.0000,10000.0000,9976.6547,9929.9423,9983.1710,9949.3593,9993.0490,9978.7777
2026-09-12 19:18:27,2026-09-12 18:00,0.00000000,9974.7832,9924.1764,10000.0000,10000.0000,9976.6547,9929.9423,9983.1710,9949.3593,9993.0490,9978.7777
2026-09-12 19:23:35,2026-09-12 18:00,0.00000000,9974.7832,9924.1764,10000.0000,10000.0000,9976.6547,9929.9423,9983.1710,9949.3593,9993.0490,9978.7777
2026-09-12 19:28:45,2026-09-12 18:00,0.00000000,9974.7832,9924.1764,10000.0000,10000.0000,9976.6547,9929.9423,9983.1710,9949.3593,9993.0490,9978.7777
2026-09-12 19:33:54,2026-09-12 18:00,0.00000000,9974.7832,9924.1764,10000.0000,10000.0000,9976.6547,9929.9423,9983.1710,9949.3593,9993.0490,9978.7777
2026-09-12 19:39:04,2026-09-12 18:00,0.00000000,9974.7832,9924.1764,10000.0000,10000.0000,9976.6547,9929.9423,9983.1710,9949.3593,9993.0490,9978.7777
2026-09-12 19:44:14,2026-09-12 18:00,0.00000000,9974.7832,9924.1764,10000.0000,10000.0000,9976.6547,9929.9423,9983.1710,9949.3593,9993.0490,9978.7777
2026-09-12 19:49:23,2026-09-12 18:00,0.00000000,9974.7832,9924.1764,10000.0000,10000.0000,9976.6547,9929.9423,9983.1710,9949.3593,9993.0490,9978.7777
2026-09-12 19:54:32,2026-09-12 18:00,0.00000000,9974.7832,9924.1764,10000.0000,10000.0000,9976.6547,9929.9423,9983.1710,9949.3593,9993.0490,9978.7777
2026-09-12 19:59:41,2026-09-12 18:00,0.00000000,9974.7832,9924.1764,10000.0000,10000.0000,9976.6547,9929.9423,9983.1710,9949.3593,9993.0490,9978.7777
2026-09-12 20:04:50,2026-09-12 19:00,-0.00251425,9966.3214,9898.9198,10000.0000,10000.0000,9967.5599,9902.7857,9980.9535,9942.7294,9994.0880,9981.8902
2026-09-12 20:10:00,2026-09-12 19:00,0.00000000,9966.3214,9898.9198,10000.0000,10000.0000,9967.5599,9902.7857,9980.9535,9942.7294,9994.0880,9981.8902
2026-09-12 20:15:10,2026-09-12 19:00,0.00000000,9966.3214,9898.9198,10000.0000,10000.0000,9967.5599,9902.7857,9980.9535,9942.7294,9994.0880,9981.8902
2026-09-12 20:20:19,2026-09-12 19:00,0.00000000,9966.3214,9898.9198,10000.0000,10000.0000,9967.5599,9902.7857,9980.9535,9942.7294,9994.0880,9981.8902
2026-09-12 20:25:28,2026-09-12 19:00,0.00000000,9966.3214,9898.9198,10000.0000,10000.0000,9967.5599,9902.7857,9980.9535,9942.7294,9994.0880,9981.8902
2026-09-12 20:30:37,2026-09-12 19:00,0.00000000,9966.3214,9898.9198,10000.0000,10000.0000,9967.5599,9902.7857,9980.9535,9942.7294,9994.0880,9981.8902
2026-09-12 20:35:47,2026-09-12 19:00,0.00000000,9966.3214,9898.9198,10000.0000,10000.0000,9967.5599,9902.7857,9980.9535,9942.7294,9994.0880,9981.8902
2026-09-12 20:40:55,2026-09-12 19:00,0.00000000,9966.3214,9898.9198,10000.0000,10000.0000,9967.5599,9902.7857,9980.9535,9942.7294,9994.0880,9981.8902
2026-09-12 20:46:07,2026-09-12 19:00,0.00000000,9966.3214,9898.9198,10000.0000,10000.0000,9967.5599,9902.7857,9980.9535,9942.7294,9994.0880,9981.8902
2026-09-12 20:51:16,2026-09-12 19:00,0.00000000,9966.3214,9898.9198,10000.0000,10000.0000,9967.5599,9902.7857,9980.9535,9942.7294,9994.0880,9981.8902
2026-09-12 20:56:26,2026-09-12 19:00,0.00000000,9966.3214,9898.9198,10000.0000,10000.0000,9967.5599,9902.7857,9980.9535,9942.7294,9994.0880,9981.8902
2026-09-12 21:01:35,2026-09-12 20:00,0.00068571,9970.0914,9910.1534,10000.0000,10000.0000,9970.4525,9911.4071,9983.9081,9951.5593,9995.5478,9986.2643
2026-09-12 21:06:46,2026-09-12 20:00,0.00000000,9970.0914,9910.1534,10000.0000,10000.0000,9970.4525,9911.4071,9983.9081,9951.5593,9995.5478,9986.2643
2026-09-12 21:11:55,2026-09-12 20:00,0.00000000,9970.0914,9910.1534,10000.0000,10000.0000,9970.4525,9911.4071,9983.9081,9951.5593,9995.5478,9986.2643
2026-09-12 21:17:04,2026-09-12 20:00,0.00000000,9970.0914,9910.1534,10000.0000,10000.0000,9970.4525,9911.4071,9983.9081,9951.5593,9995.5478,9986.2643
2026-09-12 21:22:13,2026-09-12 20:00,0.00000000,9970.0914,9910.1534,10000.0000,10000.0000,9970.4525,9911.4071,9983.9081,9951.5593,9995.5478,9986.2643
2026-09-12 21:27:21,2026-09-12 20:00,0.00000000,9970.0914,9910.1534,10000.0000,10000.0000,9970.4525,9911.4071,9983.9081,9951.5593,9995.5478,9986.2643
2026-09-12 21:32:31,2026-09-12 20:00,0.00000000,9970.0914,9910.1534,10000.0000,10000.0000,9970.4525,9911.4071,9983.9081,9951.5593,9995.5478,9986.2643
2026-09-12 21:37:41,2026-09-12 20:00,0.00000000,9970.0914,9910.1534,10000.0000,10000.0000,9970.4525,9911.4071,9983.9081,9951.5593,9995.5478,9986.2643
2026-09-12 21:42:50,2026-09-12 20:00,0.00000000,9970.0914,9910.1534,10000.0000,10000.0000,9970.4525,9911.4071,9983.9081,9951.5593,9995.5478,9986.2643
2026-09-12 21:47:59,2026-09-12 20:00,0.00000000,9970.0914,9910.1534,10000.0000,10000.0000,9970.4525,9911.4071,9983.9081,9951.5593,9995.5478,9986.2643
2026-09-12 21:53:09,2026-09-12 20:00,0.00000000,9970.0914,9910.1534,10000.0000,10000.0000,9970.4525,9911.4071,9983.9081,9951.5593,9995.5478,9986.2643
2026-09-12 21:58:19,2026-09-12 20:00,0.00000000,9970.0914,9910.1534,10000.0000,10000.0000,9970.4525,9911.4071,9983.9081,9951.5593,9995.5478,9986.2643
2026-09-12 22:03:29,2026-09-12 21:00,-0.00011661,9977.4463,9932.0854,10000.0000,10000.0000,9972.5808,9917.7541,9984.1641,9952.3248,9995.8017,9987.0253
2026-09-12 22:08:37,2026-09-12 21:00,0.00000000,9977.4463,9932.0854,10000.0000,10000.0000,9972.5808,9917.7541,9984.1641,9952.3248,9995.8017,9987.0253
2026-09-12 22:13:47,2026-09-12 21:00,0.00000000,9977.4463,9932.0854,10000.0000,10000.0000,9972.5808,9917.7541,9984.1641,9952.3248,9995.8017,9987.0253
2026-09-12 22:18:56,2026-09-12 21:00,0.00000000,9977.4463,9932.0854,10000.0000,10000.0000,9972.5808,9917.7541,9984.1641,9952.3248,9995.8017,9987.0253
2026-09-12 22:24:06,2026-09-12 21:00,0.00000000,9977.4463,9932.0854,10000.0000,10000.0000,9972.5808,9917.7541,9984.1641,9952.3248,9995.8017,9987.0253
2026-09-12 22:29:15,2026-09-12 21:00,0.00000000,9977.4463,9932.0854,10000.0000,10000.0000,9972.5808,9917.7541,9984.1641,9952.3248,9995.8017,9987.0253
2026-09-12 22:34:24,2026-09-12 21:00,0.00000000,9977.4463,9932.0854,10000.0000,10000.0000,9972.5808,9917.7541,9984.1641,9952.3248,9995.8017,9987.0253
2026-09-12 22:39:34,2026-09-12 21:00,0.00000000,9977.4463,9932.0854,10000.0000,10000.0000,9972.5808,9917.7541,9984.1641,9952.3248,9995.8017,9987.0253
2026-09-12 22:44:44,2026-09-12 21:00,0.00000000,9977.4463,9932.0854,10000.0000,10000.0000,9972.5808,9917.7541,9984.1641,9952.3248,9995.8017,9987.0253
2026-09-12 22:49:53,2026-09-12 21:00,0.00000000,9977.4463,9932.0854,10000.0000,10000.0000,9972.5808,9917.7541,9984.1641,9952.3248,9995.8017,9987.0253
2026-09-12 22:55:04,2026-09-12 21:00,0.00000000,9977.4463,9932.0854,10000.0000,10000.0000,9972.5808,9917.7541,9984.1641,9952.3248,9995.8017,9987.0253
2026-09-12 23:00:14,2026-09-12 22:00,-0.00116800,9965.8643,9897.4973,10000.0000,10000.0000,9963.6534,9891.1193,9966.0403,9898.1269,9990.2024,9970.2421
2026-09-12 23:05:24,2026-09-12 22:00,0.00000000,9965.8643,9897.4973,10000.0000,10000.0000,9963.6534,9891.1193,9966.0403,9898.1269,9990.2024,9970.2421
2026-09-12 23:10:33,2026-09-12 22:00,0.00000000,9965.8643,9897.4973,10000.0000,10000.0000,9963.6534,9891.1193,9966.0403,9898.1269,9990.2024,9970.2421
2026-09-12 23:15:42,2026-09-12 22:00,0.00000000,9965.8643,9897.4973,10000.0000,10000.0000,9963.6534,9891.1193,9966.0403,9898.1269,9990.2024,9970.2421
2026-09-12 23:20:52,2026-09-12 22:00,0.00000000,9965.8643,9897.4973,10000.0000,10000.0000,9963.6534,9891.1193,9966.0403,9898.1269,9990.2024,9970.2421
2026-09-12 23:26:01,2026-09-12 22:00,0.00000000,9965.8643,9897.4973,10000.0000,10000.0000,9963.6534,9891.1193,9966.0403,9898.1269,9990.2024,9970.2421
2026-09-12 23:31:10,2026-09-12 22:00,0.00000000,9965.8643,9897.4973,10000.0000,10000.0000,9963.6534,9891.1193,9966.0403,9898.1269,9990.2024,9970.2421
2026-09-12 23:36:19,2026-09-12 22:00,0.00000000,9965.8643,9897.4973,10000.0000,10000.0000,9963.6534,9891.1193,9966.0403,9898.1269,9990.2024,9970.2421
2026-09-12 23:41:34,2026-09-12 22:00,0.00000000,9965.8643,9897.4973,10000.0000,10000.0000,9963.6534,9891.1193,9966.0403,9898.1269,9990.2024,9970.2421
2026-09-12 23:46:43,2026-09-12 22:00,0.00000000,9965.8643,9897.4973,10000.0000,10000.0000,9963.6534,9891.1193,9966.0403,9898.1269,9990.2024,9970.2421
2026-09-12 23:51:52,2026-09-12 22:00,0.00000000,9965.8643,9897.4973,10000.0000,10000.0000,9963.6534,9891.1193,9966.0403,9898.1269,9990.2024,9970.2421
2026-09-12 23:57:01,2026-09-12 22:00,0.00000000,9965.8643,9897.4973,10000.0000,10000.0000,9963.6534,9891.1193,9966.0403,9898.1269,9990.2024,9970.2421
2026-09-13 00:02:10,2026-09-12 23:00,0.00228583,9969.3743,9907.9553,10000.0000,10000.0000,9967.9418,9903.8909,9967.1418,9901.4089,9999.8703,9999.1879
2026-09-13 00:07:19,2026-09-12 23:00,0.00000000,9969.3743,9907.9553,10000.0000,10000.0000,9967.9418,9903.8909,9967.1418,9901.4089,9999.8703,9999.1879
2026-09-13 00:12:28,2026-09-12 23:00,0.00000000,9969.3743,9907.9553,10000.0000,10000.0000,9967.9418,9903.8909,9967.1418,9901.4089,9999.8703,9999.1879
2026-09-13 00:17:36,2026-09-12 23:00,0.00000000,9969.3743,9907.9553,10000.0000,10000.0000,9967.9418,9903.8909,9967.1418,9901.4089,9999.8703,9999.1879
2026-09-13 00:22:45,2026-09-12 23:00,0.00000000,9969.3743,9907.9553,10000.0000,10000.0000,9967.9418,9903.8909,9967.1418,9901.4089,9999.8703,9999.1879
2026-09-13 00:27:54,2026-09-12 23:00,0.00000000,9969.3743,9907.9553,10000.0000,10000.0000,9967.9418,9903.8909,9967.1418,9901.4089,9999.8703,9999.1879
2026-09-13 00:33:04,2026-09-12 23:00,0.00000000,9969.3743,9907.9553,10000.0000,10000.0000,9967.9418,9903.8909,9967.1418,9901.4089,9999.8703,9999.1879
2026-09-13 00:38:13,2026-09-12 23:00,0.00000000,9969.3743,9907.9553,10000.0000,10000.0000,9967.9418,9903.8909,9967.1418,9901.4089,9999.8703,9999.1879
2026-09-13 00:43:22,2026-09-12 23:00,0.00000000,9969.3743,9907.9553,10000.0000,10000.0000,9967.9418,9903.8909,9967.1418,9901.4089,9999.8703,9999.1879
2026-09-13 00:48:31,2026-09-12 23:00,0.00000000,9969.3743,9907.9553,10000.0000,10000.0000,9967.9418,9903.8909,9967.1418,9901.4089,9999.8703,9999.1879
2026-09-13 00:53:39,2026-09-12 23:00,0.00000000,9969.3743,9907.9553,10000.0000,10000.0000,9967.9418,9903.8909,9967.1418,9901.4089,9999.8703,9999.1879
2026-09-13 00:58:48,2026-09-12 23:00,0.00000000,9969.3743,9907.9553,10000.0000,10000.0000,9967.9418,9903.8909,9967.1418,9901.4089,9999.8703,9999.1879
2026-09-13 01:04:05,2026-09-13 00:00,0.00098427,9966.9749,9900.8014,10000.0000,10000.0000,9966.7416,9900.3132,9969.5868,9908.6954,10005.3215,10015.5406
2026-09-13 01:09:21,2026-09-13 00:00,0.00000000,9966.8543,9900.4421,10000.0000,10000.0000,9966.7032,9900.1987,9969.6789,9908.9699,10005.3230,10015.5449
2026-09-13 01:14:37,2026-09-13 00:00,0.00000000,9966.7338,9900.0827,10000.0000,10000.0000,9966.6648,9900.0843,9969.7709,9909.2445,10005.3244,10015.5492
2026-09-13 01:19:53,2026-09-13 00:00,0.00000000,9966.6132,9899.7234,10000.0000,10000.0000,9966.6264,9899.9699,9969.8630,9909.5191,10005.3258,10015.5535
2026-09-13 01:25:10,2026-09-13 00:00,0.00000000,9966.4926,9899.3640,10000.0000,10000.0000,9966.5880,9899.8555,9969.9551,9909.7937,10005.3273,10015.5577
2026-09-13 01:30:25,2026-09-13 00:00,0.00000000,9966.3720,9899.0047,10000.0000,10000.0000,9966.5496,9899.7410,9970.0472,9910.0683,10005.3287,10015.5620
2026-09-13 01:35:42,2026-09-13 00:00,0.00000000,9966.2514,9898.6454,10000.0000,10000.0000,9966.5112,9899.6266,9970.1393,9910.3429,10005.3301,10015.5663
2026-09-13 01:40:58,2026-09-13 00:00,0.00000000,9966.1308,9898.2861,10000.0000,10000.0000,9966.4728,9899.5122,9970.2314,9910.6176,10005.3315,10015.5706
2026-09-13 01:46:14,2026-09-13 00:00,0.00000000,9966.0103,9897.9268,10000.0000,10000.0000,9966.4344,9899.3978,9970.3235,9910.8922,10005.3330,10015.5749
2026-09-13 01:51:31,2026-09-13 00:00,0.00000000,9965.8897,9897.5676,10000.0000,10000.0000,9966.3960,9899.2834,9970.4156,9911.1668,10005.3344,10015.5792
2026-09-13 01:56:47,2026-09-13 00:00,0.00000000,9965.7691,9897.2083,10000.0000,10000.0000,9966.3576,9899.1690,9970.5077,9911.4415,10005.3358,10015.5835
2026-09-13 02:01:56,2026-09-13 01:00,0.00081567,9956.2912,9868.9701,10000.0000,10000.0000,9959.5160,9878.7825,9969.5521,9908.5917,9995.1268,9984.9251
2026-09-13 02:07:05,2026-09-13 01:00,0.00000000,9956.2912,9868.9701,10000.0000,10000.0000,9959.5160,9878.7825,9969.5521,9908.5917,9995.1268,9984.9251
2026-09-13 02:12:14,2026-09-13 01:00,0.00000000,9956.2912,9868.9701,10000.0000,10000.0000,9959.5160,9878.7825,9969.5521,9908.5917,9995.1268,9984.9251
2026-09-13 02:17:23,2026-09-13 01:00,0.00000000,9956.2912,9868.9701,10000.0000,10000.0000,9959.5160,9878.7825,9969.5521,9908.5917,9995.1268,9984.9251
2026-09-13 02:22:32,2026-09-13 01:00,0.00000000,9956.2912,9868.9701,10000.0000,10000.0000,9959.5160,9878.7825,9969.5521,9908.5917,9995.1268,9984.9251
2026-09-13 02:27:41,2026-09-13 01:00,0.00000000,9956.2912,9868.9701,10000.0000,10000.0000,9959.5160,9878.7825,9969.5521,9908.5917,9995.1268,9984.9251
2026-09-13 02:32:50,2026-09-13 01:00,0.00000000,9956.2912,9868.9701,10000.0000,10000.0000,9959.5160,9878.7825,9969.5521,9908.5917,9995.1268,9984.9251
2026-09-13 02:37:59,2026-09-13 01:00,0.00000000,9956.2912,9868.9701,10000.0000,10000.0000,9959.5160,9878.7825,9969.5521,9908.5917,9995.1268,9984.9251
2026-09-13 02:43:08,2026-09-13 01:00,0.00000000,9956.2912,9868.9701,10000.0000,10000.0000,9959.5160,9878.7825,9969.5521,9908.5917,9995.1268,9984.9251
2026-09-13 02:48:18,2026-09-13 01:00,0.00000000,9956.2912,9868.9701,10000.0000,10000.0000,9959.5160,9878.7825,9969.5521,9908.5917,9995.1268,9984.9251
2026-09-13 02:53:27,2026-09-13 01:00,0.00000000,9956.2912,9868.9701,10000.0000,10000.0000,9959.5160,9878.7825,9969.5521,9908.5917,9995.1268,9984.9251
2026-09-13 02:58:36,2026-09-13 01:00,0.00000000,9956.2912,9868.9701,10000.0000,10000.0000,9959.5160,9878.7825,9969.5521,9908.5917,9995.1268,9984.9251
2026-09-13 03:03:45,2026-09-13 02:00,-0.00085205,9963.4638,9890.2992,10000.0000,10000.0000,9966.6506,9900.0128,9977.7187,9932.9417,10011.1528,10032.9539
2026-09-13 03:08:54,2026-09-13 02:00,0.00000000,9963.4638,9890.2992,10000.0000,10000.0000,9966.6506,9900.0128,9977.7187,9932.9417,10011.1528,10032.9539
2026-09-13 03:14:03,2026-09-13 02:00,0.00000000,9963.4638,9890.2992,10000.0000,10000.0000,9966.6506,9900.0128,9977.7187,9932.9417,10011.1528,10032.9539
2026-09-13 03:19:12,2026-09-13 02:00,0.00000000,9963.4638,9890.2992,10000.0000,10000.0000,9966.6506,9900.0128,9977.7187,9932.9417,10011.1528,10032.9539
2026-09-13 03:24:22,2026-09-13 02:00,0.00000000,9963.4638,9890.2992,10000.0000,10000.0000,9966.6506,9900.0128,9977.7187,9932.9417,10011.1528,10032.9539
2026-09-13 03:29:30,2026-09-13 02:00,0.00000000,9963.4638,9890.2992,10000.0000,10000.0000,9966.6506,9900.0128,9977.7187,9932.9417,10011.1528,10032.9539
2026-09-13 03:34:40,2026-09-13 02:00,0.00000000,9963.4638,9890.2992,10000.0000,10000.0000,9966.6506,9900.0128,9977.7187,9932.9417,10011.1528,10032.9539
2026-09-13 03:39:49,2026-09-13 02:00,0.00000000,9963.4638,9890.2992,10000.0000,10000.0000,9966.6506,9900.0128,9977.7187,9932.9417,10011.1528,10032.9539
2026-09-13 03:44:58,2026-09-13 02:00,0.00000000,9963.4638,9890.2992,10000.0000,10000.0000,9966.6506,9900.0128,9977.7187,9932.9417,10011.1528,10032.9539
2026-09-13 03:50:09,2026-09-13 02:00,0.00000000,9963.4638,9890.2992,10000.0000,10000.0000,9966.6506,9900.0128,9977.7187,9932.9417,10011.1528,10032.9539
2026-09-13 03:55:18,2026-09-13 02:00,0.00000000,9963.4638,9890.2992,10000.0000,10000.0000,9966.6506,9900.0128,9977.7187,9932.9417,10011.1528,10032.9539
2026-09-13 04:00:27,2026-09-13 03:00,-0.00255363,9949.9232,9849.9760,10000.0000,10000.0000,9958.2464,9874.9687,9970.0266,9909.9690,10003.9003,10011.1491
2026-09-13 04:05:37,2026-09-13 03:00,0.00000000,9949.9232,9849.9760,10000.0000,10000.0000,9958.2464,9874.9687,9970.0266,9909.9690,10003.9003,10011.1491
2026-09-13 04:10:47,2026-09-13 03:00,0.00000000,9949.9232,9849.9760,10000.0000,10000.0000,9958.2464,9874.9687,9970.0266,9909.9690,10003.9003,10011.1491
2026-09-13 04:15:57,2026-09-13 03:00,0.00000000,9949.9232,9849.9760,10000.0000,10000.0000,9958.2464,9874.9687,9970.0266,9909.9690,10003.9003,10011.1491
2026-09-13 04:21:06,2026-09-13 03:00,0.00000000,9949.9232,9849.9760,10000.0000,10000.0000,9958.2464,9874.9687,9970.0266,9909.9690,10003.9003,10011.1491
2026-09-13 04:26:15,2026-09-13 03:00,0.00000000,9949.9232,9849.9760,10000.0000,10000.0000,9958.2464,9874.9687,9970.0266,9909.9690,10003.9003,10011.1491
2026-09-13 04:31:25,2026-09-13 03:00,0.00000000,9949.9232,9849.9760,10000.0000,10000.0000,9958.2464,9874.9687,9970.0266,9909.9690,10003.9003,10011.1491
2026-09-13 04:36:34,2026-09-13 03:00,0.00000000,9949.9232,9849.9760,10000.0000,10000.0000,9958.2464,9874.9687,9970.0266,9909.9690,10003.9003,10011.1491
2026-09-13 04:41:44,2026-09-13 03:00,0.00000000,9949.9232,9849.9760,10000.0000,10000.0000,9958.2464,9874.9687,9970.0266,9909.9690,10003.9003,10011.1491
2026-09-13 04:46:53,2026-09-13 03:00,0.00000000,9949.9232,9849.9760,10000.0000,10000.0000,9958.2464,9874.9687,9970.0266,9909.9690,10003.9003,10011.1491
2026-09-13 04:52:03,2026-09-13 03:00,0.00000000,9949.9232,9849.9760,10000.0000,10000.0000,9958.2464,9874.9687,9970.0266,9909.9690,10003.9003,10011.1491
2026-09-13 04:57:12,2026-09-13 03:00,0.00000000,9949.9232,9849.9760,10000.0000,10000.0000,9958.2464,9874.9687,9970.0266,9909.9690,10003.9003,10011.1491
2026-09-13 05:02:20,2026-09-13 04:00,0.00092842,9945.5587,9837.0139,10000.0000,10000.0000,9955.1097,9865.6375,9970.2965,9910.7739,9989.5253,9967.9928
2026-09-13 05:07:29,2026-09-13 04:00,0.00000000,9945.5587,9837.0139,10000.0000,10000.0000,9955.1097,9865.6375,9970.2965,9910.7739,9989.5253,9967.9928
2026-09-13 05:12:39,2026-09-13 04:00,0.00000000,9945.5587,9837.0139,10000.0000,10000.0000,9955.1097,9865.6375,9970.2965,9910.7739,9989.5253,9967.9928
2026-09-13 05:17:47,2026-09-13 04:00,0.00000000,9945.5587,9837.0139,10000.0000,10000.0000,9955.1097,9865.6375,9970.2965,9910.7739,9989.5253,9967.9928
2026-09-13 05:22:56,2026-09-13 04:00,0.00000000,9945.5587,9837.0139,10000.0000,10000.0000,9955.1097,9865.6375,9970.2965,9910.7739,9989.5253,9967.9928
2026-09-13 05:28:05,2026-09-13 04:00,0.00000000,9945.5587,9837.0139,10000.0000,10000.0000,9955.1097,9865.6375,9970.2965,9910.7739,9989.5253,9967.9928
2026-09-13 05:33:15,2026-09-13 04:00,0.00000000,9945.5587,9837.0139,10000.0000,10000.0000,9955.1097,9865.6375,9970.2965,9910.7739,9989.5253,9967.9928
2026-09-13 05:38:24,2026-09-13 04:00,0.00000000,9945.5587,9837.0139,10000.0000,10000.0000,9955.1097,9865.6375,9970.2965,9910.7739,9989.5253,9967.9928
2026-09-13 05:43:34,2026-09-13 04:00,0.00000000,9945.5587,9837.0139,10000.0000,10000.0000,9955.1097,9865.6375,9970.2965,9910.7739,9989.5253,9967.9928
2026-09-13 05:48:42,2026-09-13 04:00,0.00000000,9945.5587,9837.0139,10000.0000,10000.0000,9955.1097,9865.6375,9970.2965,9910.7739,9989.5253,9967.9928
2026-09-13 05:53:52,2026-09-13 04:00,0.00000000,9945.5587,9837.0139,10000.0000,10000.0000,9955.1097,9865.6375,9970.2965,9910.7739,9989.5253,9967.9928
2026-09-13 05:59:01,2026-09-13 04:00,0.00000000,9945.5587,9837.0139,10000.0000,10000.0000,9955.1097,9865.6375,9970.2965,9910.7739,9989.5253,9967.9928
2026-09-13 06:04:10,2026-09-13 05:00,0.00348835,9951.2023,9853.7599,10000.0000,10000.0000,9957.4048,9872.4609,9980.5740,9941.4223,10000.7875,10001.7066
2026-09-13 06:09:20,2026-09-13 05:00,0.00000000,9951.2023,9853.7599,10000.0000,10000.0000,9957.4048,9872.4609,9980.5740,9941.4223,10000.7875,10001.7066
2026-09-13 06:14:28,2026-09-13 05:00,0.00000000,9951.2023,9853.7599,10000.0000,10000.0000,9957.4048,9872.4609,9980.5740,9941.4223,10000.7875,10001.7066
2026-09-13 06:19:39,2026-09-13 05:00,0.00000000,9951.2023,9853.7599,10000.0000,10000.0000,9957.4048,9872.4609,9980.5740,9941.4223,10000.7875,10001.7066
2026-09-13 06:24:48,2026-09-13 05:00,0.00000000,9951.2023,9853.7599,10000.0000,10000.0000,9957.4048,9872.4609,9980.5740,9941.4223,10000.7875,10001.7066
2026-09-13 06:29:56,2026-09-13 05:00,0.00000000,9951.2023,9853.7599,10000.0000,10000.0000,9957.4048,9872.4609,9980.5740,9941.4223,10000.7875,10001.7066
2026-09-13 06:35:07,2026-09-13 05:00,0.00000000,9951.2023,9853.7599,10000.0000,10000.0000,9957.4048,9872.4609,9980.5740,9941.4223,10000.7875,10001.7066
2026-09-13 06:40:17,2026-09-13 05:00,0.00000000,9951.2023,9853.7599,10000.0000,10000.0000,9957.4048,9872.4609,9980.5740,9941.4223,10000.7875,10001.7066
2026-09-13 06:45:26,2026-09-13 05:00,0.00000000,9951.2023,9853.7599,10000.0000,10000.0000,9957.4048,9872.4609,9980.5740,9941.4223,10000.7875,10001.7066
2026-09-13 06:50:35,2026-09-13 05:00,0.00000000,9951.2023,9853.7599,10000.0000,10000.0000,9957.4048,9872.4609,9980.5740,9941.4223,10000.7875,10001.7066
2026-09-13 06:55:44,2026-09-13 05:00,0.00000000,9951.2023,9853.7599,10000.0000,10000.0000,9957.4048,9872.4609,9980.5740,9941.4223,10000.7875,10001.7066
2026-09-13 07:00:53,2026-09-13 06:00,-0.00500699,9955.3127,9865.9704,10000.0000,10000.0000,9958.9879,9877.1695,9993.9006,9981.2452,9983.5143,9949.8824
2026-09-13 07:06:02,2026-09-13 06:00,0.00000000,9955.3127,9865.9704,10000.0000,10000.0000,9958.9879,9877.1695,9993.9006,9981.2452,9983.5143,9949.8824
2026-09-13 07:11:12,2026-09-13 06:00,0.00000000,9955.3127,9865.9704,10000.0000,10000.0000,9958.9879,9877.1695,9993.9006,9981.2452,9983.5143,9949.8824
2026-09-13 07:16:21,2026-09-13 06:00,0.00000000,9955.3127,9865.9704,10000.0000,10000.0000,9958.9879,9877.1695,9993.9006,9981.2452,9983.5143,9949.8824
2026-09-13 07:21:30,2026-09-13 06:00,0.00000000,9955.3127,9865.9704,10000.0000,10000.0000,9958.9879,9877.1695,9993.9006,9981.2452,9983.5143,9949.8824
2026-09-13 07:26:39,2026-09-13 06:00,0.00000000,9955.3127,9865.9704,10000.0000,10000.0000,9958.9879,9877.1695,9993.9006,9981.2452,9983.5143,9949.8824
2026-09-13 07:31:48,2026-09-13 06:00,0.00000000,9955.3127,9865.9704,10000.0000,10000.0000,9958.9879,9877.1695,9993.9006,9981.2452,9983.5143,9949.8824
2026-09-13 07:36:57,2026-09-13 06:00,0.00000000,9955.3127,9865.9704,10000.0000,10000.0000,9958.9879,9877.1695,9993.9006,9981.2452,9983.5143,9949.8824
2026-09-13 07:42:07,2026-09-13 06:00,0.00000000,9955.3127,9865.9704,10000.0000,10000.0000,9958.9879,9877.1695,9993.9006,9981.2452,9983.5143,9949.8824
2026-09-13 07:47:16,2026-09-13 06:00,0.00000000,9955.3127,9865.9704,10000.0000,10000.0000,9958.9879,9877.1695,9993.9006,9981.2452,9983.5143,9949.8824
2026-09-13 07:52:25,2026-09-13 06:00,0.00000000,9955.3127,9865.9704,10000.0000,10000.0000,9958.9879,9877.1695,9993.9006,9981.2452,9983.5143,9949.8824
2026-09-13 07:57:35,2026-09-13 06:00,0.00000000,9955.3127,9865.9704,10000.0000,10000.0000,9958.9879,9877.1695,9993.9006,9981.2452,9983.5143,9949.8824
2026-09-13 08:02:44,2026-09-13 07:00,-0.00256580,9943.7594,9831.6214,10000.0000,10000.0000,9953.0092,9859.3810,9982.3894,9946.7554,9971.5793,9914.1979
2026-09-13 08:07:53,2026-09-13 07:00,0.00000000,9943.7594,9831.6214,10000.0000,10000.0000,9953.0092,9859.3810,9982.3894,9946.7554,9971.5793,9914.1979
2026-09-13 08:13:02,2026-09-13 07:00,0.00000000,9943.7594,9831.6214,10000.0000,10000.0000,9953.0092,9859.3810,9982.3894,9946.7554,9971.5793,9914.1979
2026-09-13 08:18:11,2026-09-13 07:00,0.00000000,9943.7594,9831.6214,10000.0000,10000.0000,9953.0092,9859.3810,9982.3894,9946.7554,9971.5793,9914.1979
2026-09-13 08:23:22,2026-09-13 07:00,0.00000000,9943.7594,9831.6214,10000.0000,10000.0000,9953.0092,9859.3810,9982.3894,9946.7554,9971.5793,9914.1979
2026-09-13 08:28:31,2026-09-13 07:00,0.00000000,9943.7594,9831.6214,10000.0000,10000.0000,9953.0092,9859.3810,9982.3894,9946.7554,9971.5793,9914.1979
2026-09-13 08:33:39,2026-09-13 07:00,0.00000000,9943.7594,9831.6214,10000.0000,10000.0000,9953.0092,9859.3810,9982.3894,9946.7554,9971.5793,9914.1979
2026-09-13 08:38:48,2026-09-13 07:00,0.00000000,9943.7594,9831.6214,10000.0000,10000.0000,9953.0092,9859.3810,9982.3894,9946.7554,9971.5793,9914.1979
2026-09-13 08:43:58,2026-09-13 07:00,0.00000000,9943.7594,9831.6214,10000.0000,10000.0000,9953.0092,9859.3810,9982.3894,9946.7554,9971.5793,9914.1979
2026-09-13 08:49:07,2026-09-13 07:00,0.00000000,9943.7594,9831.6214,10000.0000,10000.0000,9953.0092,9859.3810,9982.3894,9946.7554,9971.5793,9914.1979
2026-09-13 08:54:16,2026-09-13 07:00,0.00000000,9943.7594,9831.6214,10000.0000,10000.0000,9953.0092,9859.3810,9982.3894,9946.7554,9971.5793,9914.1979
2026-09-13 08:59:25,2026-09-13 07:00,0.00000000,9943.7594,9831.6214,10000.0000,10000.0000,9953.0092,9859.3810,9982.3894,9946.7554,9971.5793,9914.1979
2026-09-13 09:04:41,2026-09-13 08:00,-0.00757700,9957.2327,9871.5857,10000.0000,10000.0000,9956.9934,9871.2209,9975.1585,9925.1400,9957.5815,9872.4460
2026-09-13 09:09:57,2026-09-13 08:00,0.00000000,9951.0878,9853.3099,10000.0000,10000.0000,9954.5331,9863.9038,9971.3950,9913.9066,9954.8163,9864.2219
2026-09-13 09:15:14,2026-09-13 08:00,0.00000000,9950.9171,9852.8030,10000.0000,10000.0000,9954.4625,9863.6939,9971.2226,9913.3923,9954.4409,9863.1061
2026-09-13 09:20:31,2026-09-13 08:00,0.00000000,9950.7465,9852.2961,10000.0000,10000.0000,9954.3919,9863.4840,9971.0502,9912.8781,9954.0656,9861.9904
2026-09-13 09:25:46,2026-09-13 08:00,0.00000000,9950.5758,9851.7893,10000.0000,10000.0000,9954.3213,9863.2742,9970.8778,9912.3639,9953.6903,9860.8748
2026-09-13 09:31:02,2026-09-13 08:00,0.00000000,9950.4052,9851.2825,10000.0000,10000.0000,9954.2507,9863.0643,9970.7054,9911.8497,9953.3149,9859.7594
2026-09-13 09:36:18,2026-09-13 08:00,0.00000000,9950.2346,9850.7757,10000.0000,10000.0000,9954.1801,9862.8545,9970.5330,9911.3356,9952.9396,9858.6441
2026-09-13 09:41:35,2026-09-13 08:00,0.00000000,9950.0640,9850.2689,10000.0000,10000.0000,9954.1095,9862.6446,9970.3606,9910.8214,9952.5644,9857.5289
2026-09-13 09:46:51,2026-09-13 08:00,0.00000000,9949.8933,9849.7622,10000.0000,10000.0000,9954.0389,9862.4348,9970.1882,9910.3073,9952.1891,9856.4138
2026-09-13 09:52:08,2026-09-13 08:00,0.00000000,9949.7227,9849.2555,10000.0000,10000.0000,9953.9683,9862.2249,9970.0158,9909.7932,9951.8138,9855.2989
2026-09-13 09:57:24,2026-09-13 08:00,0.00000000,9949.5521,9848.7488,10000.0000,10000.0000,9953.8977,9862.0151,9969.8434,9909.2792,9951.4386,9854.1841
2026-09-13 10:02:34,2026-09-13 09:00,0.00196234,9955.0327,9865.0241,10000.0000,10000.0000,9958.8269,9876.6660,9985.7906,9956.8301,9936.5591,9809.9818
2026-09-13 10:07:44,2026-09-13 09:00,0.00000000,9955.0327,9865.0241,10000.0000,10000.0000,9958.8269,9876.6660,9985.7906,9956.8301,9936.5591,9809.9818
2026-09-13 10:12:53,2026-09-13 09:00,0.00000000,9955.0327,9865.0241,10000.0000,10000.0000,9958.8269,9876.6660,9985.7906,9956.8301,9936.5591,9809.9818
2026-09-13 10:18:03,2026-09-13 09:00,0.00000000,9955.0327,9865.0241,10000.0000,10000.0000,9958.8269,9876.6660,9985.7906,9956.8301,9936.5591,9809.9818
2026-09-13 10:23:12,2026-09-13 09:00,0.00000000,9955.0327,9865.0241,10000.0000,10000.0000,9958.8269,9876.6660,9985.7906,9956.8301,9936.5591,9809.9818
2026-09-13 10:28:21,2026-09-13 09:00,0.00000000,9955.0327,9865.0241,10000.0000,10000.0000,9958.8269,9876.6660,9985.7906,9956.8301,9936.5591,9809.9818
2026-09-13 10:33:30,2026-09-13 09:00,0.00000000,9955.0327,9865.0241,10000.0000,10000.0000,9958.8269,9876.6660,9985.7906,9956.8301,9936.5591,9809.9818
2026-09-13 10:38:39,2026-09-13 09:00,0.00000000,9955.0327,9865.0241,10000.0000,10000.0000,9958.8269,9876.6660,9985.7906,9956.8301,9936.5591,9809.9818
2026-09-13 10:43:48,2026-09-13 09:00,0.00000000,9955.0327,9865.0241,10000.0000,10000.0000,9958.8269,9876.6660,9985.7906,9956.8301,9936.5591,9809.9818
2026-09-13 10:48:58,2026-09-13 09:00,0.00000000,9955.0327,9865.0241,10000.0000,10000.0000,9958.8269,9876.6660,9985.7906,9956.8301,9936.5591,9809.9818
2026-09-13 10:54:06,2026-09-13 09:00,0.00000000,9955.0327,9865.0241,10000.0000,10000.0000,9958.8269,9876.6660,9985.7906,9956.8301,9936.5591,9809.9818
2026-09-13 10:59:16,2026-09-13 09:00,0.00000000,9955.0327,9865.0241,10000.0000,10000.0000,9958.8269,9876.6660,9985.7906,9956.8301,9936.5591,9809.9818
2026-09-13 11:04:24,2026-09-13 10:00,-0.00362807,9954.7393,9864.1517,10000.0000,10000.0000,9963.3278,9890.0576,9972.8457,9918.1081,9926.6355,9780.5904
2026-09-13 11:09:34,2026-09-13 10:00,0.00000000,9954.7393,9864.1517,10000.0000,10000.0000,9963.3278,9890.0576,9972.8457,9918.1081,9926.6355,9780.5904
2026-09-13 11:14:43,2026-09-13 10:00,0.00000000,9954.7393,9864.1517,10000.0000,10000.0000,9963.3278,9890.0576,9972.8457,9918.1081,9926.6355,9780.5904
2026-09-13 11:19:53,2026-09-13 10:00,0.00000000,9954.7393,9864.1517,10000.0000,10000.0000,9963.3278,9890.0576,9972.8457,9918.1081,9926.6355,9780.5904
2026-09-13 11:25:03,2026-09-13 10:00,0.00000000,9954.7393,9864.1517,10000.0000,10000.0000,9963.3278,9890.0576,9972.8457,9918.1081,9926.6355,9780.5904
2026-09-13 11:30:12,2026-09-13 10:00,0.00000000,9954.7393,9864.1517,10000.0000,10000.0000,9963.3278,9890.0576,9972.8457,9918.1081,9926.6355,9780.5904
2026-09-13 11:35:22,2026-09-13 10:00,0.00000000,9954.7393,9864.1517,10000.0000,10000.0000,9963.3278,9890.0576,9972.8457,9918.1081,9926.6355,9780.5904
2026-09-13 11:40:31,2026-09-13 10:00,0.00000000,9954.7393,9864.1517,10000.0000,10000.0000,9963.3278,9890.0576,9972.8457,9918.1081,9926.6355,9780.5904
2026-09-13 11:45:40,2026-09-13 10:00,0.00000000,9954.7393,9864.1517,10000.0000,10000.0000,9963.3278,9890.0576,9972.8457,9918.1081,9926.6355,9780.5904
2026-09-13 11:50:49,2026-09-13 10:00,0.00000000,9954.7393,9864.1517,10000.0000,10000.0000,9963.3278,9890.0576,9972.8457,9918.1081,9926.6355,9780.5904
2026-09-13 11:55:58,2026-09-13 10:00,0.00000000,9954.7393,9864.1517,10000.0000,10000.0000,9963.3278,9890.0576,9972.8457,9918.1081,9926.6355,9780.5904
2026-09-13 12:01:06,2026-09-13 11:00,0.00387045,9965.1152,9894.9963,10000.0000,10000.0000,9966.1762,9898.5397,9990.5687,9970.9852,9924.4289,9774.0678
2026-09-13 12:06:15,2026-09-13 11:00,0.00000000,9965.1152,9894.9963,10000.0000,10000.0000,9966.1762,9898.5397,9990.5687,9970.9852,9924.4289,9774.0678
2026-09-13 12:11:25,2026-09-13 11:00,0.00000000,9965.1152,9894.9963,10000.0000,10000.0000,9966.1762,9898.5397,9990.5687,9970.9852,9924.4289,9774.0678
2026-09-13 12:16:34,2026-09-13 11:00,0.00000000,9965.1152,9894.9963,10000.0000,10000.0000,9966.1762,9898.5397,9990.5687,9970.9852,9924.4289,9774.0678
2026-09-13 12:21:43,2026-09-13 11:00,0.00000000,9965.1152,9894.9963,10000.0000,10000.0000,9966.1762,9898.5397,9990.5687,9970.9852,9924.4289,9774.0678
2026-09-13 12:26:52,2026-09-13 11:00,0.00000000,9965.1152,9894.9963,10000.0000,10000.0000,9966.1762,9898.5397,9990.5687,9970.9852,9924.4289,9774.0678
2026-09-13 12:32:01,2026-09-13 11:00,0.00000000,9965.1152,9894.9963,10000.0000,10000.0000,9966.1762,9898.5397,9990.5687,9970.9852,9924.4289,9774.0678
2026-09-13 12:37:10,2026-09-13 11:00,0.00000000,9965.1152,9894.9963,10000.0000,10000.0000,9966.1762,9898.5397,9990.5687,9970.9852,9924.4289,9774.0678
2026-09-13 12:42:19,2026-09-13 11:00,0.00000000,9965.1152,9894.9963,10000.0000,10000.0000,9966.1762,9898.5397,9990.5687,9970.9852,9924.4289,9774.0678
2026-09-13 12:47:29,2026-09-13 11:00,0.00000000,9965.1152,9894.9963,10000.0000,10000.0000,9966.1762,9898.5397,9990.5687,9970.9852,9924.4289,9774.0678
2026-09-13 12:52:38,2026-09-13 11:00,0.00000000,9965.1152,9894.9963,10000.0000,10000.0000,9966.1762,9898.5397,9990.5687,9970.9852,9924.4289,9774.0678
2026-09-13 12:57:46,2026-09-13 11:00,0.00000000,9965.1152,9894.9963,10000.0000,10000.0000,9966.1762,9898.5397,9990.5687,9970.9852,9924.4289,9774.0678
2026-09-13 13:02:56,2026-09-13 12:00,0.00160221,9980.2154,9939.9779,10000.0000,10000.0000,9981.7937,9945.0745,10011.9400,10034.9734,9930.2312,9791.2109
2026-09-13 13:08:05,2026-09-13 12:00,0.00000000,9980.2154,9939.9779,10000.0000,10000.0000,9981.7937,9945.0745,10011.9400,10034.9734,9930.2312,9791.2109
2026-09-13 13:13:15,2026-09-13 12:00,0.00000000,9980.2154,9939.9779,10000.0000,10000.0000,9981.7937,9945.0745,10011.9400,10034.9734,9930.2312,9791.2109
2026-09-13 13:18:24,2026-09-13 12:00,0.00000000,9980.2154,9939.9779,10000.0000,10000.0000,9981.7937,9945.0745,10011.9400,10034.9734,9930.2312,9791.2109
2026-09-13 13:23:32,2026-09-13 12:00,0.00000000,9980.2154,9939.9779,10000.0000,10000.0000,9981.7937,9945.0745,10011.9400,10034.9734,9930.2312,9791.2109
2026-09-13 13:28:41,2026-09-13 12:00,0.00000000,9980.2154,9939.9779,10000.0000,10000.0000,9981.7937,9945.0745,10011.9400,10034.9734,9930.2312,9791.2109
2026-09-13 13:33:50,2026-09-13 12:00,0.00000000,9980.2154,9939.9779,10000.0000,10000.0000,9981.7937,9945.0745,10011.9400,10034.9734,9930.2312,9791.2109
2026-09-13 13:38:59,2026-09-13 12:00,0.00000000,9980.2154,9939.9779,10000.0000,10000.0000,9981.7937,9945.0745,10011.9400,10034.9734,9930.2312,9791.2109
2026-09-13 13:44:08,2026-09-13 12:00,0.00000000,9980.2154,9939.9779,10000.0000,10000.0000,9981.7937,9945.0745,10011.9400,10034.9734,9930.2312,9791.2109
2026-09-13 13:49:17,2026-09-13 12:00,0.00000000,9980.2154,9939.9779,10000.0000,10000.0000,9981.7937,9945.0745,10011.9400,10034.9734,9930.2312,9791.2109
2026-09-13 13:54:26,2026-09-13 12:00,0.00000000,9980.2154,9939.9779,10000.0000,10000.0000,9981.7937,9945.0745,10011.9400,10034.9734,9930.2312,9791.2109
2026-09-13 13:59:35,2026-09-13 12:00,0.00000000,9980.2154,9939.9779,10000.0000,10000.0000,9981.7937,9945.0745,10011.9400,10034.9734,9930.2312,9791.2109
2026-09-13 14:04:44,2026-09-13 13:00,0.00386649,9988.4835,9964.6825,10000.0000,10000.0000,9988.7670,9965.9172,10016.3882,10048.3487,9926.2266,9779.3655
2026-09-13 14:09:53,2026-09-13 13:00,0.00000000,9988.4835,9964.6825,10000.0000,10000.0000,9988.7670,9965.9172,10016.3882,10048.3487,9926.2266,9779.3655
2026-09-13 14:15:04,2026-09-13 13:00,0.00000000,9988.4835,9964.6825,10000.0000,10000.0000,9988.7670,9965.9172,10016.3882,10048.3487,9926.2266,9779.3655
2026-09-13 14:20:14,2026-09-13 13:00,0.00000000,9988.4835,9964.6825,10000.0000,10000.0000,9988.7670,9965.9172,10016.3882,10048.3487,9926.2266,9779.3655
2026-09-13 14:25:23,2026-09-13 13:00,0.00000000,9988.4835,9964.6825,10000.0000,10000.0000,9988.7670,9965.9172,10016.3882,10048.3487,9926.2266,9779.3655
2026-09-13 14:30:32,2026-09-13 13:00,0.00000000,9988.4835,9964.6825,10000.0000,10000.0000,9988.7670,9965.9172,10016.3882,10048.3487,9926.2266,9779.3655
2026-09-13 14:35:42,2026-09-13 13:00,0.00000000,9988.4835,9964.6825,10000.0000,10000.0000,9988.7670,9965.9172,10016.3882,10048.3487,9926.2266,9779.3655
2026-09-13 14:40:51,2026-09-13 13:00,0.00000000,9988.4835,9964.6825,10000.0000,10000.0000,9988.7670,9965.9172,10016.3882,10048.3487,9926.2266,9779.3655
2026-09-13 14:46:00,2026-09-13 13:00,0.00000000,9988.4835,9964.6825,10000.0000,10000.0000,9988.7670,9965.9172,10016.3882,10048.3487,9926.2266,9779.3655
2026-09-13 14:51:08,2026-09-13 13:00,0.00000000,9988.4835,9964.6825,10000.0000,10000.0000,9988.7670,9965.9172,10016.3882,10048.3487,9926.2266,9779.3655
2026-09-13 14:56:18,2026-09-13 13:00,0.00000000,9988.4835,9964.6825,10000.0000,10000.0000,9988.7670,9965.9172,10016.3882,10048.3487,9926.2266,9779.3655
2026-09-13 15:01:28,2026-09-13 14:00,0.00683189,10066.1214,10197.0411,10000.0000,10000.0000,10044.7074,10133.3547,10088.0520,10264.0261,9937.4077,9812.4124
2026-09-13 15:06:37,2026-09-13 14:00,0.00000000,10066.1214,10197.0411,10000.0000,10000.0000,10044.7074,10133.3547,10088.0520,10264.0261,9937.4077,9812.4124
2026-09-13 15:11:46,2026-09-13 14:00,0.00000000,10066.1214,10197.0411,10000.0000,10000.0000,10044.7074,10133.3547,10088.0520,10264.0261,9937.4077,9812.4124
2026-09-13 15:16:55,2026-09-13 14:00,0.00000000,10066.1214,10197.0411,10000.0000,10000.0000,10044.7074,10133.3547,10088.0520,10264.0261,9937.4077,9812.4124
2026-09-13 15:22:04,2026-09-13 14:00,0.00000000,10066.1214,10197.0411,10000.0000,10000.0000,10044.7074,10133.3547,10088.0520,10264.0261,9937.4077,9812.4124
2026-09-13 15:27:13,2026-09-13 14:00,0.00000000,10066.1214,10197.0411,10000.0000,10000.0000,10044.7074,10133.3547,10088.0520,10264.0261,9937.4077,9812.4124
2026-09-13 15:32:23,2026-09-13 14:00,0.00000000,10066.1214,10197.0411,10000.0000,10000.0000,10044.7074,10133.3547,10088.0520,10264.0261,9937.4077,9812.4124
2026-09-13 15:37:32,2026-09-13 14:00,0.00000000,10066.1214,10197.0411,10000.0000,10000.0000,10044.7074,10133.3547,10088.0520,10264.0261,9937.4077,9812.4124
2026-09-13 15:42:40,2026-09-13 14:00,0.00000000,10066.1214,10197.0411,10000.0000,10000.0000,10044.7074,10133.3547,10088.0520,10264.0261,9937.4077,9812.4124
2026-09-13 15:47:49,2026-09-13 14:00,0.00000000,10066.1214,10197.0411,10000.0000,10000.0000,10044.7074,10133.3547,10088.0520,10264.0261,9937.4077,9812.4124
2026-09-13 15:52:58,2026-09-13 14:00,0.00000000,10066.1214,10197.0411,10000.0000,10000.0000,10044.7074,10133.3547,10088.0520,10264.0261,9937.4077,9812.4124
2026-09-13 15:58:07,2026-09-13 14:00,0.00000000,10066.1214,10197.0411,10000.0000,10000.0000,10044.7074,10133.3547,10088.0520,10264.0261,9937.4077,9812.4124
2026-09-13 16:03:16,2026-09-13 15:00,-0.00216002,10140.0987,10421.8595,10000.0000,10000.0000,10094.3531,10283.6063,10131.1800,10395.6672,9919.2663,9758.6728
2026-09-13 16:08:25,2026-09-13 15:00,0.00000000,10140.0987,10421.8595,10000.0000,10000.0000,10094.3531,10283.6063,10131.1800,10395.6672,9919.2663,9758.6728
2026-09-13 16:13:34,2026-09-13 15:00,0.00000000,10140.0987,10421.8595,10000.0000,10000.0000,10094.3531,10283.6063,10131.1800,10395.6672,9919.2663,9758.6728
2026-09-13 16:18:43,2026-09-13 15:00,0.00000000,10140.0987,10421.8595,10000.0000,10000.0000,10094.3531,10283.6063,10131.1800,10395.6672,9919.2663,9758.6728
2026-09-13 16:23:52,2026-09-13 15:00,0.00000000,10140.0987,10421.8595,10000.0000,10000.0000,10094.3531,10283.6063,10131.1800,10395.6672,9919.2663,9758.6728
2026-09-13 16:29:01,2026-09-13 15:00,0.00000000,10140.0987,10421.8595,10000.0000,10000.0000,10094.3531,10283.6063,10131.1800,10395.6672,9919.2663,9758.6728
2026-09-13 16:34:10,2026-09-13 15:00,0.00000000,10140.0987,10421.8595,10000.0000,10000.0000,10094.3531,10283.6063,10131.1800,10395.6672,9919.2663,9758.6728
2026-09-13 16:39:19,2026-09-13 15:00,0.00000000,10140.0987,10421.8595,10000.0000,10000.0000,10094.3531,10283.6063,10131.1800,10395.6672,9919.2663,9758.6728
2026-09-13 16:44:29,2026-09-13 15:00,0.00000000,10140.0987,10421.8595,10000.0000,10000.0000,10094.3531,10283.6063,10131.1800,10395.6672,9919.2663,9758.6728
2026-09-13 16:49:38,2026-09-13 15:00,0.00000000,10140.0987,10421.8595,10000.0000,10000.0000,10094.3531,10283.6063,10131.1800,10395.6672,9919.2663,9758.6728
2026-09-13 16:54:47,2026-09-13 15:00,0.00000000,10140.0987,10421.8595,10000.0000,10000.0000,10094.3531,10283.6063,10131.1800,10395.6672,9919.2663,9758.6728
2026-09-13 16:59:57,2026-09-13 15:00,0.00000000,10140.0987,10421.8595,10000.0000,10000.0000,10094.3531,10283.6063,10131.1800,10395.6672,9919.2663,9758.6728
2026-09-13 17:05:16,2026-09-13 16:00,0.00643643,10152.7214,10460.7798,10000.0000,10000.0000,10110.6094,10333.2894,10164.6474,10498.6904,9944.1440,9832.0977
2026-09-13 17:10:32,2026-09-13 16:00,0.00000000,10152.6257,10460.4839,10000.0000,10000.0000,10110.5806,10333.2011,10164.7638,10499.0512,9944.2458,9832.3995
2026-09-13 17:15:48,2026-09-13 16:00,0.00000000,10152.5299,10460.1879,10000.0000,10000.0000,10110.5518,10333.1127,10164.8803,10499.4121,9944.3475,9832.7012
2026-09-13 17:21:04,2026-09-13 16:00,0.00000000,10152.4342,10459.8920,10000.0000,10000.0000,10110.5229,10333.0243,10164.9967,10499.7729,9944.4492,9833.0030
2026-09-13 17:26:29,2026-09-13 16:00,0.00000000,10152.3385,10459.5961,10000.0000,10000.0000,10110.4941,10332.9359,10165.1132,10500.1338,9944.5510,9833.3048
2026-09-13 17:31:46,2026-09-13 16:00,0.00000000,10152.2427,10459.3002,10000.0000,10000.0000,10110.4653,10332.8476,10165.2296,10500.4946,9944.6527,9833.6067
2026-09-13 17:37:02,2026-09-13 16:00,0.00000000,10152.1470,10459.0043,10000.0000,10000.0000,10110.4365,10332.7592,10165.3461,10500.8555,9944.7545,9833.9085
2026-09-13 17:42:19,2026-09-13 16:00,0.00000000,10152.0513,10458.7084,10000.0000,10000.0000,10110.4077,10332.6708,10165.4625,10501.2164,9944.8562,9834.2103
2026-09-13 17:47:35,2026-09-13 16:00,0.00000000,10151.9555,10458.4125,10000.0000,10000.0000,10110.3788,10332.5824,10165.5790,10501.5773,9944.9580,9834.5121
2026-09-13 17:52:51,2026-09-13 16:00,0.00000000,10151.8598,10458.1167,10000.0000,10000.0000,10110.3500,10332.4941,10165.6954,10501.9382,9945.0597,9834.8140
2026-09-13 17:58:08,2026-09-13 16:00,0.00000000,10151.7641,10457.8208,10000.0000,10000.0000,10110.3212,10332.4057,10165.8119,10502.2992,9945.1614,9835.1159
2026-09-13 18:03:17,2026-09-13 17:00,0.00155124,10116.8498,10349.9203,10000.0000,10000.0000,10084.6315,10253.6438,10156.3500,10472.9739,9963.0596,9888.2162
2026-09-13 18:08:27,2026-09-13 17:00,0.00000000,10116.8498,10349.9203,10000.0000,10000.0000,10084.6315,10253.6438,10156.3500,10472.9739,9963.0596,9888.2162
2026-09-13 18:13:37,2026-09-13 17:00,0.00000000,10116.8498,10349.9203,10000.0000,10000.0000,10084.6315,10253.6438,10156.3500,10472.9739,9963.0596,9888.2162
2026-09-13 18:18:46,2026-09-13 17:00,0.00000000,10116.8498,10349.9203,10000.0000,10000.0000,10084.6315,10253.6438,10156.3500,10472.9739,9963.0596,9888.2162
2026-09-13 18:23:54,2026-09-13 17:00,0.00000000,10116.8498,10349.9203,10000.0000,10000.0000,10084.6315,10253.6438,10156.3500,10472.9739,9963.0596,9888.2162
2026-09-13 18:29:03,2026-09-13 17:00,0.00000000,10116.8498,10349.9203,10000.0000,10000.0000,10084.6315,10253.6438,10156.3500,10472.9739,9963.0596,9888.2162
2026-09-13 18:34:12,2026-09-13 17:00,0.00000000,10116.8498,10349.9203,10000.0000,10000.0000,10084.6315,10253.6438,10156.3500,10472.9739,9963.0596,9888.2162
2026-09-13 18:39:21,2026-09-13 17:00,0.00000000,10116.8498,10349.9203,10000.0000,10000.0000,10084.6315,10253.6438,10156.3500,10472.9739,9963.0596,9888.2162
2026-09-13 18:44:31,2026-09-13 17:00,0.00000000,10116.8498,10349.9203,10000.0000,10000.0000,10084.6315,10253.6438,10156.3500,10472.9739,9963.0596,9888.2162
2026-09-13 18:49:40,2026-09-13 17:00,0.00000000,10116.8498,10349.9203,10000.0000,10000.0000,10084.6315,10253.6438,10156.3500,10472.9739,9963.0596,9888.2162
2026-09-13 18:54:48,2026-09-13 17:00,0.00000000,10116.8498,10349.9203,10000.0000,10000.0000,10084.6315,10253.6438,10156.3500,10472.9739,9963.0596,9888.2162
2026-09-13 18:59:58,2026-09-13 17:00,0.00000000,10116.8498,10349.9203,10000.0000,10000.0000,10084.6315,10253.6438,10156.3500,10472.9739,9963.0596,9888.2162
2026-09-13 19:05:08,2026-09-13 18:00,0.00255531,10145.0442,10436.4520,10000.0000,10000.0000,10104.4467,10314.0855,10185.4305,10562.9351,9967.9091,9902.6553
2026-09-13 19:10:17,2026-09-13 18:00,0.00000000,10145.0442,10436.4520,10000.0000,10000.0000,10104.4467,10314.0855,10185.4305,10562.9351,9967.9091,9902.6553
2026-09-13 19:15:26,2026-09-13 18:00,0.00000000,10145.0442,10436.4520,10000.0000,10000.0000,10104.4467,10314.0855,10185.4305,10562.9351,9967.9091,9902.6553
2026-09-13 19:20:35,2026-09-13 18:00,0.00000000,10145.0442,10436.4520,10000.0000,10000.0000,10104.4467,10314.0855,10185.4305,10562.9351,9967.9091,9902.6553
2026-09-13 19:25:44,2026-09-13 18:00,0.00000000,10145.0442,10436.4520,10000.0000,10000.0000,10104.4467,10314.0855,10185.4305,10562.9351,9967.9091,9902.6553
2026-09-13 19:30:53,2026-09-13 18:00,0.00000000,10145.0442,10436.4520,10000.0000,10000.0000,10104.4467,10314.0855,10185.4305,10562.9351,9967.9091,9902.6553
2026-09-13 19:36:07,2026-09-13 18:00,0.00000000,10145.0442,10436.4520,10000.0000,10000.0000,10104.4467,10314.0855,10185.4305,10562.9351,9967.9091,9902.6553
2026-09-13 19:41:16,2026-09-13 18:00,0.00000000,10145.0442,10436.4520,10000.0000,10000.0000,10104.4467,10314.0855,10185.4305,10562.9351,9967.9091,9902.6553
2026-09-13 19:46:25,2026-09-13 18:00,0.00000000,10145.0442,10436.4520,10000.0000,10000.0000,10104.4467,10314.0855,10185.4305,10562.9351,9967.9091,9902.6553
2026-09-13 19:51:34,2026-09-13 18:00,0.00000000,10145.0442,10436.4520,10000.0000,10000.0000,10104.4467,10314.0855,10185.4305,10562.9351,9967.9091,9902.6553
2026-09-13 19:56:44,2026-09-13 18:00,0.00000000,10145.0442,10436.4520,10000.0000,10000.0000,10104.4467,10314.0855,10185.4305,10562.9351,9967.9091,9902.6553
2026-09-13 20:01:53,2026-09-13 19:00,-0.00417197,10156.6801,10472.3625,10000.0000,10000.0000,10108.7987,10327.4124,10171.4367,10519.3978,9944.0195,9831.4558
2026-09-13 20:07:03,2026-09-13 19:00,0.00000000,10156.6801,10472.3625,10000.0000,10000.0000,10108.7987,10327.4124,10171.4367,10519.3978,9944.0195,9831.4558
2026-09-13 20:12:17,2026-09-13 19:00,0.00000000,10156.6801,10472.3625,10000.0000,10000.0000,10108.7987,10327.4124,10171.4367,10519.3978,9944.0195,9831.4558
2026-09-13 20:17:27,2026-09-13 19:00,0.00000000,10156.6801,10472.3625,10000.0000,10000.0000,10108.7987,10327.4124,10171.4367,10519.3978,9944.0195,9831.4558
2026-09-13 20:22:36,2026-09-13 19:00,0.00000000,10156.6801,10472.3625,10000.0000,10000.0000,10108.7987,10327.4124,10171.4367,10519.3978,9944.0195,9831.4558
2026-09-13 20:27:45,2026-09-13 19:00,0.00000000,10156.6801,10472.3625,10000.0000,10000.0000,10108.7987,10327.4124,10171.4367,10519.3978,9944.0195,9831.4558
2026-09-13 20:32:54,2026-09-13 19:00,0.00000000,10156.6801,10472.3625,10000.0000,10000.0000,10108.7987,10327.4124,10171.4367,10519.3978,9944.0195,9831.4558
2026-09-13 20:38:03,2026-09-13 19:00,0.00000000,10156.6801,10472.3625,10000.0000,10000.0000,10108.7987,10327.4124,10171.4367,10519.3978,9944.0195,9831.4558
2026-09-13 20:43:13,2026-09-13 19:00,0.00000000,10156.6801,10472.3625,10000.0000,10000.0000,10108.7987,10327.4124,10171.4367,10519.3978,9944.0195,9831.4558
2026-09-13 20:48:22,2026-09-13 19:00,0.00000000,10156.6801,10472.3625,10000.0000,10000.0000,10108.7987,10327.4124,10171.4367,10519.3978,9944.0195,9831.4558
2026-09-13 20:53:33,2026-09-13 19:00,0.00000000,10156.6801,10472.3625,10000.0000,10000.0000,10108.7987,10327.4124,10171.4367,10519.3978,9944.0195,9831.4558
2026-09-13 20:58:42,2026-09-13 19:00,0.00000000,10156.6801,10472.3625,10000.0000,10000.0000,10108.7987,10327.4124,10171.4367,10519.3978,9944.0195,9831.4558
2026-09-13 21:03:51,2026-09-13 20:00,0.00415330,10150.6972,10453.8558,10000.0000,10000.0000,10105.8843,10318.4803,10182.9914,10555.2478,9961.1431,9882.2451
2026-09-13 21:09:02,2026-09-13 20:00,0.00000000,10150.6972,10453.8558,10000.0000,10000.0000,10105.8843,10318.4803,10182.9914,10555.2478,9961.1431,9882.2451
2026-09-13 21:14:13,2026-09-13 20:00,0.00000000,10150.6972,10453.8558,10000.0000,10000.0000,10105.8843,10318.4803,10182.9914,10555.2478,9961.1431,9882.2451
2026-09-13 21:19:30,2026-09-13 20:00,0.00000000,10150.6972,10453.8558,10000.0000,10000.0000,10105.8843,10318.4803,10182.9914,10555.2478,9961.1431,9882.2451
2026-09-13 21:24:39,2026-09-13 20:00,0.00000000,10150.6972,10453.8558,10000.0000,10000.0000,10105.8843,10318.4803,10182.9914,10555.2478,9961.1431,9882.2451
2026-09-13 21:29:49,2026-09-13 20:00,0.00000000,10150.6972,10453.8558,10000.0000,10000.0000,10105.8843,10318.4803,10182.9914,10555.2478,9961.1431,9882.2451
2026-09-13 21:34:59,2026-09-13 20:00,0.00000000,10150.6972,10453.8558,10000.0000,10000.0000,10105.8843,10318.4803,10182.9914,10555.2478,9961.1431,9882.2451
2026-09-13 21:40:11,2026-09-13 20:00,0.00000000,10150.6972,10453.8558,10000.0000,10000.0000,10105.8843,10318.4803,10182.9914,10555.2478,9961.1431,9882.2451
2026-09-13 21:45:21,2026-09-13 20:00,0.00000000,10150.6972,10453.8558,10000.0000,10000.0000,10105.8843,10318.4803,10182.9914,10555.2478,9961.1431,9882.2451
2026-09-13 21:50:30,2026-09-13 20:00,0.00000000,10150.6972,10453.8558,10000.0000,10000.0000,10105.8843,10318.4803,10182.9914,10555.2478,9961.1431,9882.2451
