t,fundingRate
2024-11-14 08:00:00.000,0.00013837
2024-11-14 16:00:00.000,0.0001
2024-11-15 00:00:00.000,0.0001
2024-11-15 08:00:00.000,0.0001
2024-11-15 16:00:00.000,0.0001
2024-11-16 00:00:00.001,0.0001
2024-11-16 08:00:00.001,0.0001
2024-11-16 16:00:00.000,0.00017766
2024-11-17 00:00:00.000,0.00020668
2024-11-17 08:00:00.000,0.0001
2024-11-17 16:00:00.001,0.00010269
2024-11-18 00:00:00.000,0.0001
2024-11-18 08:00:00.000,0.00016435
2024-11-18 16:00:00.000,0.00013207
2024-11-19 00:00:00.000,0.0002257
2024-11-19 08:00:00.000,0.00017812
2024-11-19 16:00:00.000,0.00021592
2024-11-20 00:00:00.003,0.0001
2024-11-20 08:00:00.000,0.0001514
2024-11-20 16:00:00.000,0.0001
2024-11-21 00:00:00.001,0.0001
2024-11-21 08:00:00.000,0.0001
2024-11-21 16:00:00.001,0.00014351
2024-11-22 00:00:00.000,0.00028682
2024-11-22 08:00:00.000,0.00016547
2024-11-22 16:00:00.001,0.00017847
2024-11-23 00:00:00.000,0.0001
2024-11-23 08:00:00.000,0.00033561
2024-11-23 16:00:00.000,0.00027517
2024-11-24 00:00:00.001,0.00017631
2024-11-24 08:00:00.000,0.00014602
2024-11-24 16:00:00.000,0.00016168
2024-11-25 00:00:00.000,0.00011779
2024-11-25 08:00:00.000,0.00034964
2024-11-25 16:00:00.000,0.00016318
2024-11-26 00:00:00.000,0.00018778
2024-11-26 08:00:00.000,0.0001
2024-11-26 16:00:00.000,0.0001
2024-11-27 00:00:00.000,0.0001
2024-11-27 08:00:00.000,0.00017408
2024-11-27 16:00:00.001,0.00022556
2024-11-28 00:00:00.000,0.00022887
2024-11-28 08:00:00.000,0.00016476
2024-11-28 16:00:00.000,0.00010067
2024-11-29 00:00:00.000,0.0001
2024-11-29 08:00:00.000,0.00019889
2024-11-29 16:00:00.000,0.00037936
2024-11-30 00:00:00.000,0.00038018
2024-11-30 08:00:00.000,0.00033421
2024-11-30 16:00:00.000,0.00026562
2024-12-01 00:00:00.000,0.00025277
2024-12-01 08:00:00.000,0.00018915
2024-12-01 16:00:00.000,0.00035558
2024-12-02 00:00:00.001,0.00018683
2024-12-02 08:00:00.001,0.00025043
2024-12-02 16:00:00.000,0.00025825
2024-12-03 00:00:00.000,0.00037731
2024-12-03 08:00:00.000,0.00042672
2024-12-03 16:00:00.000,0.00032307
2024-12-04 00:00:00.000,0.00032302
2024-12-04 08:00:00.000,0.00038444
2024-12-04 16:00:00.000,0.00043678
2024-12-05 00:00:00.001,0.00024708
2024-12-05 08:00:00.000,0.00056284
2024-12-05 16:00:00.000,0.00055493
2024-12-06 00:00:00.000,0.00048215
2024-12-06 08:00:00.000,0.00052751
2024-12-06 16:00:00.000,0.00034702
2024-12-07 00:00:00.000,0.00034112
2024-12-07 08:00:00.000,0.00040498
2024-12-07 16:00:00.000,0.00030747
2024-12-08 00:00:00.000,0.00041733
2024-12-08 08:00:00.000,0.00020215
2024-12-08 16:00:00.000,0.0002297
2024-12-09 00:00:00.000,0.00031074
2024-12-09 08:00:00.000,0.00033945
2024-12-09 16:00:00.001,0.00011608
2024-12-10 00:00:00.007,0.0001
2024-12-10 08:00:00.000,0.0001
2024-12-10 16:00:00.000,0.0001
2024-12-11 00:00:00.000,0.0001
2024-12-11 08:00:00.000,0.0001
2024-12-11 16:00:00.001,0.0001
2024-12-12 00:00:00.001,0.0001
2024-12-12 08:00:00.000,0.0001
2024-12-12 16:00:00.001,0.0001
2024-12-13 00:00:00.000,0.0001
2024-12-13 08:00:00.000,0.0001
2024-12-13 16:00:00.001,0.0001
2024-12-14 00:00:00.000,0.0001
2024-12-14 08:00:00.000,0.0001
2024-12-14 16:00:00.000,0.0001
2024-12-15 00:00:00.000,0.0001
2024-12-15 08:00:00.000,0.0001
2024-12-15 16:00:00.000,0.0001
2024-12-16 00:00:00.000,0.0001
2024-12-16 08:00:00.001,0.0001
2024-12-16 16:00:00.000,0.0001
2024-12-17 00:00:00.000,0.0001
2024-12-17 08:00:00.000,0.0001
2024-12-17 16:00:00.000,0.0001
2024-12-18 00:00:00.000,0.0001
2024-12-18 08:00:00.000,0.0001
2024-12-18 16:00:00.000,0.0001
2024-12-19 00:00:00.000,0.0001
2024-12-19 08:00:00.000,7.304e-05
2024-12-19 16:00:00.000,9.715e-05
2024-12-20 00:00:00.000,9.654e-05
2024-12-20 08:00:00.001,0.0001
2024-12-20 16:00:00.014,1.356e-05
2024-12-21 00:00:00.000,0.0001
2024-12-21 08:00:00.000,0.0001
2024-12-21 16:00:00.001,0.0001
2024-12-22 00:00:00.000,6.316e-05
2024-12-22 08:00:00.000,0.0001
2024-12-22 16:00:00.000,5.65e-05
2024-12-23 00:00:00.000,0.0001
2024-12-23 08:00:00.000,0.0001
2024-12-23 16:00:00.001,0.0001
2024-12-24 00:00:00.000,0.0001
2024-12-24 08:00:00.000,0.0001
2024-12-24 16:00:00.001,0.0001
2024-12-25 00:00:00.001,9.241e-05
2024-12-25 08:00:00.000,-2.8e-07
2024-12-25 16:00:00.000,0.0001
2024-12-26 00:00:00.000,0.0001
2024-12-26 08:00:00.000,0.0001
2024-12-26 16:00:00.000,0.0001
2024-12-27 00:00:00.000,0.0001
2024-12-27 08:00:00.000,0.0001
2024-12-27 16:00:00.000,0.0001
2024-12-28 00:00:00.001,8.987e-05
2024-12-28 08:00:00.000,5.9e-07
2024-12-28 16:00:00.000,7.141e-05
2024-12-29 00:00:00.000,0.0001
2024-12-29 08:00:00.000,0.0001
2024-12-29 16:00:00.000,0.0001
2024-12-30 00:00:00.000,0.0001
2024-12-30 08:00:00.001,9.652e-05
2024-12-30 16:00:00.000,0.0001
2024-12-31 00:00:00.000,0.0001
2024-12-31 08:00:00.000,6.415e-05
2024-12-31 16:00:00.000,0.0001
2025-01-01 00:00:00.015,0.0001
2025-01-01 08:00:00.000,0.0001
2025-01-01 16:00:00.001,0.0001
2025-01-02 00:00:00.000,0.0001
2025-01-02 08:00:00.006,0.0001
2025-01-02 16:00:00.000,0.0001
2025-01-03 00:00:00.000,0.0001
2025-01-03 08:00:00.000,0.0001
2025-01-03 16:00:00.000,0.0001
2025-01-04 00:00:00.000,0.0001
2025-01-04 08:00:00.000,0.0001
2025-01-04 16:00:00.000,0.0001
2025-01-05 00:00:00.000,0.0001
2025-01-05 08:00:00.000,0.0001
2025-01-05 16:00:00.000,0.0001
2025-01-06 00:00:00.000,0.0001
2025-01-06 08:00:00.001,0.0001
2025-01-06 16:00:00.000,0.0001
2025-01-07 00:00:00.000,0.0001
2025-01-07 08:00:00.000,0.0001
2025-01-07 16:00:00.008,0.0001
2025-01-08 00:00:00.001,0.0001
2025-01-08 08:00:00.000,0.0001
2025-01-08 16:00:00.000,7.882e-05
2025-01-09 00:00:00.000,-5.75e-06
2025-01-09 08:00:00.000,0.0001
2025-01-09 16:00:00.000,0.0001
2025-01-10 00:00:00.000,0.0001
2025-01-10 08:00:00.000,0.0001
2025-01-10 16:00:00.000,0.0001
2025-01-11 00:00:00.000,0.0001
2025-01-11 08:00:00.000,2.954e-05
2025-01-11 16:00:00.000,0.0001
2025-01-12 00:00:00.000,0.0001
2025-01-12 08:00:00.000,0.0001
2025-01-12 16:00:00.000,0.0001
2025-01-13 00:00:00.000,0.0001
2025-01-13 08:00:00.000,4.913e-05
2025-01-13 16:00:00.000,1.904e-05
2025-01-14 00:00:00.000,0.0001
2025-01-14 08:00:00.000,0.0001
2025-01-14 16:00:00.000,5.669e-05
2025-01-15 00:00:00.000,9.823e-05
2025-01-15 08:00:00.000,8.95e-05
2025-01-15 16:00:00.000,0.0001
2025-01-16 00:00:00.000,0.0001
2025-01-16 08:00:00.000,0.0001
2025-01-16 16:00:00.000,0.0001
2025-01-17 00:00:00.004,0.0001
2025-01-17 08:00:00.000,0.0001
2025-01-17 16:00:00.008,0.0001
2025-01-18 00:00:00.000,0.0001
2025-01-18 08:00:00.007,0.0001
2025-01-18 16:00:00.000,0.0001
2025-01-19 00:00:00.000,0.0001
2025-01-19 08:00:00.000,0.0001
2025-01-19 16:00:00.000,0.0001
2025-01-20 00:00:00.000,0.0001
2025-01-20 08:00:00.009,0.0001
2025-01-20 16:00:00.000,0.0001
2025-01-21 00:00:00.000,0.0001
2025-01-21 08:00:00.000,0.0001
2025-01-21 16:00:00.000,0.0001
2025-01-22 00:00:00.000,0.0001
2025-01-22 08:00:00.000,0.0001
2025-01-22 16:00:00.000,0.0001
2025-01-23 00:00:00.001,0.0001
2025-01-23 08:00:00.000,0.0001
2025-01-23 16:00:00.000,0.0001
2025-01-24 00:00:00.000,0.0001
2025-01-24 08:00:00.000,0.0001
2025-01-24 16:00:00.000,0.0001
2025-01-25 00:00:00.000,0.0001
2025-01-25 08:00:00.000,7.716e-05
2025-01-25 16:00:00.001,3.181e-05
2025-01-26 00:00:00.000,5.09e-05
2025-01-26 08:00:00.000,0.0001
2025-01-26 16:00:00.000,0.0001
2025-01-27 00:00:00.000,5.818e-05
2025-01-27 08:00:00.000,-1.4e-07
2025-01-27 16:00:00.000,7.294e-05
2025-01-28 00:00:00.000,0.0001
2025-01-28 08:00:00.000,0.0001
2025-01-28 16:00:00.000,0.0001
2025-01-29 00:00:00.000,6.143e-05
2025-01-29 08:00:00.000,0.0001
2025-01-29 16:00:00.000,0.0001
2025-01-30 00:00:00.000,0.0001
2025-01-30 08:00:00.000,0.0001
2025-01-30 16:00:00.000,0.0001
2025-01-31 00:00:00.000,0.0001
2025-01-31 08:00:00.000,0.0001
2025-01-31 16:00:00.000,0.0001
2025-02-01 00:00:00.000,0.0001
2025-02-01 08:00:00.000,0.0001
2025-02-01 16:00:00.000,6.059e-05
2025-02-02 00:00:00.001,-6.889e-05
2025-02-02 08:00:00.000,2.29e-06
2025-02-02 16:00:00.000,-2.006e-05
2025-02-03 00:00:00.000,-9.286e-05
2025-02-03 08:00:00.000,-0.00012711
2025-02-03 16:00:00.000,-6.471e-05
2025-02-04 00:00:00.000,-2.874e-05
2025-02-04 08:00:00.001,8.2e-07
2025-02-04 16:00:00.000,-5.866e-05
2025-02-05 00:00:00.001,5.203e-05
2025-02-05 08:00:00.001,2.041e-05
2025-02-05 16:00:00.000,-1.431e-05
2025-02-06 00:00:00.001,-1.234e-05
2025-02-06 08:00:00.001,-0.0001148
2025-02-06 16:00:00.000,-5.432e-05
2025-02-07 00:00:00.000,-8.517e-05
2025-02-07 08:00:00.000,0.0001
2025-02-07 16:00:00.000,-7.742e-05
2025-02-08 00:00:00.000,-8.995e-05
2025-02-08 08:00:00.000,-4.119e-05
2025-02-08 16:00:00.000,1.542e-05
2025-02-09 00:00:00.000,0.0001
2025-02-09 08:00:00.000,0.0001
2025-02-09 16:00:00.000,9.365e-05
2025-02-10 00:00:00.000,8.709e-05
2025-02-10 08:00:00.000,8.709e-05
2025-02-10 16:00:00.000,0.0001
2025-02-11 00:00:00.000,3.578e-05
2025-02-11 08:00:00.000,9.674e-05
2025-02-11 16:00:00.000,4.647e-05
2025-02-12 00:00:00.000,-4.079e-05
2025-02-12 08:00:00.000,-0.00016229
2025-02-12 16:00:00.001,-1.782e-05
2025-02-13 00:00:00.001,7.2e-05
2025-02-13 08:00:00.000,0.0001
2025-02-13 16:00:00.001,0.0001
2025-02-14 00:00:00.000,8.212e-05
2025-02-14 08:00:00.001,7.317e-05
2025-02-14 16:00:00.000,0.0001
2025-02-15 00:00:00.000,0.0001
2025-02-15 08:00:00.000,6.985e-05
2025-02-15 16:00:00.000,-2.87e-05
2025-02-16 00:00:00.000,-4.03e-05
2025-02-16 08:00:00.000,-1.712e-05
2025-02-16 16:00:00.000,-7.116e-05
2025-02-17 00:00:00.000,-5.277e-05
2025-02-17 08:00:00.000,-4.575e-05
2025-02-17 16:00:00.000,0.0001
2025-02-18 00:00:00.000,4.469e-05
2025-02-18 08:00:00.000,-0.00020931
2025-02-18 16:00:00.000,-0.00017535
2025-02-19 00:00:00.000,-8.962e-05
2025-02-19 08:00:00.000,-1.488e-05
2025-02-19 16:00:00.000,9.849e-05
2025-02-20 00:00:00.000,7.777e-05
2025-02-20 08:00:00.000,0.0001
2025-02-20 16:00:00.000,0.0001
2025-02-21 00:00:00.001,0.0001
2025-02-21 08:00:00.000,0.0001
2025-02-21 16:00:00.000,0.0001
2025-02-22 00:00:00.000,0.0001
2025-02-22 08:00:00.000,0.0001
2025-02-22 16:00:00.000,0.0001
2025-02-23 00:00:00.000,5.04e-05
2025-02-23 08:00:00.000,0.0001
2025-02-23 16:00:00.000,7.634e-05
2025-02-24 00:00:00.000,1.343e-05
2025-02-24 08:00:00.000,2.778e-05
2025-02-24 16:00:00.000,-7.206e-05
2025-02-25 00:00:00.000,4.305e-05
2025-02-25 08:00:00.000,-0.00010232
2025-02-25 16:00:00.000,5.628e-05
2025-02-26 00:00:00.000,-1.811e-05
2025-02-26 08:00:00.000,2.128e-05
2025-02-26 16:00:00.000,0.0001
2025-02-27 00:00:00.001,0.0001
2025-02-27 08:00:00.000,0.0001
2025-02-27 16:00:00.000,0.0001
2025-02-28 00:00:00.001,9.16e-05
2025-02-28 08:00:00.000,2.932e-05
2025-02-28 16:00:00.000,5.799e-05
2025-03-01 00:00:00.000,0.0001
2025-03-01 08:00:00.000,0.0001
2025-03-01 16:00:00.001,3.895e-05
2025-03-02 00:00:00.000,0.0001
2025-03-02 08:00:00.000,4.158e-05
2025-03-02 16:00:00.000,5.558e-05
2025-03-03 00:00:00.001,0.0001
2025-03-03 08:00:00.000,-1.877e-05
2025-03-03 16:00:00.000,1.234e-05
2025-03-04 00:00:00.001,-0.00019828
2025-03-04 08:00:00.005,-9.924e-05
2025-03-04 16:00:00.000,-5.202e-05
2025-03-05 00:00:00.000,-1.86e-06
2025-03-05 08:00:00.000,-6.961e-05
2025-03-05 16:00:00.000,4.354e-05
2025-03-06 00:00:00.000,-5.265e-05
2025-03-06 08:00:00.001,9.214e-05
2025-03-06 16:00:00.000,8.165e-05
2025-03-07 00:00:00.000,-2.865e-05
2025-03-07 08:00:00.001,5.951e-05
2025-03-07 16:00:00.000,9.998e-05
2025-03-08 00:00:00.000,0.0001
2025-03-08 08:00:00.001,-3.059e-05
2025-03-08 16:00:00.001,-2.684e-05
2025-03-09 00:00:00.001,4.421e-05
2025-03-09 08:00:00.000,-4.615e-05
2025-03-09 16:00:00.000,-0.00013144
2025-03-10 00:00:00.000,-0.00020894
2025-03-10 08:00:00.000,-9.906e-05
2025-03-10 16:00:00.000,-2.965e-05
2025-03-11 00:00:00.000,-0.00010294
2025-03-11 08:00:00.000,2.465e-05
2025-03-11 16:00:00.001,9.934e-05
2025-03-12 00:00:00.000,9.561e-05
2025-03-12 08:00:00.000,5.867e-05
2025-03-12 16:00:00.001,0.0001
2025-03-13 00:00:00.000,0.0001
2025-03-13 08:00:00.000,0.0001
2025-03-13 16:00:00.000,5.867e-05
2025-03-14 00:00:00.000,0.0001
2025-03-14 08:00:00.000,5.737e-05
2025-03-14 16:00:00.000,7.917e-05
2025-03-15 00:00:00.000,0.0001
2025-03-15 08:00:00.000,5.623e-05
2025-03-15 16:00:00.000,8.47e-06
2025-03-16 00:00:00.000,-2.857e-05
2025-03-16 08:00:00.000,0.0001
2025-03-16 16:00:00.000,-1.662e-05
2025-03-17 00:00:00.000,-4.1e-05
2025-03-17 08:00:00.000,0.0001
2025-03-17 16:00:00.000,6.578e-05
2025-03-18 00:00:00.000,7.716e-05
2025-03-18 08:00:00.000,3.758e-05
2025-03-18 16:00:00.000,-3.6e-07
2025-03-19 00:00:00.000,0.0001
2025-03-19 08:00:00.000,0.0001
2025-03-19 16:00:00.000,7.365e-05
2025-03-20 00:00:00.000,0.0001
2025-03-20 08:00:00.000,7.63e-05
2025-03-20 16:00:00.000,8.195e-05
2025-03-21 00:00:00.000,6.79e-05
2025-03-21 08:00:00.000,7.53e-05
2025-03-21 16:00:00.000,3.336e-05
2025-03-22 00:00:00.000,-9.14e-06
2025-03-22 08:00:00.004,6.674e-05
2025-03-22 16:00:00.000,2.199e-05
2025-03-23 00:00:00.000,7.97e-06
2025-03-23 08:00:00.000,8.884e-05
2025-03-23 16:00:00.000,-5.27e-06
2025-03-24 00:00:00.000,0.0001
2025-03-24 08:00:00.000,0.0001
2025-03-24 16:00:00.000,0.0001
2025-03-25 00:00:00.001,0.0001
2025-03-25 08:00:00.000,0.0001
2025-03-25 16:00:00.000,5.428e-05
2025-03-26 00:00:00.000,0.0001
2025-03-26 08:00:00.000,0.0001
2025-03-26 16:00:00.001,-1.802e-05
2025-03-27 00:00:00.001,0.0001
2025-03-27 08:00:00.001,4.765e-05
2025-03-27 16:00:00.002,5.756e-05
2025-03-28 00:00:00.001,7.085e-05
2025-03-28 08:00:00.001,2.275e-05
2025-03-28 16:00:00.000,-0.00016795
2025-03-29 00:00:00.000,-0.00018688
2025-03-29 08:00:00.000,3.279e-05
2025-03-29 16:00:00.000,-0.00016179
2025-03-30 00:00:00.000,-2.801e-05
2025-03-30 08:00:00.000,-7.456e-05
2025-03-30 16:00:00.000,-5.058e-05
2025-03-31 00:00:00.000,-0.00016461
2025-03-31 08:00:00.000,-6.347e-05
2025-03-31 16:00:00.000,2.653e-05
2025-04-01 00:00:00.000,-1.882e-05
2025-04-01 08:00:00.001,-1.663e-05
2025-04-01 16:00:00.000,8.941e-05
2025-04-02 00:00:00.001,0.0001
2025-04-02 08:00:00.000,8.77e-06
2025-04-02 16:00:00.000,-1.629e-05
2025-04-03 00:00:00.000,8.533e-05
2025-04-03 08:00:00.000,-2.451e-05
2025-04-03 16:00:00.000,-3.483e-05
2025-04-04 00:00:00.000,-0.00014367
2025-04-04 08:00:00.000,2.177e-05
2025-04-04 16:00:00.000,6.189e-05
2025-04-05 00:00:00.000,0.0001
2025-04-05 08:00:00.000,0.0001
2025-04-05 16:00:00.000,9.027e-05
2025-04-06 00:00:00.000,3.537e-05
2025-04-06 08:00:00.000,4.258e-05
2025-04-06 16:00:00.002,-3.251e-05
2025-04-07 00:00:00.000,-6.983e-05
2025-04-07 08:00:00.000,3.978e-05
2025-04-07 16:00:00.000,3.72e-05
2025-04-08 00:00:00.000,6.279e-05
2025-04-08 08:00:00.000,9.337e-05
2025-04-08 16:00:00.000,4.49e-05
2025-04-09 00:00:00.000,9.757e-05
2025-04-09 08:00:00.001,0.0001
2025-04-09 16:00:00.000,7.89e-05
2025-04-10 00:00:00.000,0.0001
2025-04-10 08:00:00.000,0.0001
2025-04-10 16:00:00.000,3.963e-05
2025-04-11 00:00:00.001,5.836e-05
2025-04-11 08:00:00.000,3.761e-05
2025-04-11 16:00:00.000,9.39e-05
2025-04-12 00:00:00.000,7.712e-05
2025-04-12 08:00:00.001,6.484e-05
2025-04-12 16:00:00.000,4.853e-05
2025-04-13 00:00:00.000,9.575e-05
2025-04-13 08:00:00.000,7.764e-05
2025-04-13 16:00:00.000,8.79e-05
2025-04-14 00:00:00.000,0.0001
2025-04-14 08:00:00.000,1.81e-05
2025-04-14 16:00:00.000,-1.617e-05
2025-04-15 00:00:00.000,2.913e-05
2025-04-15 08:00:00.000,-5.745e-05
2025-04-15 16:00:00.001,4.971e-05
2025-04-16 00:00:00.000,1.767e-05
2025-04-16 08:00:00.000,-7.907e-05
2025-04-16 16:00:00.000,-4.331e-05
2025-04-17 00:00:00.001,3.326e-05
2025-04-17 08:00:00.000,0.0001
2025-04-17 16:00:00.001,-7.971e-05
2025-04-18 00:00:00.000,2.25e-05
2025-04-18 08:00:00.000,0.0001
2025-04-18 16:00:00.000,0.0001
2025-04-19 00:00:00.000,0.0001
2025-04-19 08:00:00.000,0.0001
2025-04-19 16:00:00.000,0.0001
2025-04-20 00:00:00.000,0.0001
2025-04-20 08:00:00.000,0.0001
2025-04-20 16:00:00.000,0.0001
2025-04-21 00:00:00.000,0.0001
2025-04-21 08:00:00.005,0.0001
2025-04-21 16:00:00.003,9.173e-05
2025-04-22 00:00:00.008,-4.491e-05
2025-04-22 08:00:00.000,-5.759e-05
2025-04-22 16:00:00.000,2.897e-05
2025-04-23 00:00:00.000,8.966e-05
2025-04-23 08:00:00.002,0.0001
2025-04-23 16:00:00.000,0.0001
2025-04-24 00:00:00.000,8.289e-05
2025-04-24 08:00:00.001,0.0001
2025-04-24 16:00:00.001,9.816e-05
2025-04-25 00:00:00.007,0.0001
2025-04-25 08:00:00.002,0.0001
2025-04-25 16:00:00.003,1.359e-05
2025-04-26 00:00:00.002,0.0001
2025-04-26 08:00:00.000,6.002e-05
2025-04-26 16:00:00.002,0.0001
2025-04-27 00:00:00.001,5.222e-05
2025-04-27 08:00:00.000,9.366e-05
2025-04-27 16:00:00.000,4.599e-05
2025-04-28 00:00:00.001,-0.00010647
2025-04-28 08:00:00.003,2.689e-05
2025-04-28 16:00:00.005,1.045e-05
2025-04-29 00:00:00.000,0.0001
2025-04-29 08:00:00.000,5.645e-05
2025-04-29 16:00:00.010,-7.42e-06
2025-04-30 00:00:00.001,-4.811e-05
2025-04-30 08:00:00.000,-2.598e-05
2025-04-30 16:00:00.003,-4.785e-05
2025-05-01 00:00:00.000,3.722e-05
2025-05-01 08:00:00.000,6.703e-05
2025-05-01 16:00:00.001,7.942e-05
2025-05-02 00:00:00.000,0.0001
2025-05-02 08:00:00.000,0.0001
2025-05-02 16:00:00.003,0.0001
2025-05-03 00:00:00.000,1.559e-05
2025-05-03 08:00:00.000,3.995e-05
2025-05-03 16:00:00.000,-0.00011859
2025-05-04 00:00:00.001,-6.334e-05
2025-05-04 08:00:00.001,-0.00014927
2025-05-04 16:00:00.002,-2.05e-05
2025-05-05 00:00:00.000,3.01e-05
2025-05-05 08:00:00.000,-9.523e-05
2025-05-05 16:00:00.006,1.504e-05
2025-05-06 00:00:00.002,-4.197e-05
2025-05-06 08:00:00.005,3.412e-05
2025-05-06 16:00:00.000,-4.76e-06
2025-05-07 00:00:00.002,4.159e-05
2025-05-07 08:00:00.000,-1.312e-05
2025-05-07 16:00:00.006,-3.077e-05
2025-05-08 00:00:00.000,0.0001
2025-05-08 08:00:00.001,7.667e-05
2025-05-08 16:00:00.002,4.752e-05
2025-05-09 00:00:00.001,0.0001
2025-05-09 08:00:00.006,0.0001
2025-05-09 16:00:00.000,0.0001
2025-05-10 00:00:00.001,0.0001
2025-05-10 08:00:00.000,5.097e-05
2025-05-10 16:00:00.001,3.171e-05
2025-05-11 00:00:00.000,6.88e-06
2025-05-11 08:00:00.001,0.0001
2025-05-11 16:00:00.001,0.0001
2025-05-12 00:00:00.004,0.0001
2025-05-12 08:00:00.000,0.0001
2025-05-12 16:00:00.000,0.0001
2025-05-13 00:00:00.000,5.573e-05
2025-05-13 08:00:00.008,6.109e-05
2025-05-13 16:00:00.001,3.17e-05
2025-05-14 00:00:00.007,0.0001
2025-05-14 08:00:00.000,0.0001
2025-05-14 16:00:00.002,0.0001
2025-05-15 00:00:00.000,0.0001
2025-05-15 08:00:00.003,0.0001
2025-05-15 16:00:00.000,0.0001
2025-05-16 00:00:00.001,2.98e-05
2025-05-16 08:00:00.000,-3.257e-05
2025-05-16 16:00:00.000,4.133e-05
2025-05-17 00:00:00.000,0.0001
2025-05-17 08:00:00.001,-0.00010229
2025-05-17 16:00:00.004,-6.19e-06
2025-05-18 00:00:00.000,-6.068e-05
2025-05-18 08:00:00.000,-9.241e-05
2025-05-18 16:00:00.000,5.928e-05
2025-05-19 00:00:00.000,3.794e-05
2025-05-19 08:00:00.006,3.901e-05
2025-05-19 16:00:00.010,7.969e-05
2025-05-20 00:00:00.000,6.342e-05
2025-05-20 08:00:00.002,6.691e-05
2025-05-20 16:00:00.000,7.05e-06
2025-05-21 00:00:00.000,7.828e-05
2025-05-21 08:00:00.001,6.014e-05
2025-05-21 16:00:00.004,0.0001
2025-05-22 00:00:00.001,7.454e-05
2025-05-22 08:00:00.000,2.834e-05
2025-05-22 16:00:00.002,0.0001
2025-05-23 00:00:00.006,0.0001
2025-05-23 08:00:00.000,0.0001
2025-05-23 16:00:00.007,0.0001
2025-05-24 00:00:00.010,0.0001
2025-05-24 08:00:00.000,-3.733e-05
2025-05-24 16:00:00.003,-6.715e-05
2025-05-25 00:00:00.004,3.48e-05
2025-05-25 08:00:00.000,1.584e-05
2025-05-25 16:00:00.000,-8.109e-05
2025-05-26 00:00:00.000,1.621e-05
2025-05-26 08:00:00.000,2.718e-05
2025-05-26 16:00:00.002,0.0001
2025-05-27 00:00:00.003,-1.676e-05
2025-05-27 08:00:00.001,8.437e-05
2025-05-27 16:00:00.005,9.199e-05
2025-05-28 00:00:00.002,0.0001
2025-05-28 08:00:00.003,0.0001
2025-05-28 16:00:00.002,6.019e-05
2025-05-29 00:00:00.000,6.412e-05
2025-05-29 08:00:00.006,0.0001
2025-05-29 16:00:00.000,1.476e-05
2025-05-30 00:00:00.003,-0.00010733
2025-05-30 08:00:00.003,-0.00031978
2025-05-30 16:00:00.000,-0.00018302
2025-05-31 00:00:00.000,-0.00026718
2025-05-31 08:00:00.000,-0.00011297
2025-05-31 16:00:00.000,-0.00012563
2025-06-01 00:00:00.001,2.4e-06
2025-06-01 08:00:00.002,4.478e-05
2025-06-01 16:00:00.000,0.0001
2025-06-02 00:00:00.001,-2.23e-05
2025-06-02 08:00:00.000,6.845e-05
2025-06-02 16:00:00.000,2.716e-05
2025-06-03 00:00:00.000,5.768e-05
2025-06-03 08:00:00.000,6.871e-05
2025-06-03 16:00:00.001,5.755e-05
2025-06-04 00:00:00.000,0.0001
2025-06-04 08:00:00.000,-5.363e-05
2025-06-04 16:00:00.000,0.0001
2025-06-05 00:00:00.016,2.748e-05
2025-06-05 08:00:00.000,-6.91e-06
2025-06-05 16:00:00.000,7.11e-05
2025-06-06 00:00:00.002,-0.00011251
2025-06-06 08:00:00.000,-6.475e-05
2025-06-06 16:00:00.006,-2.971e-05
2025-06-07 00:00:00.000,0.0001
2025-06-07 08:00:00.000,0.0001
2025-06-07 16:00:00.002,7.45e-05
2025-06-08 00:00:00.000,9.453e-05
2025-06-08 08:00:00.000,9.821e-05
2025-06-08 16:00:00.000,1.428e-05
2025-06-09 00:00:00.000,8.093e-05
2025-06-09 08:00:00.001,5.56e-05
2025-06-09 16:00:00.001,5.838e-05
2025-06-10 00:00:00.000,0.0001
2025-06-10 08:00:00.001,0.0001
2025-06-10 16:00:00.003,0.0001
2025-06-11 00:00:00.000,0.0001
2025-06-11 08:00:00.000,0.0001
2025-06-11 16:00:00.010,0.0001
2025-06-12 00:00:00.002,0.0001
2025-06-12 08:00:00.003,6.291e-05
2025-06-12 16:00:00.001,-3.079e-05
2025-06-13 00:00:00.000,2.594e-05
2025-06-13 08:00:00.001,-0.00024588
2025-06-13 16:00:00.004,-1.645e-05
2025-06-14 00:00:00.000,5.795e-05
2025-06-14 08:00:00.000,5.686e-05
2025-06-14 16:00:00.000,3.269e-05
2025-06-15 00:00:00.005,-7.1e-06
2025-06-15 08:00:00.009,6.45e-06
2025-06-15 16:00:00.000,-3.815e-05
2025-06-16 00:00:00.000,2.518e-05
2025-06-16 08:00:00.000,-5.737e-05
2025-06-16 16:00:00.003,3.827e-05
2025-06-17 00:00:00.000,8.026e-05
2025-06-17 08:00:00.006,7.137e-05
2025-06-17 16:00:00.001,7.279e-05
2025-06-18 00:00:00.001,9.8e-05
2025-06-18 08:00:00.001,0.0001
2025-06-18 16:00:00.001,7.269e-05
2025-06-19 00:00:00.005,7.932e-05
2025-06-19 08:00:00.003,5.381e-05
2025-06-19 16:00:00.000,8.099e-05
2025-06-20 00:00:00.000,7.025e-05
2025-06-20 08:00:00.002,8.794e-05
2025-06-20 16:00:00.001,-5.139e-05
2025-06-21 00:00:00.002,7.671e-05
2025-06-21 08:00:00.005,0.0001
2025-06-21 16:00:00.000,-5.528e-05
2025-06-22 00:00:00.005,6.551e-05
2025-06-22 08:00:00.000,7.367e-05
2025-06-22 16:00:00.003,4.618e-05
2025-06-23 00:00:00.000,4.185e-05
2025-06-23 08:00:00.004,-7.6e-07
2025-06-23 16:00:00.013,-2.233e-05
2025-06-24 00:00:00.003,5.473e-05
2025-06-24 08:00:00.000,8.14e-05
2025-06-24 16:00:00.000,0.0001
2025-06-25 00:00:00.005,0.0001
2025-06-25 08:00:00.000,0.0001
2025-06-25 16:00:00.005,-1.331e-05
2025-06-26 00:00:00.000,-5.119e-05
2025-06-26 08:00:00.006,-6.118e-05
2025-06-26 16:00:00.007,-0.00014871
2025-06-27 00:00:00.000,4.432e-05
2025-06-27 08:00:00.000,8.4e-06
2025-06-27 16:00:00.009,1.749e-05
2025-06-28 00:00:00.001,2.274e-05
2025-06-28 08:00:00.002,-3.877e-05
2025-06-28 16:00:00.000,0.0001
2025-06-29 00:00:00.004,0.0001
2025-06-29 08:00:00.001,0.0001
2025-06-29 16:00:00.001,5.239e-05
2025-06-30 00:00:00.000,0.0001
2025-06-30 08:00:00.005,0.0001
2025-06-30 16:00:00.002,2.727e-05
2025-07-01 00:00:00.007,-0.00010262
2025-07-01 08:00:00.002,-5.28e-06
2025-07-01 16:00:00.000,-0.00011906
2025-07-02 00:00:00.001,-0.00019968
2025-07-02 08:00:00.000,-0.000142
2025-07-02 16:00:00.003,-2.821e-05
2025-07-03 00:00:00.006,0.0001
2025-07-03 08:00:00.003,-9.858e-05
2025-07-03 16:00:00.003,-6.88e-06
2025-07-04 00:00:00.005,-0.00011982
2025-07-04 08:00:00.003,0.0001
2025-07-04 16:00:00.001,-4.524e-05
2025-07-05 00:00:00.004,-0.00021317
2025-07-05 08:00:00.009,-1.811e-05
2025-07-05 16:00:00.006,-0.00016547
2025-07-06 00:00:00.001,-0.00021639
2025-07-06 08:00:00.002,-7.19e-05
2025-07-06 16:00:00.004,6.33e-06
2025-07-07 00:00:00.000,4.439e-05
2025-07-07 08:00:00.007,0.0001
2025-07-07 16:00:00.000,0.0001
2025-07-08 00:00:00.010,0.0001
2025-07-08 08:00:00.003,6.776e-05
2025-07-08 16:00:00.000,6.667e-05
2025-07-09 00:00:00.002,0.0001
2025-07-09 08:00:00.006,4.247e-05
2025-07-09 16:00:00.001,0.0001
2025-07-10 00:00:00.003,0.0001
2025-07-10 08:00:00.000,0.0001
2025-07-10 16:00:00.004,0.0001
2025-07-11 00:00:00.004,0.0001
2025-07-11 08:00:00.007,0.0001
2025-07-11 16:00:00.001,0.0001
2025-07-12 00:00:00.000,0.0001
2025-07-12 08:00:00.001,0.0001
2025-07-12 16:00:00.002,0.0001
2025-07-13 00:00:00.006,0.0001
2025-07-13 08:00:00.001,8.644e-05
2025-07-13 16:00:00.003,0.0001
2025-07-14 00:00:00.000,0.0001
2025-07-14 08:00:00.000,0.0001
2025-07-14 16:00:00.000,0.0001
2025-07-15 00:00:00.002,0.0001
2025-07-15 08:00:00.000,0.0001
2025-07-15 16:00:00.000,0.0001
2025-07-16 00:00:00.000,0.0001
2025-07-16 08:00:00.000,0.0001
2025-07-16 16:00:00.008,0.0001
2025-07-17 00:00:00.003,0.0001
2025-07-17 08:00:00.000,0.0001
2025-07-17 16:00:00.000,0.0001
2025-07-18 00:00:00.004,0.0001
2025-07-18 08:00:00.000,0.0001
2025-07-18 16:00:00.000,0.0001
2025-07-19 00:00:00.009,0.0001
2025-07-19 08:00:00.000,0.0001
2025-07-19 16:00:00.002,0.0001
2025-07-20 00:00:00.000,0.0001
2025-07-20 08:00:00.000,0.0001
2025-07-20 16:00:00.000,0.0001
2025-07-21 00:00:00.001,0.0001
2025-07-21 08:00:00.000,0.0001
2025-07-21 16:00:00.001,0.0001
2025-07-22 00:00:00.000,0.0001
2025-07-22 08:00:00.010,0.0001
2025-07-22 16:00:00.007,0.0001
2025-07-23 00:00:00.000,0.0001
2025-07-23 08:00:00.004,0.0001
2025-07-23 16:00:00.002,0.0001
2025-07-24 00:00:00.000,0.0001
2025-07-24 08:00:00.001,0.0001
2025-07-24 16:00:00.000,0.0001
2025-07-25 00:00:00.000,0.0001
2025-07-25 08:00:00.000,0.0001
2025-07-25 16:00:00.000,0.0001
2025-07-26 00:00:00.001,0.0001
2025-07-26 08:00:00.005,0.0001
2025-07-26 16:00:00.001,0.0001
2025-07-27 00:00:00.001,0.0001
2025-07-27 08:00:00.000,0.0001
2025-07-27 16:00:00.008,9.97e-06
2025-07-28 00:00:00.005,0.0001
2025-07-28 08:00:00.000,0.0001
2025-07-28 16:00:00.000,4.329e-05
2025-07-29 00:00:00.001,7.267e-05
2025-07-29 08:00:00.000,6.858e-05
2025-07-29 16:00:00.000,0.0001
2025-07-30 00:00:00.011,7.73e-06
2025-07-30 08:00:00.000,2.476e-05
2025-07-30 16:00:00.008,1.33e-06
2025-07-31 00:00:00.000,6.373e-05
2025-07-31 08:00:00.009,4.256e-05
2025-07-31 16:00:00.000,-6.702e-05
2025-08-01 00:00:00.001,-6.073e-05
2025-08-01 08:00:00.003,1.39e-05
2025-08-01 16:00:00.000,0.0001
2025-08-02 00:00:00.004,0.0001
2025-08-02 08:00:00.000,5.742e-05
2025-08-02 16:00:00.000,-1.013e-05
2025-08-03 00:00:00.000,7.26e-05
2025-08-03 08:00:00.000,-2.317e-05
2025-08-03 16:00:00.003,1.045e-05
2025-08-04 00:00:00.004,0.0001
2025-08-04 08:00:00.000,7.396e-05
2025-08-04 16:00:00.002,1.892e-05
2025-08-05 00:00:00.000,0.0001
2025-08-05 08:00:00.000,0.0001
2025-08-05 16:00:00.000,3.469e-05
2025-08-06 00:00:00.005,7.375e-05
2025-08-06 08:00:00.000,6.773e-05
2025-08-06 16:00:00.000,0.0001
2025-08-07 00:00:00.003,5.005e-05
2025-08-07 08:00:00.002,4.964e-05
2025-08-07 16:00:00.002,0.0001
2025-08-08 00:00:00.002,9.757e-05
2025-08-08 08:00:00.004,7.207e-05
2025-08-08 16:00:00.000,9.165e-05
2025-08-09 00:00:00.005,0.0001
2025-08-09 08:00:00.000,0.0001
2025-08-09 16:00:00.007,0.0001
2025-08-10 00:00:00.003,0.0001
2025-08-10 08:00:00.005,0.0001
2025-08-10 16:00:00.002,0.0001
2025-08-11 00:00:00.000,0.0001
2025-08-11 08:00:00.000,0.0001
2025-08-11 16:00:00.000,7.622e-05
2025-08-12 00:00:00.000,3.006e-05
2025-08-12 08:00:00.001,4.794e-05
2025-08-12 16:00:00.005,-4.504e-05
2025-08-13 00:00:00.000,0.0001
2025-08-13 08:00:00.002,0.0001
2025-08-13 16:00:00.006,0.0001
2025-08-14 00:00:00.002,0.0001
2025-08-14 08:00:00.003,0.0001
2025-08-14 16:00:00.000,0.0001
2025-08-15 00:00:00.000,8.906e-05
2025-08-15 08:00:00.000,2.303e-05
2025-08-15 16:00:00.000,6.925e-05
2025-08-16 00:00:00.004,-0.00010573
2025-08-16 08:00:00.000,-4.347e-05
2025-08-16 16:00:00.002,5.089e-05
2025-08-17 00:00:00.000,-0.00011645
2025-08-17 08:00:00.001,-3.359e-05
2025-08-17 16:00:00.007,0.0001
2025-08-18 00:00:00.000,0.0001
2025-08-18 08:00:00.001,4.928e-05
2025-08-18 16:00:00.002,-5.018e-05
2025-08-19 00:00:00.000,9.7e-06
2025-08-19 08:00:00.001,5.14e-05
2025-08-19 16:00:00.000,6.759e-05
2025-08-20 00:00:00.000,2.225e-05
2025-08-20 08:00:00.000,-3.184e-05
2025-08-20 16:00:00.000,6.466e-05
2025-08-21 00:00:00.006,9.894e-05
2025-08-21 08:00:00.000,0.0001
2025-08-21 16:00:00.003,-5.437e-05
2025-08-22 00:00:00.010,0.0001
2025-08-22 08:00:00.007,0.0001
2025-08-22 16:00:00.001,-1.076e-05
2025-08-23 00:00:00.004,0.0001
2025-08-23 08:00:00.006,0.0001
2025-08-23 16:00:00.000,0.0001
2025-08-24 00:00:00.001,0.0001
2025-08-24 08:00:00.002,0.0001
2025-08-24 16:00:00.001,0.0001
2025-08-25 00:00:00.000,0.0001
2025-08-25 08:00:00.002,0.0001
2025-08-25 16:00:00.002,-1.075e-05
2025-08-26 00:00:00.000,2.688e-05
2025-08-26 08:00:00.000,1.963e-05
2025-08-26 16:00:00.000,-2.918e-05
2025-08-27 00:00:00.003,-2.34e-05
2025-08-27 08:00:00.000,8.027e-05
2025-08-27 16:00:00.009,3.075e-05
2025-08-28 00:00:00.000,8.463e-05
2025-08-28 08:00:00.005,4.844e-05
2025-08-28 16:00:00.004,6.302e-05
2025-08-29 00:00:00.000,0.0001
2025-08-29 08:00:00.000,0.0001
2025-08-29 16:00:00.005,0.0001
2025-08-30 00:00:00.000,0.0001
2025-08-30 08:00:00.002,0.0001
2025-08-30 16:00:00.003,0.0001
2025-08-31 00:00:00.016,0.0001
2025-08-31 08:00:00.000,8.312e-05
2025-08-31 16:00:00.001,7.263e-05
2025-09-01 00:00:00.000,3.829e-05
2025-09-01 08:00:00.000,0.0001
2025-09-01 16:00:00.001,0.0001
2025-09-02 00:00:00.000,-9.13e-06
2025-09-02 08:00:00.005,0.0001
2025-09-02 16:00:00.007,0.0001
2025-09-03 00:00:00.006,0.0001
2025-09-03 08:00:00.002,0.0001
2025-09-03 16:00:00.002,7.721e-05
2025-09-04 00:00:00.002,0.0001
2025-09-04 08:00:00.000,-3.74e-06
2025-09-04 16:00:00.000,2.346e-05
2025-09-05 00:00:00.001,-9.431e-05
2025-09-05 08:00:00.006,0.0001
2025-09-05 16:00:00.000,0.0001
2025-09-06 00:00:00.000,0.0001
2025-09-06 08:00:00.005,9.329e-05
2025-09-06 16:00:00.000,0.0001
2025-09-07 00:00:00.000,0.0001
2025-09-07 08:00:00.000,0.0001
2025-09-07 16:00:00.000,0.0001
2025-09-08 00:00:00.007,9.922e-05
2025-09-08 08:00:00.000,0.0001
2025-09-08 16:00:00.000,0.0001
2025-09-09 00:00:00.000,0.0001
2025-09-09 08:00:00.000,0.0001
2025-09-09 16:00:00.000,0.0001
2025-09-10 00:00:00.000,9.241e-05
2025-09-10 08:00:00.002,5.778e-05
2025-09-10 16:00:00.000,9.852e-05
2025-09-11 00:00:00.000,-3.97e-05
2025-09-11 08:00:00.000,0.0001
2025-09-11 16:00:00.001,0.0001
2025-09-12 00:00:00.002,0.0001
2025-09-12 08:00:00.001,0.0001
2025-09-12 16:00:00.005,0.0001
2025-09-13 00:00:00.005,0.0001
2025-09-13 08:00:00.002,0.0001
2025-09-13 16:00:00.000,0.0001
2025-09-14 00:00:00.006,0.0001
2025-09-14 08:00:00.000,0.0001
2025-09-14 16:00:00.001,-1.384e-05
2025-09-15 00:00:00.006,6.793e-05
2025-09-15 08:00:00.002,-1.693e-05
2025-09-15 16:00:00.001,-8.863e-05
2025-09-16 00:00:00.001,9.51e-06
2025-09-16 08:00:00.000,2.64e-05
2025-09-16 16:00:00.000,9.715e-05
2025-09-17 00:00:00.001,1.242e-05
2025-09-17 08:00:00.000,-1.282e-05
2025-09-17 16:00:00.003,-3.36e-05
2025-09-18 00:00:00.006,0.0001
2025-09-18 08:00:00.002,0.0001
2025-09-18 16:00:00.000,0.0001
2025-09-19 00:00:00.000,0.0001
2025-09-19 08:00:00.005,0.0001
2025-09-19 16:00:00.000,0.0001
2025-09-20 00:00:00.000,-0.00011938
2025-09-20 08:00:00.000,1.03e-05
2025-09-20 16:00:00.002,7.666e-05
2025-09-21 00:00:00.000,-2.453e-05
2025-09-21 08:00:00.000,0.0001
2025-09-21 16:00:00.000,-3.986e-05
2025-09-22 00:00:00.005,4.436e-05
2025-09-22 08:00:00.003,-0.00014936
2025-09-22 16:00:00.000,-3.359e-05
2025-09-23 00:00:00.000,8.38e-06
2025-09-23 08:00:00.001,0.0001
2025-09-23 16:00:00.000,2.714e-05
2025-09-24 00:00:00.003,0.0001
2025-09-24 08:00:00.001,8.689e-05
2025-09-24 16:00:00.002,2.652e-05
2025-09-25 00:00:00.000,8.193e-05
2025-09-25 08:00:00.001,3.77e-06
2025-09-25 16:00:00.000,5.514e-05
2025-09-26 00:00:00.000,0.0001
2025-09-26 08:00:00.000,3.983e-05
2025-09-26 16:00:00.008,9.067e-05
2025-09-27 00:00:00.000,6.06e-05
2025-09-27 08:00:00.010,8.808e-05
2025-09-27 16:00:00.003,8.671e-05
2025-09-28 00:00:00.000,6.82e-05
2025-09-28 08:00:00.000,2.216e-05
2025-09-28 16:00:00.000,0.0001
2025-09-29 00:00:00.000,5.569e-05
2025-09-29 08:00:00.002,6.18e-06
2025-09-29 16:00:00.001,1.102e-05
2025-09-30 00:00:00.002,0.0001
2025-09-30 08:00:00.005,6.49e-06
2025-09-30 16:00:00.000,9.986e-05
2025-10-01 00:00:00.000,7.552e-05
2025-10-01 08:00:00.000,0.0001
2025-10-01 16:00:00.000,7.132e-05
2025-10-02 00:00:00.000,0.0001
2025-10-02 08:00:00.013,9.186e-05
2025-10-02 16:00:00.000,9.598e-05
2025-10-03 00:00:00.006,0.0001
2025-10-03 08:00:00.006,0.0001
2025-10-03 16:00:00.000,0.0001
2025-10-04 00:00:00.001,0.0001
2025-10-04 08:00:00.000,0.0001
2025-10-04 16:00:00.000,4.953e-05
2025-10-05 00:00:00.000,4.083e-05
2025-10-05 08:00:00.003,0.0001
2025-10-05 16:00:00.009,0.0001
2025-10-06 00:00:00.004,-5.622e-05
2025-10-06 08:00:00.002,6.649e-05
2025-10-06 16:00:00.004,0.0001
2025-10-07 00:00:00.000,0.0001
2025-10-07 08:00:00.003,0.0001
2025-10-07 16:00:00.000,6.208e-05
2025-10-08 00:00:00.000,1.937e-05
2025-10-08 08:00:00.006,3.242e-05
2025-10-08 16:00:00.002,0.0001
2025-10-09 00:00:00.001,0.0001
2025-10-09 08:00:00.000,0.0001
2025-10-09 16:00:00.000,8.591e-05
2025-10-10 00:00:00.005,6.332e-05
2025-10-10 08:00:00.002,0.0001
2025-10-10 16:00:00.014,0.0001
2025-10-11 00:00:00.000,-7e-05
2025-10-11 08:00:00.003,-0.00017915
2025-10-11 16:00:00.000,-4.27e-06
2025-10-12 00:00:00.004,-5.58e-05
2025-10-12 08:00:00.002,3.82e-06
2025-10-12 16:00:00.000,4.873e-05
2025-10-13 00:00:00.003,3.731e-05
2025-10-13 08:00:00.002,7.099e-05
2025-10-13 16:00:00.003,3.009e-05
2025-10-14 00:00:00.000,0.0001
2025-10-14 08:00:00.000,3.849e-05
2025-10-14 16:00:00.000,7.89e-06
2025-10-15 00:00:00.006,0.0001
2025-10-15 08:00:00.002,4.647e-05
2025-10-15 16:00:00.000,5.472e-05
2025-10-16 00:00:00.000,7.937e-05
2025-10-16 08:00:00.003,2.923e-05
2025-10-16 16:00:00.002,4.022e-05
2025-10-17 00:00:00.001,-6.138e-05
2025-10-17 08:00:00.005,6.702e-05
2025-10-17 16:00:00.003,5.424e-05
2025-10-18 00:00:00.000,-3.847e-05
2025-10-18 08:00:00.002,2.613e-05
2025-10-18 16:00:00.001,-4.693e-05
2025-10-19 00:00:00.001,0.0001
2025-10-19 08:00:00.001,5.002e-05
2025-10-19 16:00:00.001,-9.77e-06
2025-10-20 00:00:00.004,-7.162e-05
2025-10-20 08:00:00.001,2.285e-05
2025-10-20 16:00:00.000,1.44e-05
2025-10-21 00:00:00.009,0.0001
2025-10-21 08:00:00.000,4.245e-05
2025-10-21 16:00:00.000,7.705e-05
2025-10-22 00:00:00.004,4.185e-05
2025-10-22 08:00:00.000,6.09e-06
2025-10-22 16:00:00.000,6.568e-05
2025-10-23 00:00:00.000,-2.2e-06
2025-10-23 08:00:00.001,8.563e-05
2025-10-23 16:00:00.004,8.362e-05
2025-10-24 00:00:00.000,4.789e-05
2025-10-24 08:00:00.000,4.33e-05
2025-10-24 16:00:00.009,7.12e-06
2025-10-25 00:00:00.000,0.0001
2025-10-25 08:00:00.001,-1.393e-05
2025-10-25 16:00:00.001,7.495e-05
2025-10-26 00:00:00.001,0.0001
2025-10-26 08:00:00.001,3.557e-05
2025-10-26 16:00:00.000,0.0001
2025-10-27 00:00:00.000,0.0001
2025-10-27 08:00:00.005,5.606e-05
2025-10-27 16:00:00.000,2.844e-05
2025-10-28 00:00:00.000,6.546e-05
2025-10-28 08:00:00.000,-3.369e-05
2025-10-28 16:00:00.004,-1.253e-05
2025-10-29 00:00:00.004,-3.828e-05
2025-10-29 08:00:00.005,-0.00015123
2025-10-29 16:00:00.000,0.0001
2025-10-30 00:00:00.004,0.0001
2025-10-30 08:00:00.008,1.736e-05
2025-10-30 16:00:00.001,-0.00015864
2025-10-31 00:00:00.000,-0.00016295
2025-10-31 08:00:00.008,1.39e-06
2025-10-31 16:00:00.007,-8.842e-05
2025-11-01 00:00:00.001,2.037e-05
2025-11-01 08:00:00.000,0.0001
2025-11-01 16:00:00.000,0.0001
2025-11-02 00:00:00.007,0.0001
2025-11-02 08:00:00.000,3.236e-05
2025-11-02 16:00:00.001,5.34e-06
2025-11-03 00:00:00.000,0.0001
2025-11-03 08:00:00.010,-8.604e-05
2025-11-03 16:00:00.000,-3.821e-05
2025-11-04 00:00:00.002,-0.00020861
2025-11-04 08:00:00.004,3.344e-05
2025-11-04 16:00:00.000,-4.525e-05
2025-11-05 00:00:00.000,6.283e-05
2025-11-05 08:00:00.000,2.093e-05
2025-11-05 16:00:00.004,1.165e-05
2025-11-06 00:00:00.001,-0.0001021
2025-11-06 08:00:00.000,-0.00013882
2025-11-06 16:00:00.001,4.698e-05
2025-11-07 00:00:00.005,0.0001
2025-11-07 08:00:00.003,0.0001
2025-11-07 16:00:00.005,4.857e-05
2025-11-08 00:00:00.011,0.0001
2025-11-08 08:00:00.015,0.0001
2025-11-08 16:00:00.001,7.66e-05
2025-11-09 00:00:00.004,4.167e-05
2025-11-09 08:00:00.000,5.861e-05
2025-11-09 16:00:00.005,1.762e-05
2025-11-10 00:00:00.000,9.006e-05
2025-11-10 08:00:00.000,-1.935e-05
2025-11-10 16:00:00.003,4.968e-05
2025-11-11 00:00:00.007,0.0001
2025-11-11 08:00:00.000,-1.487e-05
2025-11-11 16:00:00.009,9.864e-05
2025-11-12 00:00:00.000,-8.23e-06
2025-11-12 08:00:00.002,3.421e-05
2025-11-12 16:00:00.000,-3.75e-06
2025-11-13 00:00:00.002,-0.00010553
2025-11-13 08:00:00.000,-2.757e-05
2025-11-13 16:00:00.001,0.0001
2025-11-14 00:00:00.000,-9.65e-05
2025-11-14 08:00:00.000,9.084e-05
2025-11-14 16:00:00.001,2.159e-05
2025-11-15 00:00:00.005,5.315e-05
2025-11-15 08:00:00.000,1.575e-05
2025-11-15 16:00:00.001,-1.88e-05
2025-11-16 00:00:00.001,4.068e-05
2025-11-16 08:00:00.000,-0.00011762
2025-11-16 16:00:00.000,-4.159e-05
2025-11-17 00:00:00.003,3.076e-05
2025-11-17 08:00:00.003,0.0001
2025-11-17 16:00:00.000,-6.53e-05
2025-11-18 00:00:00.002,2.699e-05
2025-11-18 08:00:00.004,0.0001
2025-11-18 16:00:00.000,-6.013e-05
2025-11-19 00:00:00.000,0.0001
2025-11-19 08:00:00.000,-4.405e-05
2025-11-19 16:00:00.008,-7.63e-05
2025-11-20 00:00:00.000,8.851e-05
2025-11-20 08:00:00.000,0.0001
2025-11-20 16:00:00.000,0.0001
2025-11-21 00:00:00.001,2.643e-05
2025-11-21 08:00:00.000,-5.497e-05
2025-11-21 16:00:00.001,0.0001
2025-11-22 00:00:00.004,2.337e-05
2025-11-22 08:00:00.000,0.0001
2025-11-22 16:00:00.000,-4.58e-06
2025-11-23 00:00:00.000,8.73e-05
2025-11-23 08:00:00.008,-2.935e-05
2025-11-23 16:00:00.003,7.708e-05
2025-11-24 00:00:00.004,1.796e-05
2025-11-24 08:00:00.000,0.0001
2025-11-24 16:00:00.006,1.404e-05
2025-11-25 00:00:00.000,-5.004e-05
2025-11-25 08:00:00.009,8.654e-05
2025-11-25 16:00:00.007,2.329e-05
2025-11-26 00:00:00.001,0.0001
2025-11-26 08:00:00.001,8.332e-05
2025-11-26 16:00:00.000,6.581e-05
2025-11-27 00:00:00.013,0.0001
2025-11-27 08:00:00.000,7.006e-05
2025-11-27 16:00:00.004,0.0001
2025-11-28 00:00:00.008,-1.31e-05
2025-11-28 08:00:00.000,0.0001
2025-11-28 16:00:00.008,4.589e-05
2025-11-29 00:00:00.000,1.564e-05
2025-11-29 08:00:00.005,-2.961e-05
2025-11-29 16:00:00.001,0.0001
2025-11-30 00:00:00.003,-2.636e-05
2025-11-30 08:00:00.000,0.0001
2025-11-30 16:00:00.004,4.52e-06
2025-12-01 00:00:00.000,8.152e-05
2025-12-01 08:00:00.004,-0.00027673
2025-12-01 16:00:00.000,-7.026e-05
2025-12-02 00:00:00.004,3.335e-05
2025-12-02 08:00:00.000,5.776e-05
2025-12-02 16:00:00.000,8.046e-05
2025-12-03 00:00:00.000,7.406e-05
2025-12-03 08:00:00.000,6.606e-05
2025-12-03 16:00:00.005,0.0001
2025-12-04 00:00:00.012,7.151e-05
2025-12-04 08:00:00.000,6.652e-05
2025-12-04 16:00:00.011,6.843e-05
2025-12-05 00:00:00.000,0.0001
2025-12-05 08:00:00.000,0.0001
2025-12-05 16:00:00.010,3.781e-05
2025-12-06 00:00:00.001,2.539e-05
2025-12-06 08:00:00.001,-5.146e-05
2025-12-06 16:00:00.008,0.0001
2025-12-07 00:00:00.000,0.0001
2025-12-07 08:00:00.004,6.106e-05
2025-12-07 16:00:00.000,7.78e-06
2025-12-08 00:00:00.000,1.537e-05
2025-12-08 08:00:00.000,0.0001
2025-12-08 16:00:00.001,4.308e-05
2025-12-09 00:00:00.001,0.0001
2025-12-09 08:00:00.001,0.0001
2025-12-09 16:00:00.007,-0.00013511
2025-12-10 00:00:00.007,7.45e-05
2025-12-10 08:00:00.002,1.802e-05
2025-12-10 16:00:00.012,-1.553e-05
2025-12-11 00:00:00.001,-1.29e-06
2025-12-11 08:00:00.000,-0.00010334
2025-12-11 16:00:00.000,-0.00012777
2025-12-12 00:00:00.005,0.0001
2025-12-12 08:00:00.007,8.324e-05
2025-12-12 16:00:00.002,3.058e-05
2025-12-13 00:00:00.001,-0.00014284
2025-12-13 08:00:00.006,9.977e-05
2025-12-13 16:00:00.000,0.0001
2025-12-14 00:00:00.000,0.0001
2025-12-14 08:00:00.003,5.804e-05
2025-12-14 16:00:00.005,6.805e-05
2025-12-15 00:00:00.000,-3.002e-05
2025-12-15 08:00:00.000,8.693e-05
2025-12-15 16:00:00.000,1.634e-05
2025-12-16 00:00:00.002,-4.168e-05
2025-12-16 08:00:00.000,-8.558e-05
2025-12-16 16:00:00.002,0.0001
2025-12-17 00:00:00.004,0.0001
2025-12-17 08:00:00.000,0.0001
2025-12-17 16:00:00.000,4.527e-05
2025-12-18 00:00:00.005,-0.00011874
2025-12-18 08:00:00.007,-0.00010316
2025-12-18 16:00:00.001,0.0001
2025-12-19 00:00:00.000,2.733e-05
2025-12-19 08:00:00.001,7.215e-05
2025-12-19 16:00:00.000,0.0001
2025-12-20 00:00:00.005,0.0001
2025-12-20 08:00:00.000,0.0001
2025-12-20 16:00:00.002,1.758e-05
2025-12-21 00:00:00.000,0.0001
2025-12-21 08:00:00.009,0.0001
2025-12-21 16:00:00.000,-4.744e-05
2025-12-22 00:00:00.000,-6.603e-05
2025-12-22 08:00:00.005,7.793e-05
2025-12-22 16:00:00.009,0.0001
2025-12-23 00:00:00.000,2.593e-05
2025-12-23 08:00:00.000,-0.00010317
2025-12-23 16:00:00.001,4.629e-05
2025-12-24 00:00:00.001,9.789e-05
2025-12-24 08:00:00.001,-0.00011168
2025-12-24 16:00:00.000,-3.69e-05
2025-12-25 00:00:00.000,0.0001
2025-12-25 08:00:00.001,0.0001
2025-12-25 16:00:00.005,5.363e-05
2025-12-26 00:00:00.004,1.82e-05
2025-12-26 08:00:00.001,7.113e-05
2025-12-26 16:00:00.007,0.0001
2025-12-27 00:00:00.000,0.0001
2025-12-27 08:00:00.000,0.0001
2025-12-27 16:00:00.011,0.0001
2025-12-28 00:00:00.008,0.0001
2025-12-28 08:00:00.000,0.0001
2025-12-28 16:00:00.000,0.0001
2025-12-29 00:00:00.016,0.0001
2025-12-29 08:00:00.001,3.09e-05
2025-12-29 16:00:00.000,1.549e-05
2025-12-30 00:00:00.005,-2.03e-06
2025-12-30 08:00:00.001,0.0001
2025-12-30 16:00:00.003,9.256e-05
2025-12-31 00:00:00.004,-1.152e-05
2025-12-31 08:00:00.001,-3.743e-05
2025-12-31 16:00:00.001,4.949e-05
2026-01-01 00:00:00.008,-1.78e-05
2026-01-01 08:00:00.002,5.1e-07
2026-01-01 16:00:00.001,0.0001
2026-01-02 00:00:00.006,0.0001
2026-01-02 08:00:00.007,0.0001
2026-01-02 16:00:00.000,7.076e-05
2026-01-03 00:00:00.001,0.0001
2026-01-03 08:00:00.000,0.0001
2026-01-03 16:00:00.000,0.0001
2026-01-04 00:00:00.000,0.0001
2026-01-04 08:00:00.000,0.0001
2026-01-04 16:00:00.001,0.0001
2026-01-05 00:00:00.000,2.978e-05
2026-01-05 08:00:00.000,0.0001
2026-01-05 16:00:00.000,9.417e-05
2026-01-06 00:00:00.010,9.535e-05
2026-01-06 08:00:00.000,3.7e-06
2026-01-06 16:00:00.000,8.986e-05
2026-01-07 00:00:00.001,0.0001
2026-01-07 08:00:00.001,9.731e-05
2026-01-07 16:00:00.001,-1.36e-06
2026-01-08 00:00:00.001,3.62e-05
2026-01-08 08:00:00.000,8.88e-05
2026-01-08 16:00:00.000,9.053e-05
2026-01-09 00:00:00.003,0.0001
2026-01-09 08:00:00.000,0.0001
2026-01-09 16:00:00.001,0.0001
2026-01-10 00:00:00.000,8.347e-05
2026-01-10 08:00:00.002,0.0001
2026-01-10 16:00:00.001,5.178e-05
2026-01-11 00:00:00.003,-9.639e-05
2026-01-11 08:00:00.006,8.43e-05
2026-01-11 16:00:00.000,-9.499e-05
2026-01-12 00:00:00.005,-4.62e-06
2026-01-12 08:00:00.000,3.073e-05
2026-01-12 16:00:00.000,4.271e-05
2026-01-13 00:00:00.007,3.995e-05
2026-01-13 08:00:00.009,0.0001
2026-01-13 16:00:00.002,0.0001
2026-01-14 00:00:00.000,0.0001
2026-01-14 08:00:00.001,0.0001
2026-01-14 16:00:00.004,0.0001
2026-01-15 00:00:00.000,2.564e-05
2026-01-15 08:00:00.004,2.915e-05
2026-01-15 16:00:00.002,-4.27e-05
2026-01-16 00:00:00.000,-7.37e-06
2026-01-16 08:00:00.000,7.15e-05
2026-01-16 16:00:00.001,5.189e-05
2026-01-17 00:00:00.000,4.941e-05
2026-01-17 08:00:00.000,0.0001
2026-01-17 16:00:00.002,0.0001
2026-01-18 00:00:00.001,6.85e-05
2026-01-18 08:00:00.000,-4.629e-05
2026-01-18 16:00:00.000,3.612e-05
2026-01-19 00:00:00.007,-0.00015979
2026-01-19 08:00:00.007,-6.414e-05
2026-01-19 16:00:00.007,1.613e-05
2026-01-20 00:00:00.005,4.41e-05
2026-01-20 08:00:00.001,6.473e-05
2026-01-20 16:00:00.009,-2.569e-05
2026-01-21 00:00:00.001,9.102e-05
2026-01-21 08:00:00.011,8.165e-05
2026-01-21 16:00:00.011,4.33e-06
2026-01-22 00:00:00.010,4.012e-05
2026-01-22 08:00:00.003,-9.99e-06
2026-01-22 16:00:00.005,-0.00014715
2026-01-23 00:00:00.005,-2.071e-05
2026-01-23 08:00:00.000,-7.04e-06
2026-01-23 16:00:00.011,1.492e-05
2026-01-24 00:00:00.011,6.7e-05
2026-01-24 08:00:00.002,5.12e-06
2026-01-24 16:00:00.001,-4.19e-05
2026-01-25 00:00:00.002,0.0001
2026-01-25 08:00:00.011,5.059e-05
2026-01-25 16:00:00.005,-3.901e-05
2026-01-26 00:00:00.000,0.0001
2026-01-26 08:00:00.003,2.072e-05
2026-01-26 16:00:00.000,4.59e-05
2026-01-27 00:00:00.002,-8.13e-06
2026-01-27 08:00:00.000,4.43e-06
2026-01-27 16:00:00.000,7.728e-05
2026-01-28 00:00:00.000,9.11e-05
2026-01-28 08:00:00.000,-8.98e-06
2026-01-28 16:00:00.000,-7.37e-06
2026-01-29 00:00:00.000,2.711e-05
2026-01-29 08:00:00.009,-1.646e-05
2026-01-29 16:00:00.000,-3.109e-05
2026-01-30 00:00:00.008,1.705e-05
2026-01-30 08:00:00.000,4.955e-05
2026-01-30 16:00:00.001,1.907e-05
2026-01-31 00:00:00.000,5.885e-05
2026-01-31 08:00:00.001,3.361e-05
2026-01-31 16:00:00.009,-3.128e-05
2026-02-01 00:00:00.001,2.147e-05
2026-02-01 08:00:00.004,6.096e-05
2026-02-01 16:00:00.000,1.829e-05
2026-02-02 00:00:00.000,1.42e-05
2026-02-02 08:00:00.014,0.0001
2026-02-02 16:00:00.000,0.0001
2026-02-03 00:00:00.000,8.411e-05
2026-02-03 08:00:00.007,-1.4e-07
2026-02-03 16:00:00.000,5.779e-05
2026-02-04 00:00:00.002,5.971e-05
2026-02-04 08:00:00.007,0.0001
2026-02-04 16:00:00.000,7.247e-05
2026-02-05 00:00:00.011,0.0001
2026-02-05 08:00:00.000,0.0001
2026-02-05 16:00:00.007,4.201e-05
2026-02-06 00:00:00.000,3.832e-05
2026-02-06 08:00:00.001,1.072e-05
2026-02-06 16:00:00.000,-1.396e-05
2026-02-07 00:00:00.003,2.785e-05
2026-02-07 08:00:00.000,8.132e-05
2026-02-07 16:00:00.010,1.024e-05
2026-02-08 00:00:00.003,0.0001
2026-02-08 08:00:00.000,-2.052e-05
2026-02-08 16:00:00.000,-1.418e-05
2026-02-09 00:00:00.002,4.44e-05
2026-02-09 08:00:00.001,-0.00020338
2026-02-09 16:00:00.007,-6.303e-05
2026-02-10 00:00:00.000,0.0001
2026-02-10 08:00:00.007,0.0001
2026-02-10 16:00:00.000,-5.55e-06
2026-02-11 00:00:00.000,0.0001
2026-02-11 08:00:00.006,-6.802e-05
2026-02-11 16:00:00.000,2.27e-05
2026-02-12 00:00:00.000,6.978e-05
2026-02-12 08:00:00.001,5.942e-05
2026-02-12 16:00:00.001,-3.214e-05
2026-02-13 00:00:00.007,0.0001
2026-02-13 08:00:00.003,6.373e-05
2026-02-13 16:00:00.005,-1.548e-05
2026-02-14 00:00:00.002,-9.45e-06
2026-02-14 08:00:00.004,0.0001
2026-02-14 16:00:00.002,0.0001
2026-02-15 00:00:00.000,4.337e-05
2026-02-15 08:00:00.002,3.094e-05
2026-02-15 16:00:00.000,1.13e-06
2026-02-16 00:00:00.001,0.0001
2026-02-16 08:00:00.003,8.025e-05
2026-02-16 16:00:00.000,8.647e-05
2026-02-17 00:00:00.008,-5.6e-06
2026-02-17 08:00:00.001,0.0001
2026-02-17 16:00:00.002,1.84e-05
2026-02-18 00:00:00.000,0.0001
2026-02-18 08:00:00.000,-0.00015635
2026-02-18 16:00:00.011,-7.471e-05
2026-02-19 00:00:00.013,5.216e-05
2026-02-19 08:00:00.000,-4.595e-05
2026-02-19 16:00:00.003,-0.00018896
2026-02-20 00:00:00.000,-0.00016998
2026-02-20 08:00:00.000,-0.00033612
2026-02-20 16:00:00.000,5.68e-05
2026-02-21 00:00:00.004,-5.671e-05
2026-02-21 08:00:00.000,6.084e-05
2026-02-21 16:00:00.005,0.0001
2026-02-22 00:00:00.001,-0.00013022
2026-02-22 08:00:00.004,0.0001
2026-02-22 16:00:00.000,-1.008e-05
2026-02-23 00:00:00.001,-0.00014864
2026-02-23 08:00:00.000,-0.00010106
2026-02-23 16:00:00.000,0.0001
2026-02-24 00:00:00.007,0.0001
2026-02-24 08:00:00.000,9e-06
2026-02-24 16:00:00.001,-0.00013006
2026-02-25 00:00:00.001,-0.00019074
2026-02-25 08:00:00.007,-4.364e-05
2026-02-25 16:00:00.000,5.966e-05
2026-02-26 00:00:00.000,0.0001
2026-02-26 08:00:00.006,0.0001
2026-02-26 16:00:00.002,0.0001
2026-02-27 00:00:00.007,0.0001
2026-02-27 08:00:00.000,0.0001
2026-02-27 16:00:00.001,-9.372e-05
2026-02-28 00:00:00.000,-4.39e-06
2026-02-28 08:00:00.000,-3.619e-05
2026-02-28 16:00:00.004,-0.00016932
2026-03-01 00:00:00.005,2.641e-05
2026-03-01 08:00:00.000,7.507e-05
2026-03-01 16:00:00.002,7.59e-05
2026-03-02 00:00:00.001,7.769e-05
2026-03-02 08:00:00.007,-0.00010314
2026-03-02 16:00:00.000,-0.0001909
2026-03-03 00:00:00.000,-3.698e-05
2026-03-03 08:00:00.000,-2.53e-06
2026-03-03 16:00:00.007,-1.59e-06
2026-03-04 00:00:00.001,1.475e-05
2026-03-04 08:00:00.005,-0.00012545
2026-03-04 16:00:00.000,-0.00031803
2026-03-05 00:00:00.000,-6.508e-05
2026-03-05 08:00:00.000,-8.872e-05
2026-03-05 16:00:00.004,0.0001
2026-03-06 00:00:00.001,0.0001
2026-03-06 08:00:00.001,0.0001
2026-03-06 16:00:00.004,6.61e-06
2026-03-07 00:00:00.001,0.0001
2026-03-07 08:00:00.012,-3.065e-05
2026-03-07 16:00:00.001,-6.905e-05
2026-03-08 00:00:00.001,-8.708e-05
2026-03-08 08:00:00.000,0.0001
2026-03-08 16:00:00.002,9.757e-05
2026-03-09 00:00:00.000,-9.584e-05
2026-03-09 08:00:00.004,0.0001
2026-03-09 16:00:00.003,4.756e-05
2026-03-10 00:00:00.012,5.846e-05
2026-03-10 08:00:00.002,0.0001
2026-03-10 16:00:00.001,1.827e-05
2026-03-11 00:00:00.000,5.45e-06
2026-03-11 08:00:00.007,0.0001
2026-03-11 16:00:00.010,-6.503e-05
2026-03-12 00:00:00.000,9.656e-05
2026-03-12 08:00:00.000,-1.654e-05
2026-03-12 16:00:00.000,-8.659e-05
2026-03-13 00:00:00.006,7.396e-05
2026-03-13 08:00:00.001,0.0001
2026-03-13 16:00:00.000,9.599e-05
2026-03-14 00:00:00.001,0.0001
2026-03-14 08:00:00.000,-2.483e-05
2026-03-14 16:00:00.007,-1.661e-05
2026-03-15 00:00:00.000,-0.00014675
2026-03-15 08:00:00.000,0.0001
2026-03-15 16:00:00.000,0.0001
2026-03-16 00:00:00.000,6.13e-06
2026-03-16 08:00:00.010,0.0001
2026-03-16 16:00:00.000,7.448e-05
2026-03-17 00:00:00.000,8.332e-05
2026-03-17 08:00:00.002,0.0001
2026-03-17 16:00:00.011,4.018e-05
2026-03-18 00:00:00.002,0.0001
2026-03-18 08:00:00.002,3.685e-05
2026-03-18 16:00:00.005,-0.00025107
2026-03-19 00:00:00.000,-2.701e-05
2026-03-19 08:00:00.003,1.084e-05
2026-03-19 16:00:00.003,0.0001
2026-03-20 00:00:00.002,9.58e-05
2026-03-20 08:00:00.000,6.24e-06
2026-03-20 16:00:00.000,5.334e-05
2026-03-21 00:00:00.000,4.328e-05
2026-03-21 08:00:00.000,-0.0001122
2026-03-21 16:00:00.014,-5.227e-05
2026-03-22 00:00:00.012,-1.877e-05
2026-03-22 08:00:00.007,-0.00018353
2026-03-22 16:00:00.002,-0.00026948
2026-03-23 00:00:00.000,-6.257e-05
2026-03-23 08:00:00.003,7.89e-05
2026-03-23 16:00:00.002,3.805e-05
2026-03-24 00:00:00.000,-2.013e-05
2026-03-24 08:00:00.000,9.53e-05
2026-03-24 16:00:00.003,0.0001
2026-03-25 00:00:00.000,0.0001
2026-03-25 08:00:00.000,0.0001
2026-03-25 16:00:00.013,0.0001
2026-03-26 00:00:00.001,0.0001
2026-03-26 08:00:00.001,-4.55e-06
2026-03-26 16:00:00.000,7.621e-05
2026-03-27 00:00:00.006,-9.32e-06
2026-03-27 08:00:00.000,0.0001
2026-03-27 16:00:00.000,-0.00016335
2026-03-28 00:00:00.005,-0.00024989
2026-03-28 08:00:00.005,-0.00010211
2026-03-28 16:00:00.000,-0.00013711
2026-03-29 00:00:00.003,7.93e-06
2026-03-29 08:00:00.001,0.0001
2026-03-29 16:00:00.000,-9.564e-05
2026-03-30 00:00:00.000,-4.645e-05
2026-03-30 08:00:00.005,6.063e-05
2026-03-30 16:00:00.000,0.0001
2026-03-31 00:00:00.000,-9.35e-06
2026-03-31 08:00:00.000,0.0001
2026-03-31 16:00:00.000,-1.76e-05
2026-04-01 00:00:00.000,-2.877e-05
2026-04-01 08:00:00.000,0.0001
2026-04-01 16:00:00.000,4.123e-05
2026-04-02 00:00:00.003,4.119e-05
2026-04-02 08:00:00.001,-1.361e-05
2026-04-02 16:00:00.001,6.548e-05
2026-04-03 00:00:00.000,0.0001
2026-04-03 08:00:00.008,0.0001
2026-04-03 16:00:00.008,4.761e-05
2026-04-04 00:00:00.000,0.0001
2026-04-04 08:00:00.003,-0.00026531
2026-04-04 16:00:00.000,6.355e-05
2026-04-05 00:00:00.008,5.96e-05
2026-04-05 08:00:00.000,-0.00010948
2026-04-05 16:00:00.001,-0.00010493
2026-04-06 00:00:00.004,-9.494e-05
2026-04-06 08:00:00.001,0.0001
2026-04-06 16:00:00.003,0.0001
2026-04-07 00:00:00.000,0.0001
2026-04-07 08:00:00.000,0.0001
2026-04-07 16:00:00.000,1.158e-05
2026-04-08 00:00:00.000,0.0001
2026-04-08 08:00:00.000,0.0001
2026-04-08 16:00:00.006,0.0001
2026-04-09 00:00:00.000,0.0001
2026-04-09 08:00:00.010,0.0001
2026-04-09 16:00:00.001,6.384e-05
2026-04-10 00:00:00.000,0.0001
2026-04-10 08:00:00.005,-2.361e-05
2026-04-10 16:00:00.000,1.694e-05
2026-04-11 00:00:00.000,0.0001
2026-04-11 08:00:00.000,2.8e-06
2026-04-11 16:00:00.003,0.0001
2026-04-12 00:00:00.000,0.0001
2026-04-12 08:00:00.000,-3.321e-05
2026-04-12 16:00:00.000,3.546e-05
2026-04-13 00:00:00.011,4.32e-05
2026-04-13 08:00:00.006,3.244e-05
2026-04-13 16:00:00.000,-4.383e-05
2026-04-14 00:00:00.005,-0.00011966
2026-04-14 08:00:00.003,0.0001
2026-04-14 16:00:00.001,4.786e-05
2026-04-15 00:00:00.000,0.0001
2026-04-15 08:00:00.000,0.0001
2026-04-15 16:00:00.000,0.0001
2026-04-16 00:00:00.013,-2.438e-05
2026-04-16 08:00:00.000,0.0001
2026-04-16 16:00:00.000,7.736e-05
2026-04-17 00:00:00.001,0.0001
2026-04-17 08:00:00.011,0.0001
2026-04-17 16:00:00.001,-0.00011779
2026-04-18 00:00:00.001,-1.808e-05
2026-04-18 08:00:00.006,0.0001
2026-04-18 16:00:00.000,0.0001
2026-04-19 00:00:00.002,6.681e-05
2026-04-19 08:00:00.010,-4.703e-05
2026-04-19 16:00:00.001,4.939e-05
2026-04-20 00:00:00.000,-2.657e-05
2026-04-20 08:00:00.000,-6.038e-05
2026-04-20 16:00:00.001,5.185e-05
2026-04-21 00:00:00.000,-7.983e-05
2026-04-21 08:00:00.004,4.386e-05
2026-04-21 16:00:00.004,0.0001
2026-04-22 00:00:00.004,0.0001
2026-04-22 08:00:00.000,0.0001
2026-04-22 16:00:00.000,-0.00012478
2026-04-23 00:00:00.000,0.0001
2026-04-23 08:00:00.000,2.061e-05
2026-04-23 16:00:00.004,0.0001
2026-04-24 00:00:00.006,0.0001
2026-04-24 08:00:00.000,9.4e-06
2026-04-24 16:00:00.000,0.0001
2026-04-25 00:00:00.000,-7.63e-06
2026-04-25 08:00:00.002,0.0001
2026-04-25 16:00:00.002,-2.703e-05
2026-04-26 00:00:00.003,0.0001
2026-04-26 08:00:00.007,-1.714e-05
2026-04-26 16:00:00.004,9.29e-05
2026-04-27 00:00:00.004,-5.792e-05
2026-04-27 08:00:00.000,-0.00012796
2026-04-27 16:00:00.002,-0.00012626
2026-04-28 00:00:00.001,8.449e-05
2026-04-28 08:00:00.000,0.0001
2026-04-28 16:00:00.004,0.0001
2026-04-29 00:00:00.006,2.408e-05
2026-04-29 08:00:00.011,0.0001
2026-04-29 16:00:00.003,1.181e-05
2026-04-30 00:00:00.002,-2.149e-05
2026-04-30 08:00:00.000,-2.924e-05
2026-04-30 16:00:00.000,-5.014e-05
2026-05-01 00:00:00.000,-1.864e-05
2026-05-01 08:00:00.005,3.12e-06
2026-05-01 16:00:00.000,0.0001
2026-05-02 00:00:00.006,-2.846e-05
2026-05-02 08:00:00.000,-0.00011635
2026-05-02 16:00:00.010,0.0001
2026-05-03 00:00:00.005,-7.086e-05
2026-05-03 08:00:00.003,-0.0001073
2026-05-03 16:00:00.000,5.921e-05
2026-05-04 00:00:00.000,0.0001
2026-05-04 08:00:00.000,5.65e-06
2026-05-04 16:00:00.003,-8.168e-05
2026-05-05 00:00:00.000,0.0001
2026-05-05 08:00:00.011,7.113e-05
2026-05-05 16:00:00.000,-5.32e-06
2026-05-06 00:00:00.010,8.026e-05
2026-05-06 08:00:00.000,8.067e-05
2026-05-06 16:00:00.002,0.0001
2026-05-07 00:00:00.000,0.0001
2026-05-07 08:00:00.000,0.0001
2026-05-07 16:00:00.004,0.0001
2026-05-08 00:00:00.003,5.046e-05
2026-05-08 08:00:00.002,0.0001
2026-05-08 16:00:00.003,3.844e-05
2026-05-09 00:00:00.000,2.84e-06
2026-05-09 08:00:00.001,0.0001
2026-05-09 16:00:00.002,1.501e-05
2026-05-10 00:00:00.003,0.0001
2026-05-10 08:00:00.000,7.279e-05
2026-05-10 16:00:00.000,7.867e-05
2026-05-11 00:00:00.000,8.998e-05
2026-05-11 08:00:00.000,-1.41e-06
2026-05-11 16:00:00.000,5.829e-05
2026-05-12 00:00:00.002,-5.905e-05
2026-05-12 08:00:00.008,0.0001
2026-05-12 16:00:00.000,7.773e-05
2026-05-13 00:00:00.010,5.268e-05
2026-05-13 08:00:00.003,6.64e-06
2026-05-13 16:00:00.001,-4.23e-05
2026-05-14 00:00:00.005,3.505e-05
2026-05-14 08:00:00.000,-0.00010729
2026-05-14 16:00:00.000,1.382e-05
2026-05-15 00:00:00.000,1.209e-05
2026-05-15 08:00:00.016,2.741e-05
2026-05-15 16:00:00.012,-0.00016537
2026-05-16 00:00:00.005,1.243e-05
2026-05-16 08:00:00.000,-5.354e-05
2026-05-16 16:00:00.005,-7.459e-05
2026-05-17 00:00:00.000,-6.647e-05
2026-05-17 08:00:00.010,0.0001
2026-05-17 16:00:00.009,-2.582e-05
2026-05-18 00:00:00.007,3.96e-05
2026-05-18 08:00:00.002,0.0001
2026-05-18 16:00:00.007,6.873e-05
2026-05-19 00:00:00.001,-9.932e-05
2026-05-19 08:00:00.001,2.119e-05
2026-05-19 16:00:00.009,0.0001
2026-05-20 00:00:00.001,4.609e-05
2026-05-20 08:00:00.006,-3.278e-05
2026-05-20 16:00:00.000,4.381e-05
2026-05-21 00:00:00.001,-0.00018745
2026-05-21 08:00:00.000,4.731e-05
2026-05-21 16:00:00.000,6.659e-05
2026-05-22 00:00:00.000,2.674e-05
2026-05-22 08:00:00.004,3.886e-05
2026-05-22 16:00:00.001,4.99e-05
2026-05-23 00:00:00.009,3.888e-05
2026-05-23 08:00:00.001,-6.967e-05
2026-05-23 16:00:00.003,0.0001
2026-05-24 00:00:00.011,-9.427e-05
2026-05-24 08:00:00.008,-0.0001243
2026-05-24 16:00:00.000,0.0001
2026-05-25 00:00:00.001,-6.647e-05
2026-05-25 08:00:00.001,3.012e-05
2026-05-25 16:00:00.001,7.6e-07
2026-05-26 00:00:00.000,0.0001
2026-05-26 08:00:00.003,8.794e-05
2026-05-26 16:00:00.000,0.0001
2026-05-27 00:00:00.000,4.451e-05
2026-05-27 08:00:00.004,-3.414e-05
2026-05-27 16:00:00.009,7.995e-05
2026-05-28 00:00:00.001,3.938e-05
2026-05-28 08:00:00.000,-1.815e-05
2026-05-28 16:00:00.001,-7.037e-05
2026-05-29 00:00:00.000,0.0001
2026-05-29 08:00:00.001,0.0001
2026-05-29 16:00:00.008,0.0001
2026-05-30 00:00:00.000,0.0001
2026-05-30 08:00:00.001,3.739e-05
2026-05-30 16:00:00.000,0.0001
2026-05-31 00:00:00.000,-9.863e-05
2026-05-31 08:00:00.000,-8.549e-05
2026-05-31 16:00:00.004,-5.237e-05
2026-06-01 00:00:00.001,4.552e-05
2026-06-01 08:00:00.001,-0.00010928
2026-06-01 16:00:00.000,0.0001
2026-06-02 00:00:00.000,0.0001
2026-06-02 08:00:00.000,-2.388e-05
2026-06-02 16:00:00.000,-3.184e-05
2026-06-03 00:00:00.013,-0.00013918
2026-06-03 08:00:00.000,-0.00018719
2026-06-03 16:00:00.001,-6.938e-05
2026-06-04 00:00:00.009,-7.223e-05
2026-06-04 08:00:00.000,-9.505e-05
2026-06-04 16:00:00.003,-2.391e-05
2026-06-05 00:00:00.000,-7.935e-05
2026-06-05 08:00:00.004,-0.00016929
2026-06-05 16:00:00.009,-9.404e-05
2026-06-06 00:00:00.000,-0.00010189
2026-06-06 08:00:00.000,-4.524e-05
2026-06-06 16:00:00.000,-1.966e-05
2026-06-07 00:00:00.001,-3.619e-05
2026-06-07 08:00:00.000,-1.072e-05
2026-06-07 16:00:00.000,0.0001
2026-06-08 00:00:00.000,3.48e-05
2026-06-08 08:00:00.005,7.562e-05
2026-06-08 16:00:00.004,8.077e-05
2026-06-09 00:00:00.000,1.801e-05
2026-06-09 08:00:00.000,-2.101e-05
2026-06-09 16:00:00.001,2.992e-05
2026-06-10 00:00:00.001,-6.105e-05
2026-06-10 08:00:00.011,4.801e-05
2026-06-10 16:00:00.009,-7.026e-05
2026-06-11 00:00:00.000,-0.00012955
2026-06-11 08:00:00.004,-1.386e-05
2026-06-11 16:00:00.000,9.075e-05
2026-06-12 00:00:00.000,-5.906e-05
2026-06-12 08:00:00.000,-9.557e-05
2026-06-12 16:00:00.000,5.658e-05
2026-06-13 00:00:00.000,8.089e-05
2026-06-13 08:00:00.007,9.895e-05
2026-06-13 16:00:00.002,-8.457e-05
2026-06-14 00:00:00.005,-9.567e-05
2026-06-14 08:00:00.009,-0.00013496
2026-06-14 16:00:00.000,-4.594e-05
2026-06-15 00:00:00.013,-2.48e-05
2026-06-15 08:00:00.013,-4.982e-05
2026-06-15 16:00:00.004,-2.727e-05
2026-06-16 00:00:00.000,0.0001
2026-06-16 08:00:00.000,-7.04e-06
2026-06-16 16:00:00.001,-8.64e-06
2026-06-17 00:00:00.012,-0.00011556
2026-06-17 08:00:00.000,-3.22e-05
2026-06-17 16:00:00.000,0.0001
2026-06-18 00:00:00.002,3.427e-05
2026-06-18 08:00:00.000,-8.337e-05
2026-06-18 16:00:00.001,-0.00012101
2026-06-19 00:00:00.005,0.0001
2026-06-19 08:00:00.001,-6.21e-05
2026-06-19 16:00:00.001,8.37e-05
2026-06-20 00:00:00.001,1.175e-05
2026-06-20 08:00:00.000,1.361e-05
2026-06-20 16:00:00.001,-0.00018021
2026-06-21 00:00:00.000,3.067e-05
2026-06-21 08:00:00.000,-0.00015935
2026-06-21 16:00:00.000,9.254e-05
2026-06-22 00:00:00.000,-0.00012949
2026-06-22 08:00:00.000,0.0001
2026-06-22 16:00:00.002,8.36e-06
2026-06-23 00:00:00.003,2.115e-05
2026-06-23 08:00:00.005,-0.00014713
2026-06-23 16:00:00.002,-0.00016285
2026-06-24 00:00:00.005,-0.00011138
2026-06-24 08:00:00.005,-4.763e-05
2026-06-24 16:00:00.003,-0.00010655
2026-06-25 00:00:00.000,-8.055e-05
2026-06-25 08:00:00.000,-1.833e-05
2026-06-25 16:00:00.000,-0.00010275
2026-06-26 00:00:00.010,-0.0001127
2026-06-26 08:00:00.002,0.0001
2026-06-26 16:00:00.000,-1.104e-05
2026-06-27 00:00:00.000,7.988e-05
2026-06-27 08:00:00.000,0.0001
2026-06-27 16:00:00.009,3.949e-05
2026-06-28 00:00:00.000,5.936e-05
2026-06-28 08:00:00.013,-0.00014195
2026-06-28 16:00:00.000,0.0001
2026-06-29 00:00:00.006,-8.446e-05
2026-06-29 08:00:00.013,-4.023e-05
2026-06-29 16:00:00.004,0.0001
2026-06-30 00:00:00.000,0.0001
2026-06-30 08:00:00.000,4.85e-05
2026-06-30 16:00:00.005,4.07e-06
2026-07-01 00:00:00.000,0.0001
2026-07-01 08:00:00.000,0.0001
2026-07-01 16:00:00.000,6.289e-05
2026-07-02 00:00:00.000,2.349e-05
2026-07-02 08:00:00.000,6.33e-05
2026-07-02 16:00:00.000,-5.647e-05
2026-07-03 00:00:00.000,-0.00014392
2026-07-03 08:00:00.007,-5.321e-05
2026-07-03 16:00:00.000,0.0001
2026-07-04 00:00:00.000,1.163e-05
2026-07-04 08:00:00.000,5.658e-05
2026-07-04 16:00:00.007,-0.00012159
2026-07-05 00:00:00.003,2.383e-05
2026-07-05 08:00:00.001,-0.00011747
2026-07-05 16:00:00.000,0.0001
2026-07-06 00:00:00.000,-8.671e-05
2026-07-06 08:00:00.000,0.0001
2026-07-06 16:00:00.000,5.98e-06
2026-07-07 00:00:00.000,5.223e-05
2026-07-07 08:00:00.000,0.0001
2026-07-07 16:00:00.000,-8.459e-05
2026-07-08 00:00:00.000,-3.67e-05
2026-07-08 08:00:00.000,-7.806e-05
2026-07-08 16:00:00.000,1.616e-05
2026-07-09 00:00:00.000,-3.274e-05
2026-07-09 08:00:00.001,0.0001
2026-07-09 16:00:00.001,6.802e-05
2026-07-10 00:00:00.000,0.0001
2026-07-10 08:00:00.005,-2.298e-05
2026-07-10 16:00:00.005,0.0001
2026-07-11 00:00:00.000,0.0001
2026-07-11 08:00:00.000,5.107e-05
2026-07-11 16:00:00.000,0.0001
2026-07-12 00:00:00.000,7.352e-05
2026-07-12 08:00:00.003,0.0001
2026-07-12 16:00:00.000,1.958e-05
2026-07-13 00:00:00.000,8.41e-06
2026-07-13 08:00:00.001,9.292e-05
2026-07-13 16:00:00.004,0.0001
2026-07-14 00:00:00.000,6.678e-05
2026-07-14 08:00:00.002,-0.00010437
2026-07-14 16:00:00.001,-0.00010034
2026-07-15 00:00:00.005,-7.494e-05
2026-07-15 08:00:00.002,7.567e-05
2026-07-15 16:00:00.000,-0.00010324
2026-07-16 00:00:00.000,-0.00014477
2026-07-16 08:00:00.003,2.19e-06
2026-07-16 16:00:00.002,-0.00012321
2026-07-17 00:00:00.000,0.0001
2026-07-17 08:00:00.010,-1.416e-05
2026-07-17 16:00:00.004,4.883e-05
2026-07-18 00:00:00.000,0.0001
2026-07-18 08:00:00.000,-1.5e-07
2026-07-18 16:00:00.001,5.125e-05
2026-07-19 00:00:00.003,8.92e-06
2026-07-19 08:00:00.000,6.264e-05
2026-07-19 16:00:00.001,7.777e-05
2026-07-20 00:00:00.000,-6.407e-05
2026-07-20 08:00:00.001,8.68e-05
2026-07-20 16:00:00.004,0.0001
2026-07-21 00:00:00.001,4.028e-05
2026-07-21 08:00:00.000,1.41e-05
2026-07-21 16:00:00.002,2.364e-05
2026-07-22 00:00:00.000,-9.282e-05
2026-07-22 08:00:00.000,9.827e-05
2026-07-22 16:00:00.001,-3.393e-05
2026-07-23 00:00:00.000,5.797e-05
2026-07-23 08:00:00.000,-1.9e-07
2026-07-23 16:00:00.000,-9.496e-05
2026-07-24 00:00:00.000,-0.00019487
2026-07-24 08:00:00.000,3.217e-05
2026-07-24 16:00:00.008,3.662e-05
2026-07-25 00:00:00.002,-9.197e-05
2026-07-25 08:00:00.000,-9.94e-06
2026-07-25 16:00:00.000,-0.00016264
2026-07-26 00:00:00.000,-0.00031595
2026-07-26 08:00:00.002,-0.00011147
2026-07-26 16:00:00.000,-0.00011255
2026-07-27 00:00:00.010,-0.00021107
2026-07-27 08:00:00.000,0.0001
2026-07-27 16:00:00.001,-1.247e-05
2026-07-28 00:00:00.000,7.302e-05
2026-07-28 08:00:00.000,-5.877e-05
2026-07-28 16:00:00.000,2.73e-05
2026-07-29 00:00:00.000,7.916e-05
2026-07-29 08:00:00.002,2.516e-05
2026-07-29 16:00:00.000,0.0001
2026-07-30 00:00:00.000,-1.035e-05
2026-07-30 08:00:00.000,8.294e-05
2026-07-30 16:00:00.000,5.368e-05
2026-07-31 00:00:00.003,-0.00026291
2026-07-31 08:00:00.000,8.537e-05
2026-07-31 16:00:00.000,-9.16e-06
2026-08-01 00:00:00.001,8.223e-05
2026-08-01 08:00:00.000,-7.862e-05
2026-08-01 16:00:00.000,0.0001
2026-08-02 00:00:00.000,3.443e-05
2026-08-02 08:00:00.000,5.571e-05
2026-08-02 16:00:00.000,-2.171e-05
2026-08-03 00:00:00.000,-1.578e-05
2026-08-03 08:00:00.000,0.0001
2026-08-03 16:00:00.000,-0.00014193
2026-08-04 00:00:00.004,0.0001
2026-08-04 08:00:00.002,-0.00012004
2026-08-04 16:00:00.000,0.0001
2026-08-05 00:00:00.003,0.0001
2026-08-05 08:00:00.004,-4.049e-05
2026-08-05 16:00:00.000,-6.258e-05
2026-08-06 00:00:00.002,6.15e-05
2026-08-06 08:00:00.000,-0.00020041
2026-08-06 16:00:00.000,3.16e-05
2026-08-07 00:00:00.000,9.378e-05
2026-08-07 08:00:00.000,4.471e-05
2026-08-07 16:00:00.000,-9.655e-05
2026-08-08 00:00:00.001,-3.714e-05
2026-08-08 08:00:00.000,-1.185e-05
2026-08-08 16:00:00.002,8.948e-05
2026-08-09 00:00:00.000,-0.00011124
2026-08-09 08:00:00.005,7.5e-07
2026-08-09 16:00:00.000,-0.00035918
2026-08-10 00:00:00.001,0.0001
2026-08-10 08:00:00.005,0.0001
2026-08-10 16:00:00.000,0.0001
2026-08-11 00:00:00.000,0.0001
2026-08-11 08:00:00.006,1.632e-05
2026-08-11 16:00:00.000,0.0001
2026-08-12 00:00:00.001,3.348e-05
2026-08-12 08:00:00.000,0.0001
2026-08-12 16:00:00.000,4.634e-05
2026-08-13 00:00:00.000,-0.00022338
2026-08-13 08:00:00.000,-5.071e-05
2026-08-13 16:00:00.000,-0.00010409
2026-08-14 00:00:00.000,-0.00013605
2026-08-14 08:00:00.001,-0.00015742
2026-08-14 16:00:00.001,1.001e-05
2026-08-15 00:00:00.003,-9.53e-05
2026-08-15 08:00:00.002,-0.00038917
2026-08-15 16:00:00.000,1.418e-05
2026-08-16 00:00:00.000,-9.703e-05
2026-08-16 08:00:00.002,7.418e-05
2026-08-16 16:00:00.000,0.0001
2026-08-17 00:00:00.001,7.619e-05
2026-08-17 08:00:00.003,-5.916e-05
2026-08-17 16:00:00.005,4.224e-05
2026-08-18 00:00:00.006,-4.944e-05
2026-08-18 08:00:00.001,-3.372e-05
2026-08-18 16:00:00.003,-1.299e-05
2026-08-19 00:00:00.000,0.0001
2026-08-19 08:00:00.000,1.14e-06
2026-08-19 16:00:00.004,-0.00010875
2026-08-20 00:00:00.001,0.0001
2026-08-20 08:00:00.000,0.0001
2026-08-20 16:00:00.005,0.0001
2026-08-21 00:00:00.004,0.0001
2026-08-21 08:00:00.000,7.772e-05
2026-08-21 16:00:00.001,0.0001
2026-08-22 00:00:00.000,0.0001
2026-08-22 08:00:00.000,0.0001
2026-08-22 16:00:00.000,0.0001
2026-08-23 00:00:00.000,0.0001
2026-08-23 08:00:00.000,0.0001
2026-08-23 16:00:00.006,0.0001
2026-08-24 00:00:00.001,0.0001
2026-08-24 08:00:00.002,0.0001
2026-08-24 16:00:00.000,0.0001
2026-08-25 00:00:00.001,1.882e-05
2026-08-25 08:00:00.000,-2.763e-05
2026-08-25 16:00:00.005,3.965e-05
2026-08-26 00:00:00.000,-8.349e-05
2026-08-26 08:00:00.005,-0.00012567
2026-08-26 16:00:00.000,5.424e-05
2026-08-27 00:00:00.000,0.0001
2026-08-27 08:00:00.000,9.066e-05
2026-08-27 16:00:00.013,-4.047e-05
2026-08-28 00:00:00.026,-4.12e-06
2026-08-28 08:00:00.000,3.464e-05
2026-08-28 16:00:00.001,3.509e-05
2026-08-29 00:00:00.000,0.0001
2026-08-29 08:00:00.000,1.97e-05
2026-08-29 16:00:00.002,4.408e-05
2026-08-30 00:00:00.000,2.357e-05
2026-08-30 08:00:00.000,-4.888e-05
2026-08-30 16:00:00.001,-0.00012265
2026-08-31 00:00:00.002,0.0001
2026-08-31 08:00:00.002,0.0001
2026-08-31 16:00:00.001,5.092e-05
2026-09-01 00:00:00.005,0.0001
2026-09-01 08:00:00.000,0.0001
2026-09-01 16:00:00.000,0.0001
2026-09-02 00:00:00.000,0.0001
2026-09-02 08:00:00.001,0.0001
2026-09-02 16:00:00.005,1.372e-05
2026-09-03 00:00:00.000,6.389e-05
2026-09-03 08:00:00.000,4.645e-05
2026-09-03 16:00:00.000,0.0001
2026-09-04 00:00:00.000,-1.813e-05
2026-09-04 08:00:00.000,0.0001
2026-09-04 16:00:00.009,0.0001
2026-09-05 00:00:00.000,8.805e-05
2026-09-05 08:00:00.000,0.0001
2026-09-05 16:00:00.001,9.828e-05
2026-09-06 00:00:00.000,0.0001
2026-09-06 08:00:00.000,0.0001
2026-09-06 16:00:00.004,0.0001
2026-09-07 00:00:00.004,-2.602e-05
2026-09-07 08:00:00.000,0.0001
2026-09-07 16:00:00.003,-2.233e-05
2026-09-08 00:00:00.004,4.35e-05
2026-09-08 08:00:00.002,6.018e-05
2026-09-08 16:00:00.001,6.845e-05
2026-09-09 00:00:00.005,4.474e-05
2026-09-09 08:00:00.004,3.533e-05
2026-09-09 16:00:00.002,-0.00014224
2026-09-10 00:00:00.000,5.896e-05
2026-09-10 08:00:00.007,-5.162e-05
2026-09-10 16:00:00.002,0.0001
2026-09-11 00:00:00.008,6.634e-05
2026-09-11 08:00:00.000,0.0001
2026-09-11 16:00:00.000,4.737e-05
