time,open,high,low,close,volume
2026-07-02 00:00:00,30155.5,30157.0,30050.0,30111.25,0
2026-07-02 01:00:00,30114.0,30159.75,30037.25,30051.0,6964
2026-07-02 02:00:00,30052.0,30066.0,29895.0,29919.75,10894
2026-07-02 03:00:00,29921.25,29944.5,29826.25,29891.25,10691
2026-07-02 04:00:00,29893.5,30038.25,29827.25,30033.0,9730
2026-07-02 05:00:00,30032.75,30033.5,29943.5,29957.75,6395
2026-07-02 06:00:00,29959.5,30008.5,29920.0,30005.75,5871
2026-07-02 07:00:00,30005.25,30079.0,29967.0,30034.25,9644
2026-07-02 08:00:00,30035.25,30320.0,30022.25,30182.75,26551
2026-07-02 09:00:00,30185.0,30263.0,30007.75,30257.5,77496
2026-07-02 10:00:00,30257.75,30293.5,29730.75,29840.25,108482
2026-07-02 11:00:00,29840.25,29852.0,29610.75,29676.0,72684
2026-07-02 12:00:00,29676.75,29688.25,29434.0,29462.25,61788
2026-07-02 13:00:00,29461.0,29482.75,29328.5,29338.5,48159
2026-07-02 14:00:00,29339.5,29528.0,29330.5,29489.0,46994
2026-07-02 15:00:00,29488.75,29588.0,29349.5,29539.5,62920
2026-07-02 16:00:00,29539.25,29564.75,29514.0,29551.75,18996
2026-07-02 18:00:00,29566.0,29622.25,29559.25,29618.75,0
2026-07-02 19:00:00,29615.75,29618.75,29552.0,29600.5,4937
2026-07-02 20:00:00,29598.75,29638.75,29522.0,29536.5,6700
2026-07-02 21:00:00,29539.5,29699.5,29535.25,29682.5,6840
2026-07-02 22:00:00,29684.75,29755.75,29680.5,29750.75,4049
2026-07-02 23:00:00,29749.75,29775.25,29717.75,29768.0,3630
2026-07-05 18:00:00,29930.25,29979.5,29860.75,29946.0,8656
2026-07-05 19:00:00,29946.5,30011.25,29901.75,29983.75,6704
2026-07-05 20:00:00,29987.75,30004.75,29845.0,29928.25,11654
2026-07-05 21:00:00,29926.5,29932.0,29750.0,29792.75,11361
2026-07-05 22:00:00,29793.25,29901.75,29683.0,29725.25,10053
2026-07-05 23:00:00,29726.5,29901.75,29693.25,29718.75,8432
2026-07-06 00:00:00,29730.25,29840.5,29703.0,29828.25,6073
2026-07-06 01:00:00,29829.5,29830.5,29752.5,29790.5,4029
2026-07-06 02:00:00,29791.5,29858.25,29754.75,29847.25,5157
2026-07-06 03:00:00,29846.25,29876.25,29816.25,29852.5,3582
2026-07-06 04:00:00,29852.75,29884.0,29780.0,29867.0,4668
2026-07-06 05:00:00,29869.75,29888.5,29827.5,29877.0,3442
2026-07-06 06:00:00,29878.0,29891.5,29847.25,29884.5,3091
2026-07-06 07:00:00,29884.25,29915.0,29841.75,29877.75,5845
2026-07-06 08:00:00,29879.0,29936.0,29865.5,29934.0,9279
2026-07-06 09:00:00,29934.75,30009.0,29776.25,29932.5,69434
2026-07-06 10:00:00,29935.5,30067.5,29903.25,30025.25,62489
2026-07-06 11:00:00,30025.75,30083.75,29941.25,30074.25,44660
2026-07-06 12:00:00,30074.0,30094.0,29981.0,29990.0,31501
2026-07-06 13:00:00,29989.0,30036.75,29882.25,29896.75,39481
2026-07-06 14:00:00,29896.25,30004.0,29895.5,29990.0,32137
2026-07-06 15:00:00,29990.75,30052.0,29931.5,29951.0,51173
2026-07-06 16:00:00,29950.75,29972.75,29931.25,29947.75,14257
2026-07-06 18:00:00,29960.0,29973.75,29889.0,29894.75,0
2026-07-06 19:00:00,29893.5,29928.75,29839.25,29852.25,6427
2026-07-06 20:00:00,29851.0,29914.25,29808.25,29816.75,10497
2026-07-06 21:00:00,29819.75,29835.75,29716.5,29773.0,10181
2026-07-06 22:00:00,29774.25,29819.25,29738.75,29748.0,6179
2026-07-06 23:00:00,29748.0,29784.75,29628.25,29661.75,10396
2026-07-07 00:00:00,29666.25,29669.75,29607.5,29625.5,6037
2026-07-07 01:00:00,29626.25,29704.5,29558.5,29689.75,8812
2026-07-07 02:00:00,29688.75,29701.25,29631.25,29688.75,6182
2026-07-07 03:00:00,29689.0,29744.0,29644.0,29645.5,8265
2026-07-07 04:00:00,29646.75,29709.25,29641.25,29660.25,5490
2026-07-07 05:00:00,29660.75,29693.5,29622.5,29662.25,5530
2026-07-07 06:00:00,29663.25,29689.5,29625.25,29659.25,9023
2026-07-07 07:00:00,29660.5,29661.75,29591.25,29642.5,6969
2026-07-07 08:00:00,29640.75,29716.0,29622.0,29642.25,12134
2026-07-07 09:00:00,29642.25,29685.75,29420.25,29469.0,87303
2026-07-07 10:00:00,29468.75,29505.75,29210.0,29302.5,99922
2026-07-07 11:00:00,29302.25,29389.25,29248.25,29386.75,54117
2026-07-07 12:00:00,29388.0,29558.25,29377.0,29540.0,56185
2026-07-07 13:00:00,29539.5,29580.75,29510.0,29567.25,35209
2026-07-07 14:00:00,29567.5,29574.25,29385.25,29391.0,40005
2026-07-07 15:00:00,29390.25,29410.0,29271.0,29395.5,65476
2026-07-07 16:00:00,29395.75,29437.25,29387.75,29419.5,17129
2026-07-07 18:00:00,29373.75,29400.0,29319.5,29386.75,0
2026-07-07 19:00:00,29391.5,29407.0,29292.5,29300.5,6684
2026-07-07 20:00:00,29300.0,29547.0,29266.0,29543.5,16415
2026-07-07 21:00:00,29543.75,29558.75,29427.0,29438.0,10576
2026-07-07 22:00:00,29437.75,29475.0,29388.0,29461.25,7490
2026-07-07 23:00:00,29461.5,29532.25,29461.25,29470.75,5362
2026-07-08 00:00:00,29465.25,29470.0,29376.75,29415.0,6853
2026-07-08 01:00:00,29417.0,29447.25,29311.75,29347.5,6883
2026-07-08 02:00:00,29346.75,29363.5,29282.25,29329.25,7703
2026-07-08 03:00:00,29329.25,29404.25,29281.0,29381.0,8314
2026-07-08 04:00:00,29383.0,29414.75,28957.25,29009.5,26790
2026-07-08 05:00:00,29010.75,29034.0,28909.75,28957.75,14254
2026-07-08 06:00:00,28960.75,29063.0,28922.75,29018.75,9688
2026-07-08 07:00:00,29020.75,29124.75,28973.0,29089.25,12653
2026-07-08 08:00:00,29088.0,29239.5,29054.25,29155.0,17093
2026-07-08 09:00:00,29154.75,29399.0,29148.0,29367.5,72681
2026-07-08 10:00:00,29366.25,29389.25,29151.0,29210.25,77369
2026-07-08 11:00:00,29212.0,29224.25,29034.0,29096.25,54994
2026-07-08 12:00:00,29097.25,29377.0,29092.75,29373.25,53184
2026-07-08 13:00:00,29372.25,29457.75,29324.25,29352.5,38876
2026-07-08 14:00:00,29352.25,29429.25,29330.0,29405.75,29582
2026-07-08 15:00:00,29405.75,29500.0,29375.75,29457.75,42862
2026-07-08 16:00:00,29457.75,29468.5,29353.25,29391.25,16179
2026-07-08 18:00:00,29412.0,29449.25,29402.75,29425.5,0
2026-07-08 19:00:00,29424.0,29503.25,29395.0,29491.25,5867
2026-07-08 20:00:00,29491.0,29583.0,29486.25,29503.5,11271
2026-07-08 21:00:00,29504.5,29555.25,29444.5,29449.0,8308
2026-07-08 22:00:00,29450.5,29579.0,29419.0,29429.5,10386
2026-07-08 23:00:00,29430.75,29518.0,29396.5,29505.75,5680
2026-07-09 00:00:00,29506.75,29558.5,29462.5,29554.0,4501
2026-07-09 01:00:00,29554.75,29610.0,29474.75,29607.75,7887
2026-07-09 02:00:00,29606.5,29644.25,29572.25,29612.0,7249
2026-07-09 03:00:00,29613.25,29706.75,29603.75,29686.25,8870
2026-07-09 04:00:00,29684.75,29735.75,29643.0,29661.25,7195
2026-07-09 05:00:00,29663.5,29669.0,29613.75,29644.0,4156
2026-07-09 06:00:00,29645.5,29669.0,29564.5,29600.25,5624
2026-07-09 07:00:00,29601.75,29721.75,29579.0,29696.0,9804
2026-07-09 08:00:00,29696.75,29786.5,29681.0,29736.0,14099
2026-07-09 09:00:00,29735.25,29931.25,29672.0,29909.5,68232
2026-07-09 10:00:00,29909.75,29922.75,29614.5,29787.75,83694
2026-07-09 11:00:00,29788.25,29905.25,29779.5,29886.25,39798
2026-07-09 12:00:00,29886.5,29924.25,29864.0,29897.25,29530
2026-07-09 13:00:00,29897.0,29993.5,29893.5,29973.75,31856
2026-07-09 14:00:00,29974.75,29985.0,29929.5,29939.25,25264
2026-07-09 15:00:00,29939.75,29958.25,29896.75,29948.0,48990
2026-07-09 16:00:00,29948.5,29973.75,29926.25,29931.25,14361
2026-07-09 18:00:00,29937.75,29961.0,29904.0,29922.0,0
2026-07-09 19:00:00,29921.5,29964.25,29907.0,29932.5,4502
2026-07-09 20:00:00,29933.25,29952.0,29804.25,29866.5,13168
2026-07-09 21:00:00,29866.5,29922.75,29817.5,29891.5,7736
2026-07-09 22:00:00,29895.0,29952.5,29854.25,29951.25,6747
2026-07-09 23:00:00,29952.0,29963.5,29912.5,29930.5,3301
2026-07-10 00:00:00,29936.75,29948.75,29875.25,29881.75,4349
2026-07-10 01:00:00,29883.75,29897.0,29840.0,29845.5,5129
2026-07-10 02:00:00,29847.25,29856.75,29775.25,29819.5,9290
2026-07-10 03:00:00,29819.25,29827.75,29761.75,29774.0,4722
2026-07-10 04:00:00,29773.75,29803.75,29743.75,29773.25,6067
2026-07-10 05:00:00,29776.75,29827.75,29717.25,29814.75,6147
2026-07-10 06:00:00,29820.75,29862.25,29805.5,29850.75,4601
2026-07-10 07:00:00,29850.0,29887.75,29806.75,29816.0,7015
2026-07-10 08:00:00,29816.75,29878.75,29771.25,29800.0,12501
2026-07-10 09:00:00,29800.5,29968.5,29790.5,29923.0,60963
2026-07-10 10:00:00,29922.75,29966.0,29675.0,29818.25,71988
2026-07-10 11:00:00,29818.5,29991.5,29780.0,29944.25,57546
2026-07-10 12:00:00,29944.25,30043.25,29943.75,30026.75,35107
2026-07-10 13:00:00,30026.5,30072.25,29996.5,30038.0,22704
2026-07-10 14:00:00,30039.0,30071.0,30021.5,30038.25,24375
2026-07-10 15:00:00,30038.5,30077.75,30024.75,30037.25,36455
2026-07-10 16:00:00,30037.25,30073.75,30031.75,30032.25,10527
2026-07-12 18:00:00,29894.25,29915.0,29855.0,29910.25,6836
2026-07-12 19:00:00,29909.75,29910.5,29845.0,29893.25,6041
2026-07-12 20:00:00,29892.0,30041.0,29807.5,29832.5,17304
2026-07-12 21:00:00,29836.75,29851.25,29737.25,29761.25,12668
2026-07-12 22:00:00,29762.75,29808.75,29714.5,29717.0,9377
2026-07-12 23:00:00,29717.5,29727.25,29682.0,29695.25,7331
2026-07-13 00:00:00,29689.75,29690.0,29612.75,29627.0,6837
2026-07-13 01:00:00,29627.75,29693.75,29542.75,29649.0,10972
2026-07-13 02:00:00,29650.5,29666.0,29585.5,29632.5,7279
2026-07-13 03:00:00,29631.5,29690.25,29607.0,29652.75,5933
2026-07-13 04:00:00,29654.25,29754.0,29647.5,29747.5,7471
2026-07-13 05:00:00,29747.5,29776.5,29718.0,29770.75,3657
2026-07-13 06:00:00,29772.0,29778.0,29735.75,29756.75,4108
2026-07-13 07:00:00,29755.75,29799.75,29728.75,29741.0,6470
2026-07-13 08:00:00,29742.0,29757.25,29655.5,29719.0,11777
2026-07-13 09:00:00,29719.25,29748.0,29518.0,29630.0,69627
2026-07-13 10:00:00,29631.0,29724.0,29488.5,29717.75,75945
2026-07-13 11:00:00,29718.0,29752.5,29596.75,29612.25,39143
2026-07-13 12:00:00,29611.25,29638.5,29460.75,29525.75,50481
2026-07-13 13:00:00,29526.5,29580.75,29468.0,29479.5,29043
2026-07-13 14:00:00,29480.0,29539.5,29454.5,29493.5,28684
2026-07-13 15:00:00,29493.5,29525.75,29393.25,29466.5,66857
2026-07-13 16:00:00,29466.5,29474.0,29386.5,29428.75,15969
2026-07-13 18:00:00,29446.0,29479.5,29393.75,29399.5,0
2026-07-13 19:00:00,29399.5,29423.75,29327.25,29420.75,7699
2026-07-13 20:00:00,29422.5,29535.0,29325.75,29521.0,15667
2026-07-13 21:00:00,29521.0,29541.25,29437.0,29445.0,9396
2026-07-13 22:00:00,29447.25,29489.0,29365.25,29389.0,8242
2026-07-13 23:00:00,29390.75,29426.0,29303.5,29423.5,9900
2026-07-14 00:00:00,29406.5,29516.5,29371.25,29508.5,5481
2026-07-14 01:00:00,29509.75,29631.25,29490.0,29593.0,8001
2026-07-14 02:00:00,29592.0,29649.75,29562.75,29564.25,6504
2026-07-14 03:00:00,29564.0,29621.25,29545.5,29574.5,5396
2026-07-14 04:00:00,29575.0,29636.25,29547.75,29573.0,5622
2026-07-14 05:00:00,29573.0,29629.5,29557.75,29602.25,3751
2026-07-14 06:00:00,29603.25,29633.0,29578.75,29607.25,2944
2026-07-14 07:00:00,29606.75,29670.5,29555.0,29632.0,10797
2026-07-14 08:00:00,29635.0,29921.75,29570.0,29772.5,29863
2026-07-14 09:00:00,29773.75,29832.0,29685.0,29781.25,56934
2026-07-14 10:00:00,29780.25,29839.75,29567.5,29772.5,77331
2026-07-14 11:00:00,29773.5,29895.75,29753.75,29785.5,54910
2026-07-14 12:00:00,29786.0,29830.0,29704.5,29826.75,36133
2026-07-14 13:00:00,29826.75,29867.0,29807.0,29863.25,24238
2026-07-14 14:00:00,29863.0,29878.25,29810.5,29824.0,22897
2026-07-14 15:00:00,29824.5,29837.75,29771.0,29786.75,41404
2026-07-14 16:00:00,29786.5,29810.0,29767.75,29793.5,13461
2026-07-14 18:00:00,29805.0,29806.25,29745.5,29773.25,0
2026-07-14 19:00:00,29772.75,29900.0,29758.0,29889.25,6034
2026-07-14 20:00:00,29889.0,29938.0,29837.5,29918.0,8494
2026-07-14 21:00:00,29920.0,29959.25,29860.0,29957.25,6614
2026-07-14 22:00:00,29958.75,29987.25,29949.25,29960.75,4635
2026-07-14 23:00:00,29961.0,30019.25,29947.25,30014.0,4115
2026-07-15 00:00:00,30000.25,30025.0,29983.25,30021.75,3183
2026-07-15 01:00:00,30022.5,30058.25,29967.75,30032.0,8058
2026-07-15 02:00:00,30031.75,30050.0,30009.75,30030.0,4966
2026-07-15 03:00:00,30030.5,30062.5,29928.0,29996.25,7986
2026-07-15 04:00:00,29997.25,29998.75,29872.0,29936.5,6824
2026-07-15 05:00:00,29937.75,29963.5,29914.25,29924.75,2785
2026-07-15 06:00:00,29926.0,29947.25,29886.0,29927.25,3415
2026-07-15 07:00:00,29926.0,29953.0,29904.5,29912.5,3536
2026-07-15 08:00:00,29914.5,29995.25,29856.25,29980.0,13321
2026-07-15 09:00:00,29980.0,29999.75,29754.5,29822.5,62667
2026-07-15 10:00:00,29823.5,29892.5,29536.75,29630.75,92068
2026-07-15 11:00:00,29632.0,29661.75,29526.5,29582.0,50387
2026-07-15 12:00:00,29580.25,29599.5,29397.0,29512.75,55063
2026-07-15 13:00:00,29512.75,29705.75,29504.75,29686.5,42167
2026-07-15 14:00:00,29686.5,29742.75,29595.0,29613.25,42022
2026-07-15 15:00:00,29613.0,29707.0,29589.0,29700.5,49692
2026-07-15 16:00:00,29700.75,29737.0,29664.0,29707.5,12480
2026-07-15 18:00:00,29709.0,29749.0,29677.0,29716.25,0
2026-07-15 19:00:00,29716.0,29736.25,29682.0,29690.0,3817
2026-07-15 20:00:00,29690.0,29763.25,29622.25,29651.25,8947
2026-07-15 21:00:00,29653.75,29685.75,29595.75,29651.0,6740
2026-07-15 22:00:00,29651.25,29736.0,29620.0,29727.0,6424
2026-07-15 23:00:00,29728.0,29751.75,29701.75,29737.75,3588
2026-07-16 00:00:00,29727.25,29756.25,29691.25,29708.0,2897
2026-07-16 01:00:00,29709.0,29797.0,29666.5,29686.5,6187
2026-07-16 02:00:00,29687.75,29749.75,29641.25,29683.75,7884
2026-07-16 03:00:00,29684.75,29686.5,29548.5,29562.25,6267
2026-07-16 04:00:00,29563.5,29595.5,29478.75,29591.5,6948
2026-07-16 05:00:00,29593.25,29645.25,29528.0,29531.25,5503
2026-07-16 06:00:00,29530.25,29561.25,29502.5,29531.0,4539
2026-07-16 07:00:00,29528.75,29532.0,29361.0,29446.75,10317
2026-07-16 08:00:00,29445.75,29457.25,29363.5,29392.25,11913
2026-07-16 09:00:00,29393.25,29532.0,29255.5,29347.5,69847
2026-07-16 10:00:00,29346.5,29513.5,29315.25,29433.75,68786
2026-07-16 11:00:00,29435.5,29468.0,29336.0,29392.0,52429
2026-07-16 12:00:00,29392.5,29395.25,29260.75,29338.25,43088
2026-07-16 13:00:00,29339.0,29345.0,29219.0,29244.5,35699
2026-07-16 14:00:00,29244.25,29304.0,29198.5,29210.5,35628
2026-07-16 15:00:00,29210.0,29242.0,29078.5,29217.0,68267
2026-07-16 16:00:00,29217.75,29231.25,29162.75,29179.0,18268
2026-07-16 18:00:00,29191.0,29220.0,29115.25,29136.5,0
2026-07-16 19:00:00,29134.75,29144.75,29060.0,29096.5,5739
2026-07-16 20:00:00,29095.5,29124.25,28993.5,29057.0,11618
2026-07-16 21:00:00,29059.75,29105.5,28945.75,28972.0,10235
2026-07-16 22:00:00,28970.75,28985.75,28902.25,28925.0,7213
2026-07-16 23:00:00,28926.25,29026.0,28913.75,28922.25,7893
2026-07-17 00:00:00,28873.5,28879.25,28774.5,28804.75,12052
2026-07-17 01:00:00,28806.0,28823.0,28725.0,28756.25,8781
2026-07-17 02:00:00,28755.0,28825.0,28722.5,28743.0,9701
2026-07-17 03:00:00,28744.25,28767.5,28682.5,28688.0,8720
2026-07-17 04:00:00,28687.5,28735.0,28550.0,28630.0,15808
2026-07-17 05:00:00,28628.75,28728.0,28618.75,28711.5,8416
2026-07-17 06:00:00,28711.75,28825.5,28691.5,28785.0,12366
2026-07-17 07:00:00,28786.75,28808.25,28713.5,28741.5,9387
2026-07-17 08:00:00,28740.0,28744.75,28645.5,28664.5,11837
2026-07-17 09:00:00,28664.75,28686.0,28408.25,28676.0,86550
2026-07-17 10:00:00,28676.0,28896.0,28665.25,28727.0,103749
2026-07-17 11:00:00,28727.0,28948.5,28672.25,28933.5,64666
2026-07-17 12:00:00,28934.0,29028.0,28846.0,28974.25,56629
2026-07-17 13:00:00,28974.75,29050.25,28883.75,28895.75,41827
2026-07-17 14:00:00,28896.25,28937.0,28797.0,28861.25,41962
2026-07-17 15:00:00,28861.0,28869.25,28718.5,28764.25,59301
2026-07-17 16:00:00,28764.5,28779.75,28712.5,28773.25,19577
2026-07-19 18:00:00,28733.75,28851.0,28709.75,28814.5,7469
2026-07-19 19:00:00,28818.0,28880.25,28781.0,28868.25,6202
2026-07-19 20:00:00,28870.0,28963.5,28806.0,28859.25,11738
2026-07-19 21:00:00,28861.75,28917.5,28762.75,28795.75,9505
2026-07-19 22:00:00,28798.5,28948.0,28793.0,28886.0,8290
2026-07-19 23:00:00,28888.0,28937.75,28851.0,28894.5,5256
2026-07-20 00:00:00,28900.0,28942.0,28844.5,28897.75,5132
2026-07-20 01:00:00,28898.0,28901.75,28789.0,28807.25,5620
2026-07-20 02:00:00,28808.0,28823.75,28766.0,28803.5,4759
2026-07-20 03:00:00,28805.75,28926.0,28797.75,28911.0,7044
2026-07-20 04:00:00,28908.25,28939.75,28860.0,28882.0,4920
2026-07-20 05:00:00,28879.25,28998.25,28854.0,28952.5,5828
2026-07-20 06:00:00,28952.75,28980.0,28920.5,28969.0,4839
2026-07-20 07:00:00,28970.75,29109.5,28963.75,29072.5,13760
2026-07-20 08:00:00,29072.5,29075.5,28981.75,29025.0,10809
2026-07-20 09:00:00,29025.0,29192.5,28979.75,28994.75,68384
2026-07-20 10:00:00,28996.0,29053.75,28874.0,28891.5,75455
2026-07-20 11:00:00,28891.75,29066.75,28873.25,29050.75,50660
2026-07-20 12:00:00,29050.75,29119.0,28956.0,28983.75,46136
2026-07-20 13:00:00,28983.0,28999.75,28900.75,28956.5,32688
2026-07-20 14:00:00,28957.0,29009.75,28855.75,28870.0,35112
2026-07-20 15:00:00,28871.0,28896.0,28767.75,28785.75,58242
2026-07-20 16:00:00,28785.25,28831.5,28750.5,28777.0,13475
2026-07-20 18:00:00,28778.25,28803.5,28701.0,28717.75,0
2026-07-20 19:00:00,28717.75,28832.5,28711.25,28779.25,6832
2026-07-20 20:00:00,28777.5,28897.0,28707.25,28856.25,11904
2026-07-20 21:00:00,28859.75,28920.5,28837.5,28885.25,7399
2026-07-20 22:00:00,28885.25,28956.75,28859.0,28955.0,5771
2026-07-20 23:00:00,28954.0,29078.0,28951.25,29058.25,7371
2026-07-21 00:00:00,29075.75,29077.25,29048.0,29054.0,5367
2026-07-21 01:00:00,29055.75,29105.0,29016.5,29098.25,5657
2026-07-21 02:00:00,29096.25,29155.5,29096.25,29146.5,6914
2026-07-21 03:00:00,29147.75,29162.0,29088.0,29117.25,6003
2026-07-21 04:00:00,29118.0,29176.75,29104.0,29167.0,6306
2026-07-21 05:00:00,29168.0,29195.25,29151.25,29155.0,5093
2026-07-21 06:00:00,29155.25,29207.0,29154.75,29166.25,5686
2026-07-21 07:00:00,29167.75,29184.0,29119.5,29154.25,8680
2026-07-21 08:00:00,29153.5,29195.25,29111.5,29171.5,11536
2026-07-21 09:00:00,29173.5,29246.25,29092.5,29152.75,68251
2026-07-21 10:00:00,29153.5,29256.5,29064.25,29237.5,71917
2026-07-21 11:00:00,29237.25,29320.0,29181.0,29259.25,48629
2026-07-21 12:00:00,29259.25,29352.5,29254.25,29331.75,32918
2026-07-21 13:00:00,29331.5,29364.75,29323.0,29341.25,24413
2026-07-21 14:00:00,29341.5,29361.75,29310.5,29328.5,24145
2026-07-21 15:00:00,29328.25,29352.0,29290.75,29310.75,51969
2026-07-21 16:00:00,29312.0,29316.75,29279.0,29289.75,15478
2026-07-21 18:00:00,29310.75,29310.75,29253.0,29273.75,0
2026-07-21 19:00:00,29273.5,29304.75,29261.0,29298.5,3880
2026-07-21 20:00:00,29298.5,29337.0,29258.25,29288.0,7690
2026-07-21 21:00:00,29289.75,29307.0,29232.0,29277.25,6547
2026-07-21 22:00:00,29277.25,29284.5,29228.0,29238.25,4924
2026-07-21 23:00:00,29239.25,29267.25,29190.25,29197.0,5804
2026-07-22 00:00:00,29223.0,29238.5,29193.75,29221.5,4035
2026-07-22 01:00:00,29222.25,29225.25,29140.25,29172.75,5426
2026-07-22 02:00:00,29171.25,29173.0,29060.0,29092.75,8748
2026-07-22 03:00:00,29091.75,29124.5,29025.75,29056.0,8741
2026-07-22 04:00:00,29059.75,29117.75,29038.75,29110.0,5883
2026-07-22 05:00:00,29110.25,29150.0,29089.25,29127.0,5026
2026-07-22 06:00:00,29128.25,29173.0,29113.0,29153.0,5970
2026-07-22 07:00:00,29154.0,29164.75,29017.5,29054.0,9913
2026-07-22 08:00:00,29056.5,29071.0,28952.0,29017.25,17992
2026-07-22 09:00:00,29017.5,29277.25,29017.5,29276.75,64343
2026-07-22 10:00:00,29277.0,29283.75,29172.75,29241.0,68109
2026-07-22 11:00:00,29241.25,29342.25,29240.25,29329.5,44382
2026-07-22 12:00:00,29330.25,29335.0,29276.75,29310.5,25129
2026-07-22 13:00:00,29310.5,29331.25,29234.25,29244.25,27689
2026-07-22 14:00:00,29244.0,29271.25,29207.75,29245.25,31336
2026-07-22 15:00:00,29245.75,29260.0,29158.25,29160.5,44293
2026-07-22 16:00:00,29161.0,29260.0,29119.0,29165.0,27703
2026-07-22 18:00:00,29100.0,29142.5,29039.25,29072.75,0
2026-07-22 19:00:00,29073.5,29145.5,29021.75,29142.25,6627
2026-07-22 20:00:00,29143.75,29282.5,29132.5,29255.0,10969
2026-07-22 21:00:00,29256.25,29273.5,29175.5,29176.0,8531
2026-07-22 22:00:00,29176.0,29201.0,29057.0,29089.0,8572
2026-07-22 23:00:00,29093.5,29128.0,29029.5,29125.0,7315
2026-07-23 00:00:00,29097.75,29165.25,29084.5,29125.25,6346
2026-07-23 01:00:00,29126.0,29183.25,29079.25,29088.0,5777
2026-07-23 02:00:00,29088.0,29119.25,29074.0,29084.0,5186
2026-07-23 03:00:00,29083.75,29086.75,28922.25,28987.5,12550
2026-07-23 04:00:00,28988.75,29111.0,28958.25,29103.0,8276
2026-07-23 05:00:00,29103.5,29137.75,29045.0,29055.25,5832
2026-07-23 06:00:00,29054.25,29122.25,29036.0,29103.0,5971
2026-07-23 07:00:00,29103.0,29106.5,28913.0,28965.0,13488
2026-07-23 08:00:00,28964.0,28967.75,28754.75,28787.5,23547
2026-07-23 09:00:00,28786.5,28883.0,28657.0,28707.75,100735
2026-07-23 10:00:00,28709.25,28801.25,28577.25,28596.75,99521
2026-07-23 11:00:00,28597.25,28604.5,28432.5,28588.5,84293
2026-07-23 12:00:00,28588.5,28738.25,28573.25,28640.75,56795
2026-07-23 13:00:00,28641.25,28676.75,28565.5,28568.0,42650
2026-07-23 14:00:00,28568.25,28603.5,28525.25,28550.0,35820
2026-07-23 15:00:00,28550.0,28633.5,28486.25,28615.0,63943
2026-07-23 16:00:00,28615.25,28782.0,28610.5,28739.25,28046
2026-07-23 18:00:00,28700.25,28732.75,28624.0,28731.25,0
2026-07-23 19:00:00,28729.5,28736.0,28658.25,28679.0,6238
2026-07-23 20:00:00,28680.25,28724.0,28615.75,28672.0,11163
2026-07-23 21:00:00,28672.25,28701.5,28607.0,28614.25,7008
2026-07-23 22:00:00,28612.75,28632.0,28515.0,28519.25,7445
2026-07-23 23:00:00,28520.0,28560.75,28482.0,28486.0,7776
2026-07-24 00:00:00,28513.75,28571.5,28481.25,28565.25,6476
2026-07-24 01:00:00,28564.5,28607.0,28544.0,28545.0,5632
2026-07-24 02:00:00,28546.75,28576.25,28481.0,28543.75,7378
2026-07-24 03:00:00,28544.0,28663.0,28539.25,28614.25,8333
2026-07-24 04:00:00,28615.75,28649.5,28556.5,28622.0,6433
2026-07-24 05:00:00,28623.5,28704.25,28612.0,28700.5,6445
2026-07-24 06:00:00,28700.25,28706.25,28633.25,28640.5,5536
2026-07-24 07:00:00,28640.0,28700.0,28601.5,28680.5,8728
2026-07-24 08:00:00,28678.5,28698.5,28587.25,28592.0,12861
2026-07-24 09:00:00,28591.25,28622.0,28313.5,28322.25,78133
2026-07-24 10:00:00,28323.0,28461.5,28254.5,28449.25,97938
2026-07-24 11:00:00,28449.0,28583.75,28355.0,28576.0,78958
2026-07-24 12:00:00,28576.75,28630.75,28460.25,28495.75,45983
2026-07-24 13:00:00,28494.75,28544.0,28427.0,28466.0,39419
2026-07-24 14:00:00,28467.0,28486.0,28259.0,28302.5,45305
2026-07-24 15:00:00,28301.75,28328.5,28212.5,28283.25,65993
2026-07-24 16:00:00,28283.5,28329.5,28259.25,28282.25,15319
2026-07-26 18:00:00,28594.5,28647.0,28585.5,28609.5,4915
2026-07-26 19:00:00,28612.25,28731.0,28597.75,28727.5,6882
2026-07-26 20:00:00,28728.25,28733.75,28581.75,28598.25,12460
2026-07-26 21:00:00,28599.75,28634.5,28525.0,28614.0,9965
2026-07-26 22:00:00,28614.75,28658.5,28587.0,28615.5,5462
2026-07-26 23:00:00,28615.5,28650.75,28592.75,28613.5,4018
2026-07-27 00:00:00,28614.0,28663.0,28597.75,28644.0,3578
2026-07-27 01:00:00,28646.25,28704.25,28638.0,28694.5,4325
2026-07-27 02:00:00,28694.5,28728.5,28680.0,28695.0,5611
2026-07-27 03:00:00,28692.75,28732.0,28661.25,28661.75,5660
2026-07-27 04:00:00,28661.0,28749.5,28658.5,28736.0,5286
2026-07-27 05:00:00,28737.0,28763.25,28718.25,28744.75,4902
2026-07-27 06:00:00,28744.0,28758.0,28726.25,28740.75,3809
2026-07-27 07:00:00,28742.0,28743.5,28645.5,28673.0,8280
2026-07-27 08:00:00,28673.25,28697.75,28629.25,28690.25,9859
2026-07-27 09:00:00,28692.0,28700.0,28341.25,28347.75,78253
2026-07-27 10:00:00,28347.75,28372.75,27939.0,28169.25,127092
2026-07-27 11:00:00,28171.0,28198.5,27980.25,28062.5,73189
2026-07-27 12:00:00,28062.75,28204.5,28027.75,28048.5,59027
2026-07-27 13:00:00,28047.0,28106.25,27986.0,28104.75,37800
2026-07-27 14:00:00,28104.75,28191.0,28019.25,28188.25,39666
2026-07-27 15:00:00,28188.75,28255.75,28155.25,28192.75,52744
2026-07-27 16:00:00,28193.25,28230.0,28169.25,28210.0,13688
2026-07-27 18:00:00,28210.5,28228.0,28123.5,28132.5,0
2026-07-27 19:00:00,28131.75,28179.25,28105.25,28163.5,5657
2026-07-27 20:00:00,28164.75,28195.0,28052.75,28072.0,10331
2026-07-27 21:00:00,28072.0,28097.0,27969.0,28022.0,11341
2026-07-27 22:00:00,28021.75,28030.25,27951.5,27993.0,8348
2026-07-27 23:00:00,27993.0,28070.5,27932.5,28050.75,9792
2026-07-28 00:00:00,28013.5,28017.0,27951.0,27954.75,5335
2026-07-28 01:00:00,27957.0,28190.0,27870.75,27880.0,7892
2026-07-28 02:00:00,27882.25,27958.25,27839.5,27947.25,11019
2026-07-28 03:00:00,27945.5,27989.0,27908.0,27933.5,8239
2026-07-28 04:00:00,27934.25,28052.0,27880.0,27994.25,11613
2026-07-28 05:00:00,27992.25,28016.5,27941.5,27956.0,5551
2026-07-28 06:00:00,27956.0,27980.5,27904.25,27942.75,7727
2026-07-28 07:00:00,27945.75,27975.0,27848.25,27963.75,15268
2026-07-28 08:00:00,27962.5,28032.75,27949.25,27993.25,16127
2026-07-28 09:00:00,27993.75,28028.5,27641.75,27665.25,102737
2026-07-28 10:00:00,27665.5,27890.0,27603.5,27801.75,117955
2026-07-28 11:00:00,27803.0,28062.5,27768.0,28048.0,81015
2026-07-28 12:00:00,28047.75,28080.0,27953.5,28057.5,52172
2026-07-28 13:00:00,28057.5,28066.5,27925.0,27972.5,44514
2026-07-28 14:00:00,27974.0,27999.5,27912.5,27972.75,35021
2026-07-28 15:00:00,27972.25,28023.75,27911.0,27919.5,54843
2026-07-28 16:00:00,27919.25,27991.25,27884.25,27960.5,20847
2026-07-28 18:00:00,27962.0,28013.25,27756.25,27756.75,0
2026-07-28 19:00:00,27758.25,28104.5,27728.5,28102.5,18597
2026-07-28 20:00:00,28102.75,28178.25,28000.25,28013.25,14594
2026-07-28 21:00:00,28011.75,28041.25,27784.0,27785.25,13888
2026-07-28 22:00:00,27785.0,27912.75,27770.25,27839.5,11403
2026-07-28 23:00:00,27839.0,27882.5,27702.0,27718.0,9686
2026-07-29 00:00:00,27700.0,27759.0,27640.0,27756.0,10333
2026-07-29 01:00:00,27758.75,27852.75,27735.75,27794.0,9923
2026-07-29 02:00:00,27794.0,27942.25,27736.25,27928.75,9796
2026-07-29 03:00:00,27928.75,27962.75,27891.25,27906.0,7948
2026-07-29 04:00:00,27906.25,27939.25,27820.0,27904.0,7983
2026-07-29 05:00:00,27904.5,28060.0,27901.0,28019.75,8536
2026-07-29 06:00:00,28018.25,28046.0,27931.5,27948.0,7825
2026-07-29 07:00:00,27950.25,28023.75,27934.5,28002.75,8387
2026-07-29 08:00:00,28002.0,28007.75,27844.25,27907.75,13531
2026-07-29 09:00:00,27909.0,27996.0,27667.75,27733.75,76656
2026-07-29 10:00:00,27735.25,27826.5,27510.0,27600.0,107456
2026-07-29 11:00:00,27600.5,27657.5,27464.5,27517.0,67761
2026-07-29 12:00:00,27518.25,27603.5,27409.25,27603.25,56866
2026-07-29 13:00:00,27603.75,27750.0,27595.25,27721.75,48402
2026-07-29 14:00:00,27723.0,28096.75,27709.0,28056.75,99576
2026-07-29 15:00:00,28057.5,28099.5,27317.5,27336.75,133677
2026-07-29 16:00:00,27338.25,27364.0,27201.5,27259.25,42409
2026-07-29 18:00:00,27202.0,27489.5,27202.0,27451.5,0
2026-07-29 19:00:00,27449.5,27559.25,27446.25,27520.75,12596
2026-07-29 20:00:00,27521.75,27611.0,27472.25,27547.25,16328
2026-07-29 21:00:00,27547.25,27696.75,27535.25,27653.0,13353
2026-07-29 22:00:00,27652.0,27687.5,27539.0,27541.75,9746
2026-07-29 23:00:00,27542.0,27576.25,27471.25,27521.5,9006
2026-07-30 00:00:00,27507.5,27543.75,27434.75,27447.75,6900
2026-07-30 01:00:00,27446.25,27546.25,27421.0,27487.75,7076
2026-07-30 02:00:00,27487.0,27507.0,27415.0,27434.25,5776
2026-07-30 03:00:00,27433.75,27521.75,27351.25,27395.25,12033
2026-07-30 04:00:00,27394.5,27527.25,27337.5,27485.25,9604
2026-07-30 05:00:00,27486.0,27586.0,27469.75,27514.75,7447
2026-07-30 06:00:00,27515.5,27648.0,27488.25,27618.5,9690
2026-07-30 07:00:00,27619.0,27745.25,27613.0,27725.0,12685
2026-07-30 08:00:00,27723.5,27821.75,27695.75,27805.5,19852
2026-07-30 09:00:00,27807.0,28162.25,27793.0,28151.75,107055
2026-07-30 10:00:00,28150.5,28246.5,28022.5,28070.75,118443
2026-07-30 11:00:00,28071.5,28137.75,27996.25,28079.5,79402
2026-07-30 12:00:00,28078.75,28192.75,28054.5,28126.75,51322
2026-07-30 13:00:00,28127.0,28208.5,28126.0,28177.5,37789
2026-07-30 14:00:00,28177.5,28205.0,28148.5,28180.5,28849
2026-07-30 15:00:00,28180.75,28297.75,28179.75,28230.75,78565
2026-07-30 16:00:00,28230.75,28414.5,28205.5,28333.5,32156
2026-07-30 18:00:00,28317.0,28413.75,28300.0,28395.0,0
2026-07-30 19:00:00,28394.25,28445.0,28362.25,28422.75,6690
2026-07-30 20:00:00,28424.0,28524.5,28397.25,28521.75,11024
2026-07-30 21:00:00,28523.0,28572.0,28455.5,28478.0,9814
2026-07-30 22:00:00,28478.0,28499.5,28389.5,28431.25,8223
2026-07-30 23:00:00,28431.5,28478.25,28398.0,28461.75,5830
2026-07-31 00:00:00,28459.5,28557.0,28451.5,28549.0,5181
2026-07-31 01:00:00,28548.75,28590.75,28538.5,28585.0,6135
2026-07-31 02:00:00,28585.5,28611.75,28450.0,28488.25,10569
2026-07-31 03:00:00,28484.25,28584.25,28455.0,28575.0,9608
2026-07-31 04:00:00,28572.75,28611.0,28524.75,28602.75,7929
2026-07-31 05:00:00,28603.25,28640.75,28528.5,28533.0,8201
2026-07-31 06:00:00,28531.75,28591.25,28519.5,28565.5,5799
2026-07-31 07:00:00,28565.5,28626.0,28523.0,28553.5,7969
2026-07-31 08:00:00,28554.75,28555.25,28432.25,28468.25,15497
2026-07-31 09:00:00,28468.5,28725.75,28295.5,28360.5,111222
2026-07-31 10:00:00,28356.75,28393.0,28079.75,28307.5,129584
2026-07-31 11:00:00,28308.75,28342.25,28115.5,28274.0,80203
2026-07-31 12:00:00,28274.0,28390.0,28243.75,28367.5,50019
2026-07-31 13:00:00,28366.75,28503.0,28360.0,28429.0,43755
2026-07-31 14:00:00,28429.0,28462.0,28395.25,28433.75,30821
2026-07-31 15:00:00,28433.5,28524.0,28380.0,28402.75,63486
2026-07-31 16:00:00,28402.75,28434.25,28258.25,28404.25,25824
2026-08-02 18:00:00,28601.0,28641.25,28560.25,28570.25,6216
2026-08-02 19:00:00,28568.75,28637.5,28545.0,28614.0,8518
2026-08-02 20:00:00,28611.0,28630.5,28537.5,28622.0,12434
2026-08-02 21:00:00,28622.25,28650.0,28564.25,28644.0,8775
2026-08-02 22:00:00,28644.75,28681.5,28631.0,28660.5,5989
2026-08-02 23:00:00,28662.5,28698.25,28640.0,28674.5,4104
2026-08-03 00:00:00,28669.0,28688.5,28648.5,28651.0,2979
2026-08-03 01:00:00,28650.75,28666.25,28617.0,28641.25,4008
2026-08-03 02:00:00,28642.0,28661.0,28575.75,28593.25,5967
2026-08-03 03:00:00,28594.25,28634.5,28558.5,28588.25,7475
2026-08-03 04:00:00,28588.0,28595.0,28471.75,28594.0,9546
2026-08-03 05:00:00,28594.75,28601.0,28521.0,28559.0,5777
2026-08-03 06:00:00,28559.25,28565.25,28488.5,28541.0,5647
2026-08-03 07:00:00,28541.25,28547.0,28403.5,28420.25,10167
2026-08-03 08:00:00,28420.25,28491.5,28383.5,28459.25,13774
2026-08-03 09:00:00,28459.25,28628.0,28313.5,28626.25,87806
2026-08-03 10:00:00,28623.75,28803.75,28529.5,28801.75,89670
2026-08-03 11:00:00,28801.0,28814.5,28722.0,28792.5,51767
2026-08-03 12:00:00,28792.5,28847.25,28790.0,28822.5,35119
2026-08-03 13:00:00,28822.75,28921.75,28813.0,28917.5,33795
2026-08-03 14:00:00,28917.5,28964.25,28882.75,28907.0,41500
2026-08-03 15:00:00,28907.5,28943.75,28865.25,28900.25,56545
2026-08-03 16:00:00,28900.75,28945.0,28878.25,28929.25,13985
2026-08-03 18:00:00,28930.0,28962.25,28919.0,28945.75,0
2026-08-03 19:00:00,28944.0,28972.25,28930.25,28971.0,4265
2026-08-03 20:00:00,28971.25,28976.25,28864.25,28876.75,11462
2026-08-03 21:00:00,28876.0,29048.0,28831.75,29041.25,13274
2026-08-03 22:00:00,29041.75,29044.75,28942.5,28972.75,9392
2026-08-03 23:00:00,28972.5,29005.5,28931.75,29003.5,6399
2026-08-04 00:00:00,28990.75,29023.25,28968.5,29015.5,3144
2026-08-04 01:00:00,29016.25,29074.75,28978.25,29072.25,5440
2026-08-04 02:00:00,29073.5,29098.75,29042.5,29073.75,5580
2026-08-04 03:00:00,29072.0,29119.25,29036.5,29071.25,9095
2026-08-04 04:00:00,29072.0,29131.5,29039.0,29068.75,7807
2026-08-04 05:00:00,29069.0,29089.25,29007.5,29077.75,6350
2026-08-04 06:00:00,29078.5,29145.0,29067.25,29115.5,8504
2026-08-04 07:00:00,29116.75,29245.75,29114.25,29237.5,13172
2026-08-04 08:00:00,29238.0,29238.0,29188.0,29202.75,10326
2026-08-04 09:00:00,29203.25,29503.75,29191.25,29466.0,91567
2026-08-04 10:00:00,29465.25,29572.75,29432.0,29549.75,87259
2026-08-04 11:00:00,29549.75,29696.75,29544.0,29671.0,62625
2026-08-04 12:00:00,29671.0,29744.5,29661.25,29742.75,40887
2026-08-04 13:00:00,29742.75,29898.75,29739.25,29834.75,52371
2026-08-04 14:00:00,29835.25,29895.5,29808.0,29881.5,40069
2026-08-04 15:00:00,29881.75,29956.5,29847.5,29876.75,77820
2026-08-04 16:00:00,29875.25,29949.75,29761.25,29818.25,32908
2026-08-04 18:00:00,29777.25,29844.25,29776.5,29827.5,0
2026-08-04 19:00:00,29825.75,29857.25,29802.0,29834.75,6054
2026-08-04 20:00:00,29835.5,29877.0,29810.0,29848.75,9420
2026-08-04 21:00:00,29849.25,29887.5,29797.0,29869.0,8722
2026-08-04 22:00:00,29870.0,29889.25,29842.25,29860.75,4984
2026-08-04 23:00:00,29859.0,29893.75,29855.75,29890.0,4326
2026-08-05 00:00:00,29896.75,29917.0,29859.75,29902.75,4495
2026-08-05 01:00:00,29902.5,29985.25,29895.0,29980.5,6937
2026-08-05 02:00:00,29980.0,29990.0,29925.5,29969.75,6095
2026-08-05 03:00:00,29969.0,29987.0,29885.0,29903.25,7196
2026-08-05 04:00:00,29905.0,29926.0,29797.75,29836.5,10246
2026-08-05 05:00:00,29837.75,29893.5,29814.25,29857.5,7813
2026-08-05 06:00:00,29857.25,29871.75,29833.75,29862.25,5159
2026-08-05 07:00:00,29865.5,29943.5,29865.5,29919.5,9693
2026-08-05 08:00:00,29919.5,29950.0,29891.25,29915.0,11622
2026-08-05 09:00:00,29917.25,30074.0,29894.75,30048.75,85796
2026-08-05 10:00:00,30048.5,30048.5,29788.0,29848.25,106914
2026-08-05 11:00:00,29849.0,29890.75,29713.25,29739.0,67866
2026-08-05 12:00:00,29738.25,29839.75,29702.0,29808.25,48615
2026-08-05 13:00:00,29809.75,29819.75,29734.25,29757.0,29225
2026-08-05 14:00:00,29756.75,29788.5,29722.75,29725.75,26882
2026-08-05 15:00:00,29726.75,29779.25,29592.75,29607.5,52373
2026-08-05 16:00:00,29607.0,29618.25,29530.75,29600.25,29868
2026-08-05 18:00:00,29569.5,29679.5,29563.5,29623.25,0
2026-08-05 19:00:00,29622.75,29649.5,29566.0,29583.5,6134
2026-08-05 20:00:00,29584.25,29608.0,29535.25,29537.5,9474
2026-08-05 21:00:00,29539.25,29540.75,29454.25,29498.0,10509
2026-08-05 22:00:00,29497.75,29621.0,29490.75,29593.0,8708
2026-08-05 23:00:00,29593.75,29608.5,29525.0,29564.0,5957
2026-08-06 00:00:00,29571.5,29600.0,29541.75,29574.75,4558
2026-08-06 01:00:00,29575.25,29596.25,29544.25,29580.75,4174
2026-08-06 02:00:00,29580.0,29581.75,29485.0,29523.0,7486
2026-08-06 03:00:00,29520.25,29563.0,29500.75,29507.25,5665
2026-08-06 04:00:00,29479.5,29532.5,29443.75,29517.25,8005
2026-08-06 05:00:00,29517.25,29531.0,29437.5,29526.75,5002
2026-08-06 06:00:00,29526.75,29533.75,29468.0,29484.5,4732
2026-08-06 07:00:00,29484.5,29516.5,29364.75,29467.25,15682
2026-08-06 08:00:00,29466.0,29476.5,29387.5,29399.5,13761
2026-08-06 09:00:00,29400.25,29551.0,29241.25,29527.25,93151
2026-08-06 10:00:00,29528.25,29667.0,29488.0,29656.75,91432
2026-08-06 11:00:00,29656.5,29686.25,29506.0,29516.25,69666
2026-08-06 12:00:00,29516.25,29558.5,29448.5,29556.5,51394
2026-08-06 13:00:00,29557.25,29574.25,29493.75,29529.0,30648
2026-08-06 14:00:00,29529.0,29575.5,29498.5,29515.5,29793
2026-08-06 15:00:00,29515.75,29570.25,29475.0,29497.25,47622
2026-08-06 16:00:00,29497.25,29552.0,29480.25,29504.25,15393
2026-08-06 18:00:00,29514.25,29581.75,29494.5,29566.0,0
2026-08-06 19:00:00,29564.75,29603.5,29554.25,29593.25,4014
2026-08-06 20:00:00,29595.25,29618.75,29497.25,29561.25,11695
2026-08-06 21:00:00,29561.75,29582.0,29482.5,29526.25,9790
2026-08-06 22:00:00,29527.0,29548.0,29475.5,29527.0,6484
2026-08-06 23:00:00,29526.0,29548.0,29486.25,29489.25,3696
2026-08-07 00:00:00,29496.25,29526.0,29453.5,29511.5,5886
2026-08-07 01:00:00,29510.75,29556.75,29507.5,29523.5,4201
2026-08-07 02:00:00,29523.5,29583.5,29520.0,29553.0,6168
2026-08-07 03:00:00,29552.0,29592.5,29533.0,29583.75,5089
2026-08-07 04:00:00,29584.25,29647.25,29584.0,29632.5,7524
2026-08-07 05:00:00,29633.5,29649.0,29616.0,29616.5,3486
2026-08-07 06:00:00,29618.25,29628.0,29591.25,29607.25,3368
2026-08-07 07:00:00,29606.5,29673.25,29604.25,29614.0,7326
2026-08-07 08:00:00,29614.5,29867.75,29604.75,29843.25,28044
2026-08-07 09:00:00,29843.75,29850.5,29643.75,29677.25,92995
2026-08-07 10:00:00,29679.5,29779.5,29564.5,29721.0,102996
2026-08-07 11:00:00,29720.25,29855.25,29709.0,29814.0,53117
2026-08-07 12:00:00,29814.75,29830.0,29668.75,29739.5,47638
2026-08-07 13:00:00,29739.75,29768.0,29726.25,29743.25,23787
2026-08-07 14:00:00,29743.5,29754.75,29676.5,29725.0,23436
2026-08-07 15:00:00,29725.25,29860.25,29723.0,29834.25,54074
2026-08-07 16:00:00,29833.75,29850.75,29802.5,29834.75,13907
2026-08-09 18:00:00,29851.75,29860.25,29805.25,29844.25,5126
2026-08-09 19:00:00,29845.25,29882.25,29828.25,29829.5,4680
2026-08-09 20:00:00,29830.25,29906.5,29788.5,29802.0,9619
2026-08-09 21:00:00,29803.25,29895.0,29791.0,29885.0,6151
2026-08-09 22:00:00,29886.0,29899.5,29848.25,29880.25,3613
2026-08-09 23:00:00,29881.25,29899.0,29869.25,29880.0,2603
2026-08-10 00:00:00,29878.25,29904.0,29863.0,29882.75,2863
2026-08-10 01:00:00,29882.25,29930.5,29881.0,29930.5,3715
2026-08-10 02:00:00,29930.0,29962.75,29906.0,29908.5,5543
2026-08-10 03:00:00,29909.25,29984.0,29886.25,29951.5,5592
2026-08-10 04:00:00,29952.5,29981.0,29939.5,29971.5,3799
2026-08-10 05:00:00,29971.5,29983.75,29936.0,29938.75,2946
2026-08-10 06:00:00,29939.25,29959.0,29909.25,29912.25,4019
2026-08-10 07:00:00,29912.75,29926.0,29846.0,29871.0,8432
2026-08-10 08:00:00,29870.25,29883.75,29771.75,29777.0,9178
2026-08-10 09:00:00,29778.5,29841.75,29718.75,29806.75,69337
2026-08-10 10:00:00,29807.0,29900.0,29777.75,29779.25,64899
2026-08-10 11:00:00,29779.75,29854.5,29740.75,29844.0,45598
2026-08-10 12:00:00,29844.5,29858.75,29729.5,29780.0,35998
2026-08-10 13:00:00,29780.25,29811.25,29744.25,29759.75,23606
2026-08-10 14:00:00,29759.0,29784.5,29741.5,29782.0,18618
2026-08-10 15:00:00,29782.75,29796.0,29722.5,29744.25,39228
2026-08-10 16:00:00,29744.5,29770.0,29737.0,29764.25,10561
2026-08-10 18:00:00,29764.5,29788.5,29722.25,29732.5,0
2026-08-10 19:00:00,29732.5,29735.5,29677.5,29704.5,4407
2026-08-10 20:00:00,29703.75,29793.75,29666.0,29785.0,9471
2026-08-10 21:00:00,29784.75,29842.5,29764.5,29818.25,7176
2026-08-10 22:00:00,29818.0,29844.5,29812.0,29818.25,3268
2026-08-10 23:00:00,29817.75,29847.5,29815.0,29834.0,2703
2026-08-11 00:00:00,29838.25,29861.75,29834.5,29838.75,2665
2026-08-11 01:00:00,29838.75,29854.25,29786.75,29793.25,4030
2026-08-11 02:00:00,29792.5,29827.75,29732.5,29754.25,7285
2026-08-11 03:00:00,29755.75,29780.25,29728.0,29774.75,4693
2026-08-11 04:00:00,29776.0,29804.25,29717.75,29749.5,5623
2026-08-11 05:00:00,29748.0,29784.0,29718.75,29768.75,4124
2026-08-11 06:00:00,29770.25,29832.75,29750.25,29818.0,4300
2026-08-11 07:00:00,29818.75,29886.75,29811.0,29832.0,9502
2026-08-11 08:00:00,29832.75,29871.5,29819.0,29833.75,8167
2026-08-11 09:00:00,29832.5,29851.25,29631.75,29732.75,76789
2026-08-11 10:00:00,29732.5,29804.75,29718.25,29777.0,67871
2026-08-11 11:00:00,29776.5,29792.25,29658.75,29663.25,50111
2026-08-11 12:00:00,29663.75,29681.75,29614.75,29626.0,37032
2026-08-11 13:00:00,29626.75,29640.75,29573.0,29628.75,32414
2026-08-11 14:00:00,29629.25,29635.75,29533.5,29582.75,33814
2026-08-11 15:00:00,29582.25,29660.25,29571.5,29635.25,46651
2026-08-11 16:00:00,29635.75,29676.5,29614.75,29646.75,14096
2026-08-11 18:00:00,29657.75,29666.0,29626.75,29650.25,0
2026-08-11 19:00:00,29649.5,29663.0,29634.25,29662.25,2053
2026-08-11 20:00:00,29661.75,29680.0,29624.5,29665.75,5488
2026-08-11 21:00:00,29662.75,29683.5,29639.5,29658.25,4388
2026-08-11 22:00:00,29659.0,29703.0,29650.0,29702.5,3075
2026-08-11 23:00:00,29702.75,29710.0,29684.5,29695.0,2495
2026-08-12 00:00:00,29694.0,29715.5,29683.5,29713.0,2190
2026-08-12 01:00:00,29714.0,29718.0,29668.25,29715.5,2779
2026-08-12 02:00:00,29715.0,29737.25,29698.25,29736.75,3477
2026-08-12 03:00:00,29737.25,29753.75,29727.5,29751.5,4009
2026-08-12 04:00:00,29752.25,29799.5,29748.25,29793.75,4595
2026-08-12 05:00:00,29794.5,29848.25,29793.5,29815.25,5426
2026-08-12 06:00:00,29815.5,29845.25,29785.0,29814.5,5359
2026-08-12 07:00:00,29816.0,29846.5,29805.5,29845.5,4678
2026-08-12 08:00:00,29846.0,29960.0,29750.25,29919.25,21347
2026-08-12 09:00:00,29920.0,30001.75,29853.25,29907.5,79184
2026-08-12 10:00:00,29907.25,29945.75,29828.25,29868.0,73563
2026-08-12 11:00:00,29868.0,29892.0,29818.5,29831.75,38479
2026-08-12 12:00:00,29832.75,29918.0,29829.0,29905.5,31336
2026-08-12 13:00:00,29906.25,29924.5,29889.25,29910.25,23937
2026-08-12 14:00:00,29910.0,29932.0,29885.0,29889.75,20983
2026-08-12 15:00:00,29890.25,29905.0,29825.75,29852.75,42725
2026-08-12 16:00:00,29853.0,29906.0,29804.5,29805.75,15556
2026-08-12 18:00:00,29825.0,29831.75,29780.5,29797.75,0
2026-08-12 19:00:00,29797.25,29815.0,29792.0,29804.5,3004
2026-08-12 20:00:00,29805.25,29866.75,29796.75,29846.0,7088
2026-08-12 21:00:00,29845.75,29866.0,29808.25,29857.25,5671
2026-08-12 22:00:00,29858.0,29877.75,29833.5,29868.5,4373
2026-08-12 23:00:00,29868.5,29880.0,29865.5,29878.0,1957
2026-08-13 00:00:00,29886.75,29896.0,29853.75,29879.25,3614
2026-08-13 01:00:00,29878.5,29924.0,29874.0,29884.5,4489
2026-08-13 02:00:00,29884.5,29905.5,29858.25,29888.5,4413
2026-08-13 03:00:00,29888.0,29893.25,29845.0,29860.0,4814
2026-08-13 04:00:00,29859.75,29875.75,29827.0,29860.75,5111
2026-08-13 05:00:00,29861.5,29879.25,29821.0,29876.5,3096
2026-08-13 06:00:00,29876.25,29886.5,29863.25,29881.25,2655
2026-08-13 07:00:00,29881.5,29895.0,29855.5,29869.0,4038
2026-08-13 08:00:00,29869.5,29890.5,29812.25,29880.25,12687
2026-08-13 09:00:00,29880.75,30182.25,29863.5,30176.0,79458
2026-08-13 10:00:00,30175.75,30267.5,30155.75,30199.5,77640
2026-08-13 11:00:00,30199.25,30238.75,30104.0,30115.5,62087
2026-08-13 12:00:00,30117.25,30203.25,30114.25,30193.75,32617
2026-08-13 13:00:00,30193.75,30250.0,30193.25,30204.5,29346
2026-08-13 14:00:00,30205.0,30246.0,30181.0,30244.25,29127
2026-08-13 15:00:00,30244.25,30272.75,30173.0,30194.0,52297
2026-08-13 16:00:00,30194.25,30220.0,30144.5,30214.25,16450
2026-08-13 18:00:00,30210.75,30216.75,30186.0,30203.25,0
2026-08-13 19:00:00,30204.0,30226.0,30189.5,30203.25,3232
2026-08-13 20:00:00,30203.75,30232.0,30166.25,30170.0,7161
2026-08-13 21:00:00,30169.25,30169.75,30124.25,30151.5,7288
2026-08-13 22:00:00,30151.5,30181.5,30149.75,30154.75,3571
2026-08-13 23:00:00,30153.75,30182.5,30150.0,30153.75,2827
2026-08-14 00:00:00,30158.25,30165.0,30137.5,30147.0,3573
2026-08-14 01:00:00,30148.25,30182.0,30127.75,30174.0,3323
2026-08-14 02:00:00,30174.75,30178.0,30147.5,30172.5,2672
2026-08-14 03:00:00,30173.5,30203.75,30171.5,30194.75,3499
2026-08-14 04:00:00,30194.5,30240.25,30187.75,30220.75,4704
2026-08-14 05:00:00,30220.0,30236.0,30207.0,30235.0,3108
2026-08-14 06:00:00,30234.25,30252.5,30223.0,30252.0,3817
2026-08-14 07:00:00,30251.75,30268.0,30237.25,30263.75,4793
2026-08-14 08:00:00,30265.25,30280.25,30208.5,30268.25,11020
2026-08-14 09:00:00,30268.5,30283.0,30169.75,30228.25,70397
2026-08-14 10:00:00,30226.0,30272.25,30123.0,30123.0,66779
2026-08-14 11:00:00,30124.0,30143.0,30028.5,30065.75,55949
2026-08-14 12:00:00,30066.5,30107.75,30050.5,30059.0,35076
2026-08-14 13:00:00,30059.25,30084.5,30046.5,30081.5,24808
2026-08-14 14:00:00,30081.25,30104.0,30062.5,30088.5,22037
2026-08-14 15:00:00,30088.5,30148.0,30076.0,30145.0,42656
2026-08-14 16:00:00,30144.25,30154.75,30127.25,30141.75,12668
2026-08-16 18:00:00,30192.25,30211.75,30187.25,30205.0,2259
2026-08-16 19:00:00,30205.25,30228.0,30191.5,30214.25,2942
2026-08-16 20:00:00,30215.0,30227.25,30185.5,30201.75,4791
2026-08-16 21:00:00,30201.0,30239.0,30187.0,30192.0,6107
2026-08-16 22:00:00,30192.0,30231.25,30185.25,30222.25,3766
2026-08-16 23:00:00,30223.0,30247.25,30220.75,30245.75,2436
2026-08-17 00:00:00,30246.75,30255.0,30233.0,30234.75,2579
2026-08-17 01:00:00,30234.5,30274.0,30230.5,30272.0,2782
2026-08-17 02:00:00,30273.25,30327.0,30266.75,30324.5,6668
2026-08-17 03:00:00,30324.75,30331.5,30261.0,30313.0,6432
2026-08-17 04:00:00,30312.0,30328.0,30283.75,30298.25,4128
2026-08-17 05:00:00,30298.25,30301.5,30267.75,30282.0,2765
2026-08-17 06:00:00,30282.0,30343.0,30276.0,30315.0,4967
2026-08-17 07:00:00,30313.75,30325.0,30286.0,30286.75,5161
2026-08-17 08:00:00,30286.75,30288.75,30180.0,30202.5,13331
2026-08-17 09:00:00,30202.5,30266.0,30165.5,30235.0,65005
2026-08-17 10:00:00,30234.75,30246.0,30155.25,30244.0,58590
2026-08-17 11:00:00,30244.0,30287.5,30207.75,30239.5,48025
2026-08-17 12:00:00,30239.75,30243.25,30175.25,30183.5,27229
2026-08-17 13:00:00,30183.5,30187.25,30086.5,30102.25,45204
2026-08-17 14:00:00,30102.0,30136.5,30079.25,30122.25,27860
2026-08-17 15:00:00,30122.5,30124.75,30066.5,30090.5,42354
2026-08-17 16:00:00,30091.0,30098.0,30054.5,30078.25,11567
2026-08-17 18:00:00,30077.0,30091.75,30062.25,30079.75,0
2026-08-17 19:00:00,30079.25,30103.0,30070.0,30094.5,3640
2026-08-17 20:00:00,30094.25,30121.25,30083.75,30098.0,5238
2026-08-17 21:00:00,30099.25,30110.0,29968.25,30012.5,12214
2026-08-17 22:00:00,30012.0,30022.0,29880.25,29908.25,15170
2026-08-17 23:00:00,29909.0,29915.5,29853.0,29900.0,9267
2026-08-18 00:00:00,29888.75,29927.25,29879.25,29918.0,6731
2026-08-18 01:00:00,29917.75,29918.5,29835.25,29842.0,6347
2026-08-18 02:00:00,29841.5,29896.0,29786.0,29893.0,9178
2026-08-18 03:00:00,29892.0,29896.5,29808.0,29810.75,6196
2026-08-18 04:00:00,29811.0,29814.25,29735.75,29765.5,11538
2026-08-18 05:00:00,29765.0,29778.0,29687.25,29733.0,9196
2026-08-18 06:00:00,29732.25,29752.75,29703.75,29739.0,5560
2026-08-18 07:00:00,29739.0,29775.75,29727.0,29747.25,7667
2026-08-18 08:00:00,29748.5,29786.0,29680.5,29713.0,12552
2026-08-18 09:00:00,29713.0,29769.75,29604.75,29646.25,91353
2026-08-18 10:00:00,29647.5,29705.75,29536.25,29547.75,101128
2026-08-18 11:00:00,29547.5,29641.0,29514.0,29637.0,66265
2026-08-18 12:00:00,29636.75,29670.75,29603.25,29649.75,43592
2026-08-18 13:00:00,29649.75,29660.75,29565.0,29565.75,31753
2026-08-18 14:00:00,29566.0,29615.0,29547.25,29571.25,33139
2026-08-18 15:00:00,29571.0,29610.0,29559.25,29586.5,52864
2026-08-18 16:00:00,29586.75,29596.75,29550.25,29559.5,11679
2026-08-18 18:00:00,29566.5,29593.5,29516.75,29519.5,0
2026-08-18 19:00:00,29520.0,29567.25,29514.25,29528.5,6379
2026-08-18 20:00:00,29527.5,29586.0,29442.0,29539.25,15813
2026-08-18 21:00:00,29538.25,29609.5,29530.25,29577.75,11218
2026-08-18 22:00:00,29579.0,29583.25,29514.0,29532.0,7168
2026-08-18 23:00:00,29532.0,29567.0,29516.25,29527.75,5486
2026-08-19 00:00:00,29517.0,29543.5,29463.75,29506.0,6215
2026-08-19 01:00:00,29506.75,29535.0,29446.0,29457.5,6452
2026-08-19 02:00:00,29456.5,29561.5,29430.5,29559.75,8898
2026-08-19 03:00:00,29558.75,29606.5,29520.25,29601.25,8889
2026-08-19 04:00:00,29600.25,29640.75,29593.0,29609.5,9876
2026-08-19 05:00:00,29606.25,29630.0,29536.5,29553.75,6056
2026-08-19 06:00:00,29553.25,29558.75,29510.75,29521.0,6083
2026-08-19 07:00:00,29522.5,29578.0,29506.75,29536.0,6807
2026-08-19 08:00:00,29535.0,29757.25,29511.5,29742.75,31881
2026-08-19 09:00:00,29743.0,29748.25,29406.5,29496.5,113638
2026-08-19 10:00:00,29496.25,29624.5,29375.75,29623.25,103103
2026-08-19 11:00:00,29623.0,29631.25,29550.25,29606.25,47462
2026-08-19 12:00:00,29607.25,29667.25,29553.0,29559.5,33657
2026-08-19 13:00:00,29560.0,29573.25,29510.5,29544.25,28169
2026-08-19 14:00:00,29544.0,29592.5,29492.0,29535.0,35069
2026-08-19 15:00:00,29535.25,29590.0,29485.25,29521.5,46634
2026-08-19 16:00:00,29522.0,29562.5,29514.25,29561.0,11297
2026-08-19 18:00:00,29561.5,29654.25,29556.5,29649.5,0
2026-08-19 19:00:00,29650.75,29689.75,29626.0,29628.5,5459
2026-08-19 20:00:00,29629.0,29675.75,29581.5,29669.75,8737
2026-08-19 21:00:00,29670.5,29684.25,29623.75,29642.25,6961
2026-08-19 22:00:00,29641.75,29683.25,29610.0,29630.25,5939
2026-08-19 23:00:00,29632.0,29657.25,29593.5,29613.0,4835
2026-08-20 00:00:00,29646.25,29656.0,29608.5,29615.0,3187
2026-08-20 01:00:00,29617.0,29641.0,29587.75,29605.5,3919
2026-08-20 02:00:00,29607.0,29686.5,29602.25,29672.5,5359
2026-08-20 03:00:00,29672.75,29672.75,29592.75,29594.5,6540
2026-08-20 04:00:00,29595.75,29605.5,29452.75,29475.75,12536
2026-08-20 05:00:00,29477.25,29546.75,29468.0,29528.25,4766
2026-08-20 06:00:00,29527.25,29567.0,29511.75,29566.0,5040
2026-08-20 07:00:00,29566.0,29582.25,29348.75,29362.0,16102
2026-08-20 08:00:00,29361.25,29375.0,29240.0,29346.0,26334
2026-08-20 09:00:00,29346.75,29470.25,29308.75,29354.0,94748
2026-08-20 10:00:00,29354.0,29433.5,29305.0,29392.75,88894
2026-08-20 11:00:00,29392.5,29457.5,29269.25,29329.75,63966
2026-08-20 12:00:00,29329.75,29389.0,29302.75,29380.0,35619
2026-08-20 13:00:00,29380.0,29382.0,29282.75,29292.75,31916
2026-08-20 14:00:00,29292.5,29293.0,29202.75,29243.75,42657
2026-08-20 15:00:00,29243.75,29335.25,29242.25,29305.75,56621
2026-08-20 16:00:00,29306.0,29320.5,29262.5,29317.25,12478
2026-08-20 18:00:00,29327.0,29345.75,29274.25,29323.0,0
2026-08-20 19:00:00,29321.5,29328.5,29286.75,29293.0,3882
2026-08-20 20:00:00,29292.5,29365.5,29289.75,29320.5,7793
2026-08-20 21:00:00,29320.5,29372.5,29291.75,29354.25,6831
2026-08-20 22:00:00,29353.75,29399.25,29343.25,29384.0,4373
2026-08-20 23:00:00,29384.0,29388.25,29342.75,29360.25,3854
2026-08-21 00:00:00,29362.0,29371.75,29321.25,29356.25,3821
2026-08-21 01:00:00,29358.25,29380.75,29340.25,29366.25,3063
2026-08-21 02:00:00,29365.5,29401.5,29354.5,29386.5,4135
2026-08-21 03:00:00,29386.0,29458.75,29380.5,29446.0,7630
2026-08-21 04:00:00,29447.25,29467.5,29390.5,29453.0,8269
2026-08-21 05:00:00,29454.0,29495.0,29411.5,29485.0,7908
2026-08-21 06:00:00,29485.75,29518.5,29470.25,29479.5,6055
2026-08-21 07:00:00,29480.0,29539.0,29452.75,29500.0,10483
2026-08-21 08:00:00,29499.5,29539.0,29477.75,29511.5,10234
2026-08-21 09:00:00,29511.75,29516.0,29255.75,29303.5,86765
2026-08-21 10:00:00,29303.25,29335.5,29220.0,29331.75,89500
2026-08-21 11:00:00,29332.0,29488.75,29326.75,29443.0,66504
2026-08-21 12:00:00,29443.5,29452.75,29380.75,29412.25,39482
2026-08-21 13:00:00,29412.0,29424.0,29376.25,29383.75,25533
2026-08-21 14:00:00,29383.25,29405.25,29353.75,29400.25,23863
2026-08-21 15:00:00,29400.0,29432.25,29375.25,29395.25,46650
2026-08-21 16:00:00,29395.75,29398.0,29367.75,29387.75,12305
2026-08-23 18:00:00,29321.0,29400.0,29313.0,29390.5,3991
2026-08-23 19:00:00,29390.5,29480.5,29384.0,29467.75,5278
2026-08-23 20:00:00,29466.5,29472.5,29335.0,29427.25,13064
2026-08-23 21:00:00,29425.75,29449.0,29321.0,29323.25,8236
2026-08-23 22:00:00,29321.5,29377.25,29301.25,29370.5,8807
2026-08-23 23:00:00,29371.25,29372.5,29261.25,29271.0,6970
2026-08-24 00:00:00,29272.25,29304.0,29263.0,29265.75,4453
2026-08-24 01:00:00,29265.5,29297.25,29188.0,29200.75,8547
2026-08-24 02:00:00,29200.25,29219.25,29120.5,29164.5,9683
2026-08-24 03:00:00,29164.5,29212.5,29130.75,29143.75,6849
2026-08-24 04:00:00,29146.25,29240.0,29116.75,29215.0,7475
2026-08-24 05:00:00,29215.75,29249.75,29201.0,29231.5,4503
2026-08-24 06:00:00,29231.75,29247.0,29179.5,29184.75,4818
2026-08-24 07:00:00,29185.25,29283.0,29145.75,29245.5,11076
2026-08-24 08:00:00,29245.5,29245.75,29171.5,29206.0,9655
2026-08-24 09:00:00,29205.75,29243.0,28946.75,29021.75,93149
2026-08-24 10:00:00,29022.25,29110.75,28953.5,29082.75,78823
2026-08-24 11:00:00,29083.25,29205.5,29038.75,29168.75,62148
2026-08-24 12:00:00,29169.0,29224.75,29156.75,29171.0,34989
2026-08-24 13:00:00,29171.25,29210.5,29116.5,29123.0,35896
2026-08-24 14:00:00,29123.75,29233.25,29123.0,29154.0,36083
2026-08-24 15:00:00,29153.75,29173.0,29095.5,29099.5,48592
2026-08-24 16:00:00,29099.25,29136.5,29080.75,29131.25,12521
2026-08-24 18:00:00,29140.5,29152.75,29111.5,29121.0,0
2026-08-24 19:00:00,29121.0,29128.25,29072.0,29096.25,4874
2026-08-24 20:00:00,29095.75,29146.0,29017.0,29126.5,11769
2026-08-24 21:00:00,29128.0,29155.5,29095.5,29128.25,7355
2026-08-24 22:00:00,29127.0,29168.25,29093.5,29101.75,7061
2026-08-24 23:00:00,29102.5,29190.0,29100.25,29157.75,6476
2026-08-25 00:00:00,29190.0,29217.25,29183.25,29198.75,4535
2026-08-25 01:00:00,29200.25,29241.0,29190.0,29232.0,6456
2026-08-25 02:00:00,29231.75,29288.5,29105.75,29263.25,6634
2026-08-25 03:00:00,29263.5,29290.75,29226.25,29231.75,6060
2026-08-25 04:00:00,29233.5,29326.0,29212.25,29301.75,8602
2026-08-25 05:00:00,29302.0,29425.75,29286.0,29392.5,10397
2026-08-25 06:00:00,29389.25,29410.25,29346.25,29358.5,6228
2026-08-25 07:00:00,29358.0,29390.5,29304.0,29373.0,8289
2026-08-25 08:00:00,29372.75,29409.5,29312.5,29334.0,11623
2026-08-25 09:00:00,29334.0,29414.75,29279.25,29312.75,86891
2026-08-25 10:00:00,29313.25,29315.0,29138.0,29232.5,89236
2026-08-25 11:00:00,29233.0,29309.75,29197.0,29262.0,48036
2026-08-25 12:00:00,29263.25,29299.75,29252.75,29274.75,31662
2026-08-25 13:00:00,29275.5,29279.0,29214.5,29227.25,27430
2026-08-25 14:00:00,29226.75,29275.0,29202.0,29255.5,29333
2026-08-25 15:00:00,29256.0,29289.5,29211.5,29270.25,43828
2026-08-25 16:00:00,29270.5,29313.5,29262.0,29287.5,14671
2026-08-25 18:00:00,29288.0,29309.75,29280.0,29284.5,0
2026-08-25 19:00:00,29284.25,29288.5,29207.0,29211.5,5024
2026-08-25 20:00:00,29210.25,29238.5,29110.5,29112.25,12864
2026-08-25 21:00:00,29113.0,29147.0,29096.0,29133.5,8970
2026-08-25 22:00:00,29133.5,29229.75,29119.25,29220.25,8128
2026-08-25 23:00:00,29221.5,29275.25,29205.0,29267.0,6230
2026-08-26 00:00:00,29265.25,29283.25,29217.25,29226.75,5480
2026-08-26 01:00:00,29227.75,29262.75,29226.0,29243.0,4125
2026-08-26 02:00:00,29242.25,29277.25,29203.5,29252.75,5348
2026-08-26 03:00:00,29252.25,29257.75,29185.75,29212.25,6211
2026-08-26 04:00:00,29213.0,29251.0,29185.0,29228.0,5449
2026-08-26 05:00:00,29227.75,29236.5,29191.25,29234.5,3127
2026-08-26 06:00:00,29234.25,29242.25,29188.75,29237.5,4063
2026-08-26 07:00:00,29237.5,29278.75,29186.0,29219.5,8102
2026-08-26 08:00:00,29220.75,29263.25,29133.25,29150.75,20810
2026-08-26 09:00:00,29151.75,29332.75,29133.5,29331.25,76687
2026-08-26 10:00:00,29331.5,29332.5,29156.75,29252.25,62604
2026-08-26 11:00:00,29251.75,29291.5,29215.5,29217.75,42815
2026-08-26 12:00:00,29217.75,29224.75,29170.0,29216.75,30678
2026-08-26 13:00:00,29216.0,29293.75,29210.5,29284.25,28943
2026-08-26 14:00:00,29284.5,29329.75,29264.75,29321.75,26599
2026-08-26 15:00:00,29321.25,29368.25,29280.25,29297.25,50395
2026-08-26 16:00:00,29297.0,29437.75,29283.25,29432.5,26430
2026-08-26 18:00:00,29499.5,29628.5,29499.25,29606.5,0
2026-08-26 19:00:00,29605.0,29653.0,29585.0,29646.5,5838
2026-08-26 20:00:00,29648.25,29654.75,29438.25,29445.75,15824
2026-08-26 21:00:00,29443.75,29554.25,29432.5,29529.75,11814
2026-08-26 22:00:00,29531.75,29560.5,29516.75,29548.75,5126
2026-08-26 23:00:00,29550.5,29575.75,29526.5,29534.25,4653
2026-08-27 00:00:00,29533.75,29551.75,29493.0,29497.25,3808
2026-08-27 01:00:00,29501.5,29504.25,29428.5,29438.75,7418
2026-08-27 02:00:00,29437.5,29500.0,29401.75,29499.5,8110
2026-08-27 03:00:00,29498.75,29549.75,29477.25,29539.5,8818
2026-08-27 04:00:00,29538.75,29662.0,29537.0,29623.75,12656
2026-08-27 05:00:00,29624.75,29634.5,29568.0,29602.0,9860
2026-08-27 06:00:00,29602.25,29606.25,29568.25,29597.5,4943
2026-08-27 07:00:00,29599.0,29630.0,29514.75,29558.5,9332
2026-08-27 08:00:00,29557.75,29590.5,29515.5,29522.5,11165
2026-08-27 09:00:00,29522.0,29605.0,29423.75,29483.0,106884
2026-08-27 10:00:00,29484.0,29623.5,29478.5,29601.5,79975
2026-08-27 11:00:00,29601.75,29635.0,29511.5,29598.0,53352
2026-08-27 12:00:00,29597.25,29659.5,29570.0,29651.75,35409
2026-08-27 13:00:00,29652.0,29678.5,29607.0,29611.5,34362
2026-08-27 14:00:00,29612.0,29622.0,29526.5,29571.25,43554
2026-08-27 15:00:00,29571.5,29704.5,29567.0,29691.75,57501
2026-08-27 16:00:00,29691.75,29708.0,29620.5,29635.25,16898
2026-08-27 18:00:00,29635.5,29644.75,29600.0,29634.75,0
2026-08-27 19:00:00,29633.5,29637.5,29592.0,29600.75,3847
2026-08-27 20:00:00,29601.75,29667.25,29594.25,29645.0,8697
2026-08-27 21:00:00,29645.75,29679.75,29641.75,29677.75,6044
2026-08-27 22:00:00,29678.75,29703.0,29644.75,29663.75,5237
2026-08-27 23:00:00,29664.75,29707.0,29640.25,29671.5,5508
2026-08-28 00:00:00,29646.0,29669.75,29636.25,29641.75,3234
2026-08-28 01:00:00,29642.0,29643.75,29597.25,29598.25,4500
2026-08-28 02:00:00,29599.0,29645.25,29594.5,29645.25,5361
2026-08-28 03:00:00,29645.25,29653.5,29593.0,29607.0,6053
2026-08-28 04:00:00,29607.0,29633.5,29578.25,29619.75,6685
2026-08-28 05:00:00,29619.0,29620.5,29595.75,29605.5,3037
2026-08-28 06:00:00,29606.0,29625.0,29593.25,29622.0,3428
2026-08-28 07:00:00,29622.25,29640.0,29597.5,29603.5,4686
2026-08-28 08:00:00,29601.5,29665.0,29597.5,29659.0,9206
2026-08-28 09:00:00,29659.0,29703.25,29562.75,29629.0,70286
2026-08-28 10:00:00,29632.0,29799.0,29505.0,29796.5,123682
2026-08-28 11:00:00,29796.5,29811.5,29544.25,29552.5,81202
2026-08-28 12:00:00,29553.0,29593.0,29464.5,29501.25,75525
2026-08-28 13:00:00,29502.0,29529.25,29436.25,29514.75,45161
2026-08-28 14:00:00,29515.75,29521.5,29441.0,29455.5,30719
2026-08-28 15:00:00,29456.0,29521.5,29443.5,29496.0,54315
2026-08-28 16:00:00,29496.5,29519.25,29478.25,29491.75,11920
2026-08-30 18:00:00,29457.25,29495.0,29428.0,29442.5,5368
2026-08-30 19:00:00,29442.5,29449.25,29289.0,29289.75,12425
2026-08-30 20:00:00,29291.0,29398.5,29273.5,29357.0,11982
2026-08-30 21:00:00,29358.25,29358.25,29292.5,29327.0,10889
2026-08-30 22:00:00,29325.75,29362.75,29287.0,29344.25,9372
2026-08-30 23:00:00,29346.0,29367.25,29336.75,29348.75,3901
2026-08-31 00:00:00,29352.5,29423.75,29333.75,29414.75,4605
2026-08-31 01:00:00,29415.0,29477.25,29407.75,29462.25,6867
2026-08-31 02:00:00,29462.0,29528.5,29448.75,29517.75,6994
2026-08-31 03:00:00,29516.25,29522.75,29493.5,29508.25,3333
2026-08-31 04:00:00,29508.5,29535.0,29475.0,29485.0,6284
2026-08-31 05:00:00,29485.25,29509.25,29445.5,29450.5,4021
2026-08-31 06:00:00,29451.5,29471.5,29440.5,29458.75,4038
2026-08-31 07:00:00,29458.25,29471.0,29425.25,29429.75,5623
2026-08-31 08:00:00,29429.75,29486.0,29380.0,29389.0,12772
2026-08-31 09:00:00,29389.5,29516.75,29377.5,29438.75,75167
2026-08-31 10:00:00,29439.25,29447.75,29355.0,29416.0,65092
2026-08-31 11:00:00,29415.25,29445.75,29383.0,29388.75,45680
2026-08-31 12:00:00,29389.25,29443.25,29362.5,29440.5,35063
2026-08-31 13:00:00,29440.0,29457.5,29388.0,29442.0,26059
2026-08-31 14:00:00,29442.0,29464.25,29382.5,29403.75,28413
2026-08-31 15:00:00,29404.5,29538.25,29403.5,29506.0,57639
2026-08-31 16:00:00,29506.5,29527.5,29503.75,29521.0,11333
2026-08-31 18:00:00,29518.25,29522.5,29491.0,29493.5,0
2026-08-31 19:00:00,29493.25,29519.5,29486.0,29501.25,3460
2026-08-31 20:00:00,29503.25,29521.75,29478.25,29506.0,7411
2026-08-31 21:00:00,29506.0,29516.25,29475.0,29499.75,6488
2026-08-31 22:00:00,29498.0,29502.75,29434.75,29492.0,6681
2026-08-31 23:00:00,29491.5,29493.75,29459.25,29482.75,3575
2026-09-01 00:00:00,29485.0,29503.0,29466.0,29473.75,4424
2026-09-01 01:00:00,29473.25,29571.25,29447.25,29561.5,8275
2026-09-01 02:00:00,29561.75,29568.0,29513.75,29515.75,6012
2026-09-01 03:00:00,29515.5,29556.75,29430.0,29436.25,9937
2026-09-01 04:00:00,29436.25,29449.0,29231.0,29235.25,19134
2026-09-01 05:00:00,29235.75,29243.25,29184.25,29212.5,10004
2026-09-01 06:00:00,29212.5,29257.75,29197.25,29210.0,7440
2026-09-01 07:00:00,29209.25,29238.0,29167.75,29172.5,10016
2026-09-01 08:00:00,29171.5,29179.5,29122.25,29125.75,17016
2026-09-01 09:00:00,29125.75,29158.0,29040.25,29105.0,85142
2026-09-01 10:00:00,29106.0,29268.0,29085.25,29228.0,74389
2026-09-01 11:00:00,29228.5,29317.75,29178.25,29296.25,52871
2026-09-01 12:00:00,29295.5,29300.75,29131.25,29191.75,57429
2026-09-01 13:00:00,29191.25,29191.75,29100.5,29140.75,34351
2026-09-01 14:00:00,29139.75,29151.5,29002.0,29076.0,44616
2026-09-01 15:00:00,29075.5,29141.0,29070.5,29126.0,57287
2026-09-01 16:00:00,29126.0,29159.0,29113.5,29139.0,16464
2026-09-01 18:00:00,29136.5,29149.0,29102.25,29132.0,0
2026-09-01 19:00:00,29129.75,29148.25,29119.0,29134.5,2602
2026-09-01 20:00:00,29135.75,29170.0,29102.0,29104.0,8776
2026-09-01 21:00:00,29103.25,29129.5,29047.75,29075.5,9720
2026-09-01 22:00:00,29075.5,29100.0,29044.5,29084.25,5707
2026-09-01 23:00:00,29086.5,29089.5,29046.25,29054.0,3688
2026-09-02 00:00:00,29054.75,29065.0,29035.5,29058.25,3423
2026-09-02 01:00:00,29059.0,29104.25,29037.5,29073.0,5234
2026-09-02 02:00:00,29072.25,29098.25,29016.5,29077.25,7071
2026-09-02 03:00:00,29077.0,29120.75,29050.0,29061.75,6575
2026-09-02 04:00:00,29062.25,29097.25,28954.5,28977.75,8128
2026-09-02 05:00:00,28977.25,29027.5,28940.5,28973.25,8048
2026-09-02 06:00:00,28972.75,28996.0,28947.25,28988.0,5576
2026-09-02 07:00:00,28987.75,29084.5,28927.25,29084.5,13836
2026-09-02 08:00:00,29083.75,29149.5,29032.75,29040.0,16136
2026-09-02 09:00:00,29040.25,29119.0,29017.25,29062.25,68213
2026-09-02 10:00:00,29061.75,29213.0,29032.25,29120.25,75731
2026-09-02 11:00:00,29119.5,29208.5,29106.25,29185.25,49093
2026-09-02 12:00:00,29184.5,29198.5,29137.0,29155.0,26768
2026-09-02 13:00:00,29154.75,29182.5,29125.25,29158.75,29364
2026-09-02 14:00:00,29159.5,29199.75,29130.25,29145.5,29165
2026-09-02 15:00:00,29145.75,29197.25,29139.0,29190.25,35805
2026-09-02 16:00:00,29190.5,29212.0,29139.25,29141.0,13750
2026-09-02 18:00:00,29177.0,29208.75,29148.0,29180.5,0
2026-09-02 19:00:00,29180.75,29213.0,29167.5,29201.25,4232
2026-09-02 20:00:00,29200.75,29201.75,29141.0,29151.0,5789
2026-09-02 21:00:00,29150.75,29200.75,29136.25,29137.5,7603
2026-09-02 22:00:00,29136.75,29199.0,29132.75,29180.75,5270
2026-09-02 23:00:00,29182.25,29243.0,29179.5,29232.0,5132
2026-09-03 00:00:00,29245.5,29255.0,29204.5,29207.5,3927
2026-09-03 01:00:00,29207.25,29208.5,29075.0,29188.75,14665
2026-09-03 02:00:00,29188.5,29203.25,29159.5,29174.25,6125
2026-09-03 03:00:00,29173.25,29245.5,29160.0,29220.25,7961
2026-09-03 04:00:00,29220.25,29292.75,29213.25,29216.25,11678
2026-09-03 05:00:00,29218.5,29225.75,29126.5,29137.75,5771
2026-09-03 06:00:00,29138.0,29158.5,29105.5,29128.0,6654
2026-09-03 07:00:00,29129.0,29186.75,29101.0,29105.5,10085
2026-09-03 08:00:00,29105.5,29258.75,29104.0,29244.5,19739
2026-09-03 09:00:00,29243.75,29375.5,29194.25,29333.0,90850
2026-09-03 10:00:00,29331.75,29368.0,29241.75,29363.5,89183
2026-09-03 11:00:00,29363.25,29542.5,29362.25,29538.0,76136
2026-09-03 12:00:00,29538.75,29544.0,29483.0,29528.0,34985
2026-09-03 13:00:00,29528.25,29552.5,29476.0,29543.75,29256
2026-09-03 14:00:00,29551.5,29584.25,29551.5,29568.25,30688
2026-09-03 15:00:00,29568.25,29570.5,29509.25,29530.75,49329
2026-09-03 16:00:00,29530.75,29536.25,29499.25,29502.25,10888
2026-09-03 18:00:00,29505.0,29512.75,29482.0,29508.75,0
2026-09-03 19:00:00,29508.25,29516.75,29498.25,29504.0,2131
2026-09-03 20:00:00,29503.75,29542.25,29495.0,29530.75,5248
2026-09-03 21:00:00,29530.0,29548.75,29516.25,29548.0,5094
2026-09-03 22:00:00,29547.75,29568.0,29537.25,29564.5,3654
2026-09-03 23:00:00,29563.25,29578.75,29557.25,29571.5,2783
2026-09-04 00:00:00,29564.25,29601.25,29563.0,29598.25,3732
2026-09-04 01:00:00,29597.5,29643.0,29591.5,29620.75,6163
2026-09-04 02:00:00,29620.25,29643.75,29574.0,29576.75,5976
2026-09-04 03:00:00,29577.75,29658.25,29575.25,29652.25,5850
2026-09-04 04:00:00,29653.75,29673.0,29635.5,29658.5,5651
2026-09-04 05:00:00,29657.5,29661.75,29616.5,29657.25,4102
2026-09-04 06:00:00,29656.75,29704.5,29653.25,29680.0,4456
2026-09-04 07:00:00,29681.5,29690.0,29650.75,29683.25,4706
2026-09-04 08:00:00,29682.0,29694.0,29502.0,29546.5,29936
2026-09-04 09:00:00,29547.0,29691.75,29523.0,29691.0,76527
2026-09-04 10:00:00,29690.5,29691.0,29498.75,29521.0,84615
2026-09-04 11:00:00,29520.0,29543.0,29478.0,29515.0,51833
2026-09-04 12:00:00,29514.75,29595.75,29505.0,29576.0,35291
2026-09-04 13:00:00,29576.25,29580.5,29468.0,29491.75,35481
2026-09-04 14:00:00,29491.5,29542.5,29471.25,29538.75,28409
2026-09-04 15:00:00,29538.75,29586.5,29506.75,29569.25,45439
2026-09-04 16:00:00,29568.75,29569.0,29514.5,29565.25,13023
2026-09-08 00:00:00,29742.75,29764.75,29728.25,29737.25,6061
2026-09-08 01:00:00,29738.5,29739.75,29610.0,29612.25,12567
2026-09-08 02:00:00,29612.25,29622.25,29545.5,29600.25,12844
2026-09-08 03:00:00,29601.0,29638.75,29529.75,29535.5,9864
2026-09-08 04:00:00,29534.5,29541.25,29477.75,29507.0,12543
2026-09-08 05:00:00,29507.0,29600.5,29484.5,29599.75,6874
2026-09-08 06:00:00,29600.0,29649.0,29546.5,29568.0,8133
2026-09-08 07:00:00,29568.5,29601.75,29533.5,29601.0,8244
2026-09-08 08:00:00,29601.0,29654.75,29548.0,29654.0,11222
2026-09-08 09:00:00,29653.75,29686.5,29455.25,29502.75,87172
2026-09-08 10:00:00,29503.25,29563.5,29424.75,29563.0,75025
2026-09-08 11:00:00,29563.0,29645.25,29545.5,29604.25,51485
2026-09-08 12:00:00,29604.25,29622.0,29549.5,29573.5,37588
2026-09-08 13:00:00,29572.75,29641.5,29572.0,29590.0,27041
2026-09-08 14:00:00,29590.5,29615.5,29519.75,29576.25,37270
2026-09-08 15:00:00,29576.25,29586.25,29496.0,29543.5,51248
2026-09-08 16:00:00,29543.0,29550.75,29503.5,29525.75,13522
2026-09-08 18:00:00,29526.5,29547.0,29503.0,29544.75,0
2026-09-08 19:00:00,29544.5,29546.5,29489.75,29498.5,4529
2026-09-08 20:00:00,29500.75,29564.0,29499.5,29559.75,9768
2026-09-08 21:00:00,29559.75,29608.5,29555.75,29593.25,8934
2026-09-08 22:00:00,29593.5,29625.5,29583.25,29611.0,5853
2026-09-08 23:00:00,29611.5,29613.75,29560.5,29566.75,5595
2026-09-09 00:00:00,29577.0,29620.25,29549.0,29614.0,6336
2026-09-09 01:00:00,29614.5,29621.5,29562.0,29621.25,5742
2026-09-09 02:00:00,29621.75,29633.75,29578.0,29579.5,6478
2026-09-09 03:00:00,29581.5,29614.0,29558.0,29588.0,7843
2026-09-09 04:00:00,29589.5,29609.0,29538.75,29564.75,7183
2026-09-09 05:00:00,29565.0,29575.0,29388.75,29400.5,11183
2026-09-09 06:00:00,29401.0,29432.25,29368.25,29391.5,13408
2026-09-09 07:00:00,29392.0,29452.0,29376.5,29396.75,13260
2026-09-09 08:00:00,29397.0,29404.0,29333.0,29390.5,14994
2026-09-09 09:00:00,29390.75,29567.25,29382.5,29558.5,73718
2026-09-09 10:00:00,29558.25,29593.75,29459.5,29528.25,75047
2026-09-09 11:00:00,29528.75,29562.25,29358.0,29448.0,82314
2026-09-09 12:00:00,29448.25,29478.0,29386.75,29458.0,36660
2026-09-09 13:00:00,29457.5,29483.75,29428.25,29468.75,27619
2026-09-09 14:00:00,29468.25,29474.0,29436.75,29447.5,22430
2026-09-09 15:00:00,29448.0,29471.25,29423.25,29454.5,37281
2026-09-09 16:00:00,29455.0,29460.0,29428.75,29460.0,11856
2026-09-09 18:00:00,29458.5,29472.75,29423.75,29431.5,0
2026-09-09 19:00:00,29430.5,29470.75,29416.25,29463.5,3373
2026-09-09 20:00:00,29464.5,29480.25,29408.0,29412.0,8586
2026-09-09 21:00:00,29413.5,29426.25,29364.0,29410.5,10206
2026-09-09 22:00:00,29411.0,29423.25,29373.0,29418.25,5559
2026-09-09 23:00:00,29418.75,29437.0,29388.25,29424.5,4851
2026-09-10 00:00:00,29427.25,29462.5,29423.0,29458.75,3897
2026-09-10 01:00:00,29459.5,29508.25,29448.5,29484.75,5536
2026-09-10 02:00:00,29484.0,29492.5,29435.25,29476.25,6244
2026-09-10 03:00:00,29476.75,29478.25,29417.25,29445.0,5377
2026-09-10 04:00:00,29443.75,29460.25,29405.25,29414.0,5839
2026-09-10 05:00:00,29412.5,29431.0,29359.25,29406.5,5715
2026-09-10 06:00:00,29405.75,29423.75,29363.5,29376.0,6681
2026-09-10 07:00:00,29375.0,29376.0,29262.75,29264.5,11375
2026-09-10 08:00:00,29264.25,29278.25,29043.25,29056.5,40463
2026-09-10 09:00:00,29058.0,29203.25,29043.75,29099.75,104228
2026-09-10 10:00:00,29099.5,29275.0,29097.25,29263.25,96830
2026-09-10 11:00:00,29263.25,29272.75,29186.0,29205.0,54508
2026-09-10 12:00:00,29205.0,29242.75,29133.75,29232.5,46991
2026-09-10 13:00:00,29232.75,29267.5,29175.5,29186.0,30758
2026-09-10 14:00:00,29186.25,29199.75,29146.25,29174.25,32059
2026-09-10 15:00:00,29174.25,29176.0,29123.25,29138.0,49919
2026-09-10 16:00:00,29138.25,29156.75,29123.0,29143.25,11499
2026-09-10 18:00:00,29141.0,29157.5,29098.75,29107.5,0
2026-09-10 19:00:00,29106.25,29115.0,29062.5,29064.75,4227
2026-09-10 20:00:00,29065.0,29166.25,29063.25,29161.0,10267
2026-09-10 21:00:00,29159.75,29171.5,29103.5,29128.75,6817
2026-09-10 22:00:00,29129.5,29138.5,29082.25,29093.25,6422
2026-09-10 23:00:00,29092.0,29096.75,29048.5,29070.0,6594
2026-09-11 00:00:00,29082.25,29151.5,29055.25,29125.0,5931
2026-09-11 01:00:00,29124.5,29242.75,29119.5,29233.25,8110
2026-09-11 02:00:00,29233.0,29261.5,29215.5,29255.0,7319
2026-09-11 03:00:00,29254.25,29268.75,29225.0,29242.5,5203
2026-09-11 04:00:00,29242.5,29326.0,29224.5,29322.75,9592
2026-09-11 05:00:00,29324.25,29334.0,29289.5,29319.0,4648
2026-09-11 06:00:00,29319.25,29339.75,29285.25,29309.25,5076
2026-09-11 07:00:00,29310.5,29337.5,29289.5,29323.25,6002
2026-09-11 08:00:00,29324.25,29475.75,29204.0,29469.5,36182
2026-09-11 09:00:00,29468.75,29500.25,29347.25,29472.75,101324
2026-09-11 10:00:00,29473.0,29473.25,29334.0,29369.75,97799
2026-09-11 11:00:00,29370.75,29499.75,29361.0,29450.0,54094
2026-09-11 12:00:00,29450.25,29485.25,29392.0,29436.75,39261
2026-09-11 13:00:00,29437.0,29479.0,29435.75,29466.25,26734
