t,close
2023-12-17 00:00:00,20.21
2023-12-17 08:00:00,20.21
2023-12-17 16:00:00,19.96
2023-12-18 00:00:00,19.55
2023-12-18 08:00:00,19.32
2023-12-18 16:00:00,19.92
2023-12-19 00:00:00,20.1
2023-12-19 08:00:00,19.74
2023-12-19 16:00:00,19.65
2023-12-20 00:00:00,20.0
2023-12-20 08:00:00,20.4
2023-12-20 16:00:00,20.18
2023-12-21 00:00:00,20.22
2023-12-21 08:00:00,20.38
2023-12-21 16:00:00,20.65
2023-12-22 00:00:00,21.5
2023-12-22 08:00:00,21.81
2023-12-22 16:00:00,21.9
2023-12-23 00:00:00,21.16
2023-12-23 08:00:00,21.23
2023-12-23 16:00:00,21.47
2023-12-24 00:00:00,21.24
2023-12-24 08:00:00,21.24
2023-12-24 16:00:00,20.84
2023-12-25 00:00:00,21.25
2023-12-25 08:00:00,21.5
2023-12-25 16:00:00,21.44
2023-12-26 00:00:00,20.88
2023-12-26 08:00:00,20.87
2023-12-26 16:00:00,20.84
2023-12-27 00:00:00,21.41
2023-12-27 08:00:00,22.17
2023-12-27 16:00:00,22.72
2023-12-28 00:00:00,22.91
2023-12-28 08:00:00,23.26
2023-12-28 16:00:00,22.44
2023-12-29 00:00:00,22.27
2023-12-29 08:00:00,22.79
2023-12-29 16:00:00,22.49
2023-12-30 00:00:00,22.87
2023-12-30 08:00:00,22.68
2023-12-30 16:00:00,22.26
2023-12-31 00:00:00,22.24
2023-12-31 08:00:00,22.27
2023-12-31 16:00:00,21.92
2024-01-01 00:00:00,21.96
2024-01-01 08:00:00,22.11
2024-01-01 16:00:00,22.5
2024-01-02 00:00:00,22.75
2024-01-02 08:00:00,22.2
2024-01-02 16:00:00,21.97
2024-01-03 00:00:00,22.15
2024-01-03 08:00:00,20.35
2024-01-03 16:00:00,20.03
2024-01-04 00:00:00,19.98
2024-01-04 08:00:00,20.35
2024-01-04 16:00:00,20.47
2024-01-05 00:00:00,20.0
2024-01-05 08:00:00,19.72
2024-01-05 16:00:00,20.13
2024-01-06 00:00:00,19.81
2024-01-06 08:00:00,19.93
2024-01-06 16:00:00,19.88
2024-01-07 00:00:00,19.97
2024-01-07 08:00:00,19.66
2024-01-07 16:00:00,19.27
2024-01-08 00:00:00,19.26
2024-01-08 08:00:00,19.62
2024-01-08 16:00:00,20.32
2024-01-09 00:00:00,20.26
2024-01-09 08:00:00,19.86
2024-01-09 16:00:00,21.22
2024-01-10 00:00:00,20.89
2024-01-10 08:00:00,21.49
2024-01-10 16:00:00,26.41
2024-01-11 00:00:00,28.22
2024-01-11 08:00:00,30.63
2024-01-11 16:00:00,29.62
2024-01-12 00:00:00,29.59
2024-01-12 08:00:00,30.51
2024-01-12 16:00:00,29.01
2024-01-13 00:00:00,29.83
2024-01-13 08:00:00,29.05
2024-01-13 16:00:00,28.59
2024-01-14 00:00:00,27.92
2024-01-14 08:00:00,27.65
2024-01-14 16:00:00,26.49
2024-01-15 00:00:00,26.77
2024-01-15 08:00:00,26.24
2024-01-15 16:00:00,26.74
2024-01-16 00:00:00,26.4
2024-01-16 08:00:00,26.96
2024-01-16 16:00:00,27.29
2024-01-17 00:00:00,26.55
2024-01-17 08:00:00,26.32
2024-01-17 16:00:00,26.18
2024-01-18 00:00:00,25.63
2024-01-18 08:00:00,25.46
2024-01-18 16:00:00,24.46
2024-01-19 00:00:00,24.02
2024-01-19 08:00:00,23.85
2024-01-19 16:00:00,25.33
2024-01-20 00:00:00,24.9
2024-01-20 08:00:00,24.29
2024-01-20 16:00:00,24.72
2024-01-21 00:00:00,24.64
2024-01-21 08:00:00,24.84
2024-01-21 16:00:00,24.51
2024-01-22 00:00:00,24.11
2024-01-22 08:00:00,23.74
2024-01-22 16:00:00,22.95
2024-01-23 00:00:00,23.14
2024-01-23 08:00:00,22.56
2024-01-23 16:00:00,23.13
2024-01-24 00:00:00,22.99
2024-01-24 08:00:00,22.87
2024-01-24 16:00:00,23.0
2024-01-25 00:00:00,22.74
2024-01-25 08:00:00,22.34
2024-01-25 16:00:00,23.26
2024-01-26 00:00:00,23.03
2024-01-26 08:00:00,23.72
2024-01-26 16:00:00,23.9
2024-01-27 00:00:00,24.02
2024-01-27 08:00:00,24.04
2024-01-27 16:00:00,24.03
2024-01-28 00:00:00,23.93
2024-01-28 08:00:00,23.82
2024-01-28 16:00:00,23.5
2024-01-29 00:00:00,23.41
2024-01-29 08:00:00,23.68
2024-01-29 16:00:00,24.72
2024-01-30 00:00:00,24.91
2024-01-30 08:00:00,25.36
2024-01-30 16:00:00,25.32
2024-01-31 00:00:00,25.71
2024-01-31 08:00:00,24.78
2024-01-31 16:00:00,24.33
2024-02-01 00:00:00,23.86
2024-02-01 08:00:00,24.28
2024-02-01 16:00:00,24.42
2024-02-02 00:00:00,24.88
2024-02-02 08:00:00,25.23
2024-02-02 16:00:00,25.13
2024-02-03 00:00:00,25.07
2024-02-03 08:00:00,24.79
2024-02-03 16:00:00,24.86
2024-02-04 00:00:00,25.08
2024-02-04 08:00:00,25.48
2024-02-04 16:00:00,24.99
2024-02-05 00:00:00,24.9
2024-02-05 08:00:00,24.56
2024-02-05 16:00:00,24.31
2024-02-06 00:00:00,24.44
2024-02-06 08:00:00,24.6
2024-02-06 16:00:00,24.73
2024-02-07 00:00:00,24.43
2024-02-07 08:00:00,24.45
2024-02-07 16:00:00,25.17
2024-02-08 00:00:00,25.16
2024-02-08 08:00:00,25.56
2024-02-08 16:00:00,25.62
2024-02-09 00:00:00,25.96
2024-02-09 08:00:00,26.14
2024-02-09 16:00:00,26.15
2024-02-10 00:00:00,25.99
2024-02-10 08:00:00,25.73
2024-02-10 16:00:00,25.89
2024-02-11 00:00:00,26.26
2024-02-11 08:00:00,25.89
2024-02-11 16:00:00,25.88
2024-02-12 00:00:00,25.79
2024-02-12 08:00:00,26.44
2024-02-12 16:00:00,26.92
2024-02-13 00:00:00,26.93
2024-02-13 08:00:00,26.02
2024-02-13 16:00:00,26.21
2024-02-14 00:00:00,26.27
2024-02-14 08:00:00,26.77
2024-02-14 16:00:00,26.89
2024-02-15 00:00:00,26.5
2024-02-15 08:00:00,26.85
2024-02-15 16:00:00,26.78
2024-02-16 00:00:00,26.9
2024-02-16 08:00:00,26.52
2024-02-16 16:00:00,26.77
2024-02-17 00:00:00,26.57
2024-02-17 08:00:00,25.78
2024-02-17 16:00:00,26.04
2024-02-18 00:00:00,26.1
2024-02-18 08:00:00,26.15
2024-02-18 16:00:00,26.54
2024-02-19 00:00:00,27.07
2024-02-19 08:00:00,26.79
2024-02-19 16:00:00,27.4
2024-02-20 00:00:00,26.97
2024-02-20 08:00:00,26.5
2024-02-20 16:00:00,27.07
2024-02-21 00:00:00,26.42
2024-02-21 08:00:00,25.7
2024-02-21 16:00:00,26.07
2024-02-22 00:00:00,26.19
2024-02-22 08:00:00,25.97
2024-02-22 16:00:00,25.81
2024-02-23 00:00:00,25.55
2024-02-23 08:00:00,25.37
2024-02-23 16:00:00,25.42
2024-02-24 00:00:00,25.79
2024-02-24 08:00:00,25.8
2024-02-24 16:00:00,26.09
2024-02-25 00:00:00,26.23
2024-02-25 08:00:00,27.06
2024-02-25 16:00:00,27.19
2024-02-26 00:00:00,27.28
2024-02-26 08:00:00,27.68
2024-02-26 16:00:00,27.77
2024-02-27 00:00:00,28.05
2024-02-27 08:00:00,27.65
2024-02-27 16:00:00,28.13
2024-02-28 00:00:00,28.33
2024-02-28 08:00:00,28.67
2024-02-28 16:00:00,29.57
2024-02-29 00:00:00,31.03
2024-02-29 08:00:00,30.46
2024-02-29 16:00:00,28.87
2024-03-01 00:00:00,29.29
2024-03-01 08:00:00,29.37
2024-03-01 16:00:00,30.33
2024-03-02 00:00:00,32.63
2024-03-02 08:00:00,32.82
2024-03-02 16:00:00,34.31
2024-03-03 00:00:00,32.9
2024-03-03 08:00:00,33.26
2024-03-03 16:00:00,33.6
2024-03-04 00:00:00,34.11
2024-03-04 08:00:00,34.44
2024-03-04 16:00:00,35.96
2024-03-05 00:00:00,37.17
2024-03-05 08:00:00,37.22
2024-03-05 16:00:00,34.18
2024-03-06 00:00:00,36.25
2024-03-06 08:00:00,36.92
2024-03-06 16:00:00,37.3
2024-03-07 00:00:00,37.02
2024-03-07 08:00:00,37.59
2024-03-07 16:00:00,37.9
2024-03-08 00:00:00,38.41
2024-03-08 08:00:00,37.78
2024-03-08 16:00:00,38.06
2024-03-09 00:00:00,38.87
2024-03-09 08:00:00,37.73
2024-03-09 16:00:00,37.24
2024-03-10 00:00:00,37.15
2024-03-10 08:00:00,36.01
2024-03-10 16:00:00,36.14
2024-03-11 00:00:00,36.93
2024-03-11 08:00:00,37.36
2024-03-11 16:00:00,37.98
2024-03-12 00:00:00,36.94
2024-03-12 08:00:00,36.72
2024-03-12 16:00:00,36.87
2024-03-13 00:00:00,37.19
2024-03-13 08:00:00,36.28
2024-03-13 16:00:00,36.52
2024-03-14 00:00:00,36.02
2024-03-14 08:00:00,34.86
2024-03-14 16:00:00,35.08
2024-03-15 00:00:00,33.31
2024-03-15 08:00:00,32.71
2024-03-15 16:00:00,33.3
2024-03-16 00:00:00,33.22
2024-03-16 08:00:00,32.03
2024-03-16 16:00:00,30.69
2024-03-17 00:00:00,30.3
2024-03-17 08:00:00,31.6
2024-03-17 16:00:00,31.95
2024-03-18 00:00:00,31.8
2024-03-18 08:00:00,30.9
2024-03-18 16:00:00,31.43
2024-03-19 00:00:00,28.93
2024-03-19 08:00:00,29.06
2024-03-19 16:00:00,27.72
2024-03-20 00:00:00,28.54
2024-03-20 08:00:00,28.45
2024-03-20 16:00:00,30.59
2024-03-21 00:00:00,30.17
2024-03-21 08:00:00,30.23
2024-03-21 16:00:00,30.3
2024-03-22 00:00:00,30.4
2024-03-22 08:00:00,29.2
2024-03-22 16:00:00,29.34
2024-03-23 00:00:00,29.73
2024-03-23 08:00:00,30.68
2024-03-23 16:00:00,30.26
2024-03-24 00:00:00,30.93
2024-03-24 08:00:00,31.25
2024-03-24 16:00:00,31.56
2024-03-25 00:00:00,31.13
2024-03-25 08:00:00,32.21
2024-03-25 16:00:00,32.45
2024-03-26 00:00:00,32.76
2024-03-26 08:00:00,32.22
2024-03-26 16:00:00,32.13
2024-03-27 00:00:00,31.65
2024-03-27 08:00:00,31.42
2024-03-27 16:00:00,31.77
2024-03-28 00:00:00,32.38
2024-03-28 08:00:00,32.66
2024-03-28 16:00:00,32.52
2024-03-29 00:00:00,31.84
2024-03-29 08:00:00,33.54
2024-03-29 16:00:00,34.16
2024-03-30 00:00:00,33.47
2024-03-30 08:00:00,33.54
2024-03-30 16:00:00,32.89
2024-03-31 00:00:00,33.97
2024-03-31 08:00:00,33.91
2024-03-31 16:00:00,34.28
2024-04-01 00:00:00,33.62
2024-04-01 08:00:00,32.03
2024-04-01 16:00:00,32.68
2024-04-02 00:00:00,30.8
2024-04-02 08:00:00,29.98
2024-04-02 16:00:00,29.98
2024-04-03 00:00:00,30.26
2024-04-03 08:00:00,30.5
2024-04-03 16:00:00,30.64
2024-04-04 00:00:00,31.67
2024-04-04 08:00:00,32.48
2024-04-04 16:00:00,32.84
2024-04-05 00:00:00,33.52
2024-04-05 08:00:00,33.6
2024-04-05 16:00:00,33.1
2024-04-06 00:00:00,33.27
2024-04-06 08:00:00,33.31
2024-04-06 16:00:00,33.47
2024-04-07 00:00:00,34.04
2024-04-07 08:00:00,33.82
2024-04-07 16:00:00,33.88
2024-04-08 00:00:00,34.07
2024-04-08 08:00:00,35.25
2024-04-08 16:00:00,35.65
2024-04-09 00:00:00,34.6
2024-04-09 08:00:00,33.34
2024-04-09 16:00:00,32.77
2024-04-10 00:00:00,32.86
2024-04-10 08:00:00,32.84
2024-04-10 16:00:00,33.51
2024-04-11 00:00:00,34.08
2024-04-11 08:00:00,34.27
2024-04-11 16:00:00,33.74
2024-04-12 00:00:00,33.71
2024-04-12 08:00:00,32.67
2024-04-12 16:00:00,29.47
2024-04-13 00:00:00,29.31
2024-04-13 08:00:00,28.95
2024-04-13 16:00:00,25.48
2024-04-14 00:00:00,26.51
2024-04-14 08:00:00,25.78
2024-04-14 16:00:00,27.0
2024-04-15 00:00:00,27.95
2024-04-15 08:00:00,26.73
2024-04-15 16:00:00,26.44
2024-04-16 00:00:00,26.73
2024-04-16 08:00:00,25.2
2024-04-16 16:00:00,26.18
2024-04-17 00:00:00,26.19
2024-04-17 08:00:00,24.96
2024-04-17 16:00:00,25.4
2024-04-18 00:00:00,25.25
2024-04-18 08:00:00,26.11
2024-04-18 16:00:00,26.13
2024-04-19 00:00:00,26.01
2024-04-19 08:00:00,26.25
2024-04-19 16:00:00,26.05
2024-04-20 00:00:00,26.34
2024-04-20 08:00:00,27.26
2024-04-20 16:00:00,27.89
2024-04-21 00:00:00,28.01
2024-04-21 08:00:00,27.61
2024-04-21 16:00:00,27.46
2024-04-22 00:00:00,28.08
2024-04-22 08:00:00,28.12
2024-04-22 16:00:00,28.33
2024-04-23 00:00:00,27.88
2024-04-23 08:00:00,28.13
2024-04-23 16:00:00,28.12
2024-04-24 00:00:00,28.07
2024-04-24 08:00:00,26.84
2024-04-24 16:00:00,26.37
2024-04-25 00:00:00,26.04
2024-04-25 08:00:00,26.39
2024-04-25 16:00:00,26.45
2024-04-26 00:00:00,26.74
2024-04-26 08:00:00,27.22
2024-04-26 16:00:00,27.11
2024-04-27 00:00:00,26.66
2024-04-27 08:00:00,26.77
2024-04-27 16:00:00,27.85
2024-04-28 00:00:00,29.68
2024-04-28 08:00:00,28.98
2024-04-28 16:00:00,27.99
2024-04-29 00:00:00,27.3
2024-04-29 08:00:00,27.4
2024-04-29 16:00:00,27.59
2024-04-30 00:00:00,27.02
2024-04-30 08:00:00,25.4
2024-04-30 16:00:00,25.43
2024-05-01 00:00:00,24.51
2024-05-01 08:00:00,24.6
2024-05-01 16:00:00,25.55
2024-05-02 00:00:00,25.28
2024-05-02 08:00:00,25.7
2024-05-02 16:00:00,25.66
2024-05-03 00:00:00,25.61
2024-05-03 08:00:00,26.56
2024-05-03 16:00:00,26.89
2024-05-04 00:00:00,26.86
2024-05-04 08:00:00,27.21
2024-05-04 16:00:00,26.95
2024-05-05 00:00:00,26.73
2024-05-05 08:00:00,27.58
2024-05-05 16:00:00,27.67
2024-05-06 00:00:00,28.62
2024-05-06 08:00:00,27.41
2024-05-06 16:00:00,26.98
2024-05-07 00:00:00,27.06
2024-05-07 08:00:00,27.31
2024-05-07 16:00:00,27.07
2024-05-08 00:00:00,26.69
2024-05-08 08:00:00,28.43
2024-05-08 16:00:00,27.18
2024-05-09 00:00:00,27.19
2024-05-09 08:00:00,27.31
2024-05-09 16:00:00,27.66
2024-05-10 00:00:00,27.71
2024-05-10 08:00:00,26.9
2024-05-10 16:00:00,26.38
2024-05-11 00:00:00,26.66
2024-05-11 08:00:00,26.59
2024-05-11 16:00:00,26.47
2024-05-12 00:00:00,26.46
2024-05-12 08:00:00,26.79
2024-05-12 16:00:00,26.69
2024-05-13 00:00:00,26.46
2024-05-13 08:00:00,26.57
2024-05-13 16:00:00,26.3
2024-05-14 00:00:00,26.04
2024-05-14 08:00:00,25.65
2024-05-14 16:00:00,25.36
2024-05-15 00:00:00,25.73
2024-05-15 08:00:00,26.52
2024-05-15 16:00:00,27.09
2024-05-16 00:00:00,27.34
2024-05-16 08:00:00,27.16
2024-05-16 16:00:00,27.24
2024-05-17 00:00:00,28.19
2024-05-17 08:00:00,28.64
2024-05-17 16:00:00,28.31
2024-05-18 00:00:00,28.93
2024-05-18 08:00:00,28.59
2024-05-18 16:00:00,28.62
2024-05-19 00:00:00,28.42
2024-05-19 08:00:00,27.67
2024-05-19 16:00:00,27.58
2024-05-20 00:00:00,27.95
2024-05-20 08:00:00,28.16
2024-05-20 16:00:00,32.36
2024-05-21 00:00:00,31.61
2024-05-21 08:00:00,31.78
2024-05-21 16:00:00,31.72
2024-05-22 00:00:00,31.19
2024-05-22 08:00:00,30.67
2024-05-22 16:00:00,30.38
2024-05-23 00:00:00,31.55
2024-05-23 08:00:00,32.97
2024-05-23 16:00:00,32.42
2024-05-24 00:00:00,31.78
2024-05-24 08:00:00,31.41
2024-05-24 16:00:00,31.59
2024-05-25 00:00:00,31.84
2024-05-25 08:00:00,31.57
2024-05-25 16:00:00,31.67
2024-05-26 00:00:00,31.92
2024-05-26 08:00:00,32.18
2024-05-26 16:00:00,31.71
2024-05-27 00:00:00,32.0
2024-05-27 08:00:00,32.51
2024-05-27 16:00:00,31.91
2024-05-28 00:00:00,31.0
2024-05-28 08:00:00,31.21
2024-05-28 16:00:00,31.42
2024-05-29 00:00:00,30.93
2024-05-29 08:00:00,30.32
2024-05-29 16:00:00,30.43
2024-05-30 00:00:00,29.51
2024-05-30 08:00:00,30.14
2024-05-30 16:00:00,29.8
2024-05-31 00:00:00,29.71
2024-05-31 08:00:00,29.44
2024-05-31 16:00:00,29.59
2024-06-01 00:00:00,29.51
2024-06-01 08:00:00,29.61
2024-06-01 16:00:00,29.56
2024-06-02 00:00:00,29.15
2024-06-02 08:00:00,29.36
2024-06-02 16:00:00,28.93
2024-06-03 00:00:00,29.18
2024-06-03 08:00:00,28.95
2024-06-03 16:00:00,28.63
2024-06-04 00:00:00,28.42
2024-06-04 08:00:00,29.3
2024-06-04 16:00:00,29.73
2024-06-05 00:00:00,29.68
2024-06-05 08:00:00,29.66
2024-06-05 16:00:00,29.8
2024-06-06 00:00:00,29.43
2024-06-06 08:00:00,29.4
2024-06-06 16:00:00,29.05
2024-06-07 00:00:00,29.09
2024-06-07 08:00:00,29.12
2024-06-07 16:00:00,27.05
2024-06-08 00:00:00,27.13
2024-06-08 08:00:00,26.78
2024-06-08 16:00:00,26.84
2024-06-09 00:00:00,26.92
2024-06-09 08:00:00,27.0
2024-06-09 16:00:00,26.97
2024-06-10 00:00:00,26.37
2024-06-10 08:00:00,27.01
2024-06-10 16:00:00,26.62
2024-06-11 00:00:00,25.98
2024-06-11 08:00:00,25.27
2024-06-11 16:00:00,25.67
2024-06-12 00:00:00,25.91
2024-06-12 08:00:00,26.57
2024-06-12 16:00:00,26.11
2024-06-13 00:00:00,25.64
2024-06-13 08:00:00,25.21
2024-06-13 16:00:00,25.31
2024-06-14 00:00:00,25.41
2024-06-14 08:00:00,25.09
2024-06-14 16:00:00,25.13
2024-06-15 00:00:00,25.34
2024-06-15 08:00:00,25.45
2024-06-15 16:00:00,25.63
2024-06-16 00:00:00,25.45
2024-06-16 08:00:00,25.53
2024-06-16 16:00:00,25.46
2024-06-17 00:00:00,24.63
2024-06-17 08:00:00,23.97
2024-06-17 16:00:00,24.09
2024-06-18 00:00:00,23.04
2024-06-18 08:00:00,22.93
2024-06-18 16:00:00,23.05
2024-06-19 00:00:00,23.82
2024-06-19 08:00:00,23.72
2024-06-19 16:00:00,23.98
2024-06-20 00:00:00,24.67
2024-06-20 08:00:00,24.01
2024-06-20 16:00:00,24.06
2024-06-21 00:00:00,23.84
2024-06-21 08:00:00,23.48
2024-06-21 16:00:00,23.56
2024-06-22 00:00:00,23.43
2024-06-22 08:00:00,23.51
2024-06-22 16:00:00,23.36
2024-06-23 00:00:00,23.38
2024-06-23 08:00:00,22.95
2024-06-23 16:00:00,22.66
2024-06-24 00:00:00,22.6
2024-06-24 08:00:00,22.41
2024-06-24 16:00:00,23.0
2024-06-25 00:00:00,23.32
2024-06-25 08:00:00,23.66
2024-06-25 16:00:00,23.48
2024-06-26 00:00:00,23.47
2024-06-26 08:00:00,23.6
2024-06-26 16:00:00,23.68
2024-06-27 00:00:00,23.26
2024-06-27 08:00:00,24.01
2024-06-27 16:00:00,24.07
2024-06-28 00:00:00,24.01
2024-06-28 08:00:00,23.9
2024-06-28 16:00:00,23.41
2024-06-29 00:00:00,23.63
2024-06-29 08:00:00,23.36
2024-06-29 16:00:00,23.14
2024-06-30 00:00:00,23.38
2024-06-30 08:00:00,23.38
2024-06-30 16:00:00,23.69
2024-07-01 00:00:00,23.86
2024-07-01 08:00:00,23.71
2024-07-01 16:00:00,23.24
2024-07-02 00:00:00,23.17
2024-07-02 08:00:00,23.01
2024-07-02 16:00:00,23.29
2024-07-03 00:00:00,22.83
2024-07-03 08:00:00,22.52
2024-07-03 16:00:00,22.54
2024-07-04 00:00:00,21.61
2024-07-04 08:00:00,21.63
2024-07-04 16:00:00,20.77
2024-07-05 00:00:00,18.91
2024-07-05 08:00:00,19.89
2024-07-05 16:00:00,20.22
2024-07-06 00:00:00,20.7
2024-07-06 08:00:00,20.77
2024-07-06 16:00:00,21.18
2024-07-07 00:00:00,20.64
2024-07-07 08:00:00,20.1
2024-07-07 16:00:00,19.76
2024-07-08 00:00:00,19.88
2024-07-08 08:00:00,20.13
2024-07-08 16:00:00,20.4
2024-07-09 00:00:00,20.73
2024-07-09 08:00:00,20.82
2024-07-09 16:00:00,20.64
2024-07-10 00:00:00,21.02
2024-07-10 08:00:00,20.99
2024-07-10 16:00:00,20.99
2024-07-11 00:00:00,21.08
2024-07-11 08:00:00,21.03
2024-07-11 16:00:00,20.66
2024-07-12 00:00:00,20.88
2024-07-12 08:00:00,21.33
2024-07-12 16:00:00,21.48
2024-07-13 00:00:00,21.77
2024-07-13 08:00:00,22.14
2024-07-13 16:00:00,22.39
2024-07-14 00:00:00,22.36
2024-07-14 08:00:00,22.39
2024-07-14 16:00:00,22.58
2024-07-15 00:00:00,23.04
2024-07-15 08:00:00,23.04
2024-07-15 16:00:00,23.88
2024-07-16 00:00:00,22.93
2024-07-16 08:00:00,23.77
2024-07-16 16:00:00,23.59
2024-07-17 00:00:00,23.7
2024-07-17 08:00:00,23.36
2024-07-17 16:00:00,22.96
2024-07-18 00:00:00,23.14
2024-07-18 08:00:00,22.72
2024-07-18 16:00:00,23.01
2024-07-19 00:00:00,22.82
2024-07-19 08:00:00,23.25
2024-07-19 16:00:00,23.61
2024-07-20 00:00:00,23.59
2024-07-20 08:00:00,23.86
2024-07-20 16:00:00,23.92
2024-07-21 00:00:00,23.62
2024-07-21 08:00:00,23.6
2024-07-21 16:00:00,24.16
2024-07-22 00:00:00,23.49
2024-07-22 08:00:00,23.41
2024-07-22 16:00:00,23.43
2024-07-23 00:00:00,24.08
2024-07-23 08:00:00,24.35
2024-07-23 16:00:00,24.05
2024-07-24 00:00:00,23.64
2024-07-24 08:00:00,23.35
2024-07-24 16:00:00,22.86
2024-07-25 00:00:00,22.09
2024-07-25 08:00:00,21.93
2024-07-25 16:00:00,22.09
2024-07-26 00:00:00,22.6
2024-07-26 08:00:00,22.6
2024-07-26 16:00:00,22.91
2024-07-27 00:00:00,22.93
2024-07-27 08:00:00,22.98
2024-07-27 16:00:00,22.82
2024-07-28 00:00:00,22.63
2024-07-28 08:00:00,22.6
2024-07-28 16:00:00,22.64
2024-07-29 00:00:00,23.32
2024-07-29 08:00:00,22.89
2024-07-29 16:00:00,22.83
2024-07-30 00:00:00,22.87
2024-07-30 08:00:00,22.72
2024-07-30 16:00:00,22.24
2024-07-31 00:00:00,22.35
2024-07-31 08:00:00,22.33
2024-07-31 16:00:00,21.78
2024-08-01 00:00:00,21.63
2024-08-01 08:00:00,21.23
2024-08-01 16:00:00,21.54
2024-08-02 00:00:00,21.09
2024-08-02 08:00:00,20.46
2024-08-02 16:00:00,20.23
2024-08-03 00:00:00,20.53
2024-08-03 08:00:00,20.02
2024-08-03 16:00:00,19.65
2024-08-04 00:00:00,19.52
2024-08-04 08:00:00,18.97
2024-08-04 16:00:00,18.92
2024-08-05 00:00:00,17.1
2024-08-05 08:00:00,17.65
2024-08-05 16:00:00,17.66
2024-08-06 00:00:00,18.34
2024-08-06 08:00:00,18.36
2024-08-06 16:00:00,18.14
2024-08-07 00:00:00,18.27
2024-08-07 08:00:00,18.0
2024-08-07 16:00:00,18.16
2024-08-08 00:00:00,18.48
2024-08-08 08:00:00,19.15
2024-08-08 16:00:00,19.86
2024-08-09 00:00:00,19.55
2024-08-09 08:00:00,19.02
2024-08-09 16:00:00,19.42
2024-08-10 00:00:00,19.45
2024-08-10 08:00:00,19.37
2024-08-10 16:00:00,19.39
2024-08-11 00:00:00,19.59
2024-08-11 08:00:00,18.85
2024-08-11 16:00:00,18.41
2024-08-12 00:00:00,18.6
2024-08-12 08:00:00,19.09
2024-08-12 16:00:00,19.18
2024-08-13 00:00:00,18.93
2024-08-13 08:00:00,18.89
2024-08-13 16:00:00,19.16
2024-08-14 00:00:00,19.02
2024-08-14 08:00:00,18.85
2024-08-14 16:00:00,18.83
2024-08-15 00:00:00,18.67
2024-08-15 08:00:00,19.01
2024-08-15 16:00:00,18.54
2024-08-16 00:00:00,18.87
2024-08-16 08:00:00,18.45
2024-08-16 16:00:00,18.74
2024-08-17 00:00:00,18.7
2024-08-17 08:00:00,18.77
2024-08-17 16:00:00,18.79
2024-08-18 00:00:00,18.79
2024-08-18 08:00:00,18.99
2024-08-18 16:00:00,18.57
2024-08-19 00:00:00,18.81
2024-08-19 08:00:00,18.86
2024-08-19 16:00:00,18.94
2024-08-20 00:00:00,19.26
2024-08-20 08:00:00,18.82
2024-08-20 16:00:00,18.88
2024-08-21 00:00:00,19.09
2024-08-21 08:00:00,19.3
2024-08-21 16:00:00,19.49
2024-08-22 00:00:00,19.52
2024-08-22 08:00:00,19.42
2024-08-22 16:00:00,19.49
2024-08-23 00:00:00,19.9
2024-08-23 08:00:00,20.17
2024-08-23 16:00:00,20.57
2024-08-24 00:00:00,20.44
2024-08-24 08:00:00,20.63
2024-08-24 16:00:00,20.62
2024-08-25 00:00:00,19.96
2024-08-25 08:00:00,20.17
2024-08-25 16:00:00,20.12
2024-08-26 00:00:00,19.99
2024-08-26 08:00:00,19.82
2024-08-26 16:00:00,19.44
2024-08-27 00:00:00,19.48
2024-08-27 08:00:00,19.13
2024-08-27 16:00:00,18.3
2024-08-28 00:00:00,18.32
2024-08-28 08:00:00,18.51
2024-08-28 16:00:00,18.58
2024-08-29 00:00:00,18.69
2024-08-29 08:00:00,18.83
2024-08-29 16:00:00,18.47
2024-08-30 00:00:00,18.5
2024-08-30 08:00:00,17.98
2024-08-30 16:00:00,18.57
2024-08-31 00:00:00,18.45
2024-08-31 08:00:00,18.34
2024-08-31 16:00:00,18.41
2024-09-01 00:00:00,18.18
2024-09-01 08:00:00,18.1
2024-09-01 16:00:00,17.62
2024-09-02 00:00:00,17.57
2024-09-02 08:00:00,18.04
2024-09-02 16:00:00,18.27
2024-09-03 00:00:00,18.19
2024-09-03 08:00:00,17.76
2024-09-03 16:00:00,17.66
2024-09-04 00:00:00,17.73
2024-09-04 08:00:00,18.16
2024-09-04 16:00:00,18.07
2024-09-05 00:00:00,17.96
2024-09-05 08:00:00,17.58
2024-09-05 16:00:00,17.61
2024-09-06 00:00:00,17.59
2024-09-06 08:00:00,17.57
2024-09-06 16:00:00,17.3
2024-09-07 00:00:00,17.49
2024-09-07 08:00:00,17.69
2024-09-07 16:00:00,17.63
2024-09-08 00:00:00,17.78
2024-09-08 08:00:00,17.64
2024-09-08 16:00:00,17.94
2024-09-09 00:00:00,18.02
2024-09-09 08:00:00,17.98
2024-09-09 16:00:00,18.34
2024-09-10 00:00:00,18.35
2024-09-10 08:00:00,18.41
2024-09-10 16:00:00,18.56
2024-09-11 00:00:00,18.4
2024-09-11 08:00:00,18.26
2024-09-11 16:00:00,18.46
2024-09-12 00:00:00,18.56
2024-09-12 08:00:00,18.37
2024-09-12 16:00:00,18.56
2024-09-13 00:00:00,18.35
2024-09-13 08:00:00,18.74
2024-09-13 16:00:00,18.85
2024-09-14 00:00:00,18.64
2024-09-14 08:00:00,18.72
2024-09-14 16:00:00,18.61
2024-09-15 00:00:00,18.53
2024-09-15 08:00:00,18.35
2024-09-15 16:00:00,17.79
2024-09-16 00:00:00,17.84
2024-09-16 08:00:00,17.62
2024-09-16 16:00:00,17.75
2024-09-17 00:00:00,17.93
2024-09-17 08:00:00,18.15
2024-09-17 16:00:00,17.98
2024-09-18 00:00:00,17.82
2024-09-18 08:00:00,17.58
2024-09-18 16:00:00,18.32
2024-09-19 00:00:00,18.57
2024-09-19 08:00:00,18.71
2024-09-19 16:00:00,18.79
2024-09-20 00:00:00,19.2
2024-09-20 08:00:00,18.88
2024-09-20 16:00:00,19.0
2024-09-21 00:00:00,19.17
2024-09-21 08:00:00,19.31
2024-09-21 16:00:00,19.37
2024-09-22 00:00:00,19.04
2024-09-22 08:00:00,18.79
2024-09-22 16:00:00,18.9
2024-09-23 00:00:00,19.09
2024-09-23 08:00:00,19.23
2024-09-23 16:00:00,19.1
2024-09-24 00:00:00,19.11
2024-09-24 08:00:00,18.86
2024-09-24 16:00:00,19.42
2024-09-25 00:00:00,19.32
2024-09-25 08:00:00,19.53
2024-09-25 16:00:00,19.3
2024-09-26 00:00:00,19.87
2024-09-26 08:00:00,20.22
2024-09-26 16:00:00,20.31
2024-09-27 00:00:00,20.66
2024-09-27 08:00:00,20.76
2024-09-27 16:00:00,20.83
2024-09-28 00:00:00,20.4
2024-09-28 08:00:00,20.43
2024-09-28 16:00:00,20.55
2024-09-29 00:00:00,20.19
2024-09-29 08:00:00,20.56
2024-09-29 16:00:00,20.43
2024-09-30 00:00:00,20.1
2024-09-30 08:00:00,19.55
2024-09-30 16:00:00,19.46
2024-10-01 00:00:00,19.79
2024-10-01 08:00:00,18.89
2024-10-01 16:00:00,18.41
2024-10-02 00:00:00,18.64
2024-10-02 08:00:00,18.24
2024-10-02 16:00:00,17.94
2024-10-03 00:00:00,18.1
2024-10-03 08:00:00,18.42
2024-10-03 16:00:00,18.51
2024-10-04 00:00:00,18.54
2024-10-04 08:00:00,18.68
2024-10-04 16:00:00,18.77
2024-10-05 00:00:00,18.64
2024-10-05 08:00:00,18.68
2024-10-05 16:00:00,18.55
2024-10-06 00:00:00,18.8
2024-10-06 08:00:00,18.84
2024-10-06 16:00:00,18.76
2024-10-07 00:00:00,18.99
2024-10-07 08:00:00,18.82
2024-10-07 16:00:00,18.57
2024-10-08 00:00:00,18.48
2024-10-08 08:00:00,18.29
2024-10-08 16:00:00,18.34
2024-10-09 00:00:00,18.39
2024-10-09 08:00:00,18.34
2024-10-09 16:00:00,18.12
2024-10-10 00:00:00,18.26
2024-10-10 08:00:00,18.25
2024-10-10 16:00:00,18.2
2024-10-11 00:00:00,18.28
2024-10-11 08:00:00,18.57
2024-10-11 16:00:00,18.59
2024-10-12 00:00:00,18.75
2024-10-12 08:00:00,18.81
2024-10-12 16:00:00,18.77
2024-10-13 00:00:00,18.71
2024-10-13 08:00:00,18.36
2024-10-13 16:00:00,18.55
2024-10-14 00:00:00,18.94
2024-10-14 08:00:00,19.45
2024-10-14 16:00:00,19.5
2024-10-15 00:00:00,19.25
2024-10-15 08:00:00,19.03
2024-10-15 16:00:00,19.36
2024-10-16 00:00:00,19.26
2024-10-16 08:00:00,19.35
2024-10-16 16:00:00,19.38
2024-10-17 00:00:00,19.19
2024-10-17 08:00:00,19.04
2024-10-17 16:00:00,19.04
2024-10-18 00:00:00,19.19
2024-10-18 08:00:00,19.26
2024-10-18 16:00:00,19.36
2024-10-19 00:00:00,19.37
2024-10-19 08:00:00,19.42
2024-10-19 16:00:00,19.9
2024-10-20 00:00:00,19.65
2024-10-20 08:00:00,20.13
2024-10-20 16:00:00,20.2
2024-10-21 00:00:00,19.91
2024-10-21 08:00:00,19.5
2024-10-21 16:00:00,19.42
2024-10-22 00:00:00,19.27
2024-10-22 08:00:00,18.98
2024-10-22 16:00:00,19.07
2024-10-23 00:00:00,18.82
2024-10-23 08:00:00,18.67
2024-10-23 16:00:00,18.64
2024-10-24 00:00:00,18.64
2024-10-24 08:00:00,18.74
2024-10-24 16:00:00,18.87
2024-10-25 00:00:00,18.71
2024-10-25 08:00:00,19.24
2024-10-25 16:00:00,18.25
2024-10-26 00:00:00,18.36
2024-10-26 08:00:00,18.07
2024-10-26 16:00:00,18.23
2024-10-27 00:00:00,18.18
2024-10-27 08:00:00,18.52
2024-10-27 16:00:00,18.41
2024-10-28 00:00:00,18.33
2024-10-28 08:00:00,18.45
2024-10-28 16:00:00,19.0
2024-10-29 00:00:00,19.12
2024-10-29 08:00:00,19.34
2024-10-29 16:00:00,19.43
2024-10-30 00:00:00,19.56
2024-10-30 08:00:00,19.67
2024-10-30 16:00:00,19.45
2024-10-31 00:00:00,19.28
2024-10-31 08:00:00,18.76
2024-10-31 16:00:00,18.6
2024-11-01 00:00:00,18.32
2024-11-01 08:00:00,18.49
2024-11-01 16:00:00,18.46
2024-11-02 00:00:00,18.5
2024-11-02 08:00:00,18.11
2024-11-02 16:00:00,18.12
2024-11-03 00:00:00,17.9
2024-11-03 08:00:00,17.64
2024-11-03 16:00:00,17.8
2024-11-04 00:00:00,17.69
2024-11-04 08:00:00,17.75
2024-11-04 16:00:00,17.6
2024-11-05 00:00:00,17.97
2024-11-05 08:00:00,18.09
2024-11-05 16:00:00,18.22
2024-11-06 00:00:00,19.12
2024-11-06 08:00:00,19.05
2024-11-06 16:00:00,19.69
2024-11-07 00:00:00,20.06
2024-11-07 08:00:00,20.0
2024-11-07 16:00:00,20.27
2024-11-08 00:00:00,20.21
2024-11-08 08:00:00,20.16
2024-11-08 16:00:00,20.45
2024-11-09 00:00:00,20.78
2024-11-09 08:00:00,20.56
2024-11-09 16:00:00,21.76
2024-11-10 00:00:00,22.93
2024-11-10 08:00:00,23.25
2024-11-10 16:00:00,23.02
2024-11-11 00:00:00,22.55
2024-11-11 08:00:00,23.15
2024-11-11 16:00:00,24.37
2024-11-12 00:00:00,23.52
2024-11-12 08:00:00,22.3
2024-11-12 16:00:00,22.75
2024-11-13 00:00:00,21.81
2024-11-13 08:00:00,22.79
2024-11-13 16:00:00,22.09
2024-11-14 00:00:00,22.61
2024-11-14 08:00:00,21.47
2024-11-14 16:00:00,21.8
2024-11-15 00:00:00,21.94
2024-11-15 08:00:00,22.25
2024-11-15 16:00:00,22.99
2024-11-16 00:00:00,23.66
2024-11-16 08:00:00,26.61
2024-11-16 16:00:00,26.73
2024-11-17 00:00:00,27.31
2024-11-17 08:00:00,25.71
2024-11-17 16:00:00,25.84
2024-11-18 00:00:00,26.99
2024-11-18 08:00:00,26.66
2024-11-18 16:00:00,27.04
2024-11-19 00:00:00,26.31
2024-11-19 08:00:00,26.21
2024-11-19 16:00:00,26.16
2024-11-20 00:00:00,25.67
2024-11-20 08:00:00,26.09
2024-11-20 16:00:00,25.37
2024-11-21 00:00:00,26.64
2024-11-21 08:00:00,27.11
2024-11-21 16:00:00,27.34
2024-11-22 00:00:00,27.86
2024-11-22 08:00:00,27.93
2024-11-22 16:00:00,28.52
2024-11-23 00:00:00,29.39
2024-11-23 08:00:00,30.53
2024-11-23 16:00:00,29.64
2024-11-24 00:00:00,30.23
2024-11-24 08:00:00,27.31
2024-11-24 16:00:00,28.84
2024-11-25 00:00:00,29.14
2024-11-25 08:00:00,31.59
2024-11-25 16:00:00,29.77
2024-11-26 00:00:00,29.16
2024-11-26 08:00:00,27.96
2024-11-26 16:00:00,28.33
2024-11-27 00:00:00,29.81
2024-11-27 08:00:00,30.18
2024-11-27 16:00:00,32.9
2024-11-28 00:00:00,31.79
2024-11-28 08:00:00,31.42
2024-11-28 16:00:00,31.91
2024-11-29 00:00:00,31.04
2024-11-29 08:00:00,31.94
2024-11-29 16:00:00,31.94
2024-11-30 00:00:00,33.19
2024-11-30 08:00:00,32.54
2024-11-30 16:00:00,32.7
2024-12-01 00:00:00,32.24
2024-12-01 08:00:00,32.88
2024-12-01 16:00:00,33.32
2024-12-02 00:00:00,32.96
2024-12-02 08:00:00,33.22
2024-12-02 16:00:00,33.87
2024-12-03 00:00:00,33.4
2024-12-03 08:00:00,32.11
2024-12-03 16:00:00,34.72
2024-12-04 00:00:00,36.64
2024-12-04 08:00:00,37.73
2024-12-04 16:00:00,37.7
2024-12-05 00:00:00,36.58
2024-12-05 08:00:00,36.71
2024-12-05 16:00:00,35.61
2024-12-06 00:00:00,36.38
2024-12-06 08:00:00,36.57
2024-12-06 16:00:00,38.27
2024-12-07 00:00:00,37.31
2024-12-07 08:00:00,37.45
2024-12-07 16:00:00,37.2
2024-12-08 00:00:00,36.83
2024-12-08 08:00:00,36.86
2024-12-08 16:00:00,37.08
2024-12-09 00:00:00,35.43
2024-12-09 08:00:00,34.4
2024-12-09 16:00:00,31.35
2024-12-10 00:00:00,31.26
2024-12-10 08:00:00,28.71
2024-12-10 16:00:00,30.19
2024-12-11 00:00:00,29.62
2024-12-11 08:00:00,33.25
2024-12-11 16:00:00,33.49
2024-12-12 00:00:00,34.5
2024-12-12 08:00:00,34.79
2024-12-12 16:00:00,33.82
2024-12-13 00:00:00,33.98
2024-12-13 08:00:00,33.65
2024-12-13 16:00:00,34.01
2024-12-14 00:00:00,33.63
2024-12-14 08:00:00,32.62
2024-12-14 16:00:00,32.56
2024-12-15 00:00:00,32.49
2024-12-15 08:00:00,33.04
2024-12-15 16:00:00,33.79
2024-12-16 00:00:00,33.64
2024-12-16 08:00:00,32.96
2024-12-16 16:00:00,33.21
2024-12-17 00:00:00,33.15
2024-12-17 08:00:00,32.59
2024-12-17 16:00:00,32.5
2024-12-18 00:00:00,31.67
2024-12-18 08:00:00,31.5
2024-12-18 16:00:00,29.4
2024-12-19 00:00:00,29.47
2024-12-19 08:00:00,28.65
2024-12-19 16:00:00,26.72
2024-12-20 00:00:00,27.02
2024-12-20 08:00:00,26.31
2024-12-20 16:00:00,27.44
2024-12-21 00:00:00,28.23
2024-12-21 08:00:00,26.45
2024-12-21 16:00:00,26.03
2024-12-22 00:00:00,25.92
2024-12-22 08:00:00,25.94
2024-12-22 16:00:00,25.98
2024-12-23 00:00:00,26.15
2024-12-23 08:00:00,25.94
2024-12-23 16:00:00,27.55
2024-12-24 00:00:00,27.08
2024-12-24 08:00:00,28.23
2024-12-24 16:00:00,27.94
2024-12-25 00:00:00,27.47
2024-12-25 08:00:00,27.24
2024-12-25 16:00:00,27.32
2024-12-26 00:00:00,26.58
2024-12-26 08:00:00,25.88
2024-12-26 16:00:00,25.87
2024-12-27 00:00:00,26.16
2024-12-27 08:00:00,26.01
2024-12-27 16:00:00,25.99
2024-12-28 00:00:00,25.87
2024-12-28 08:00:00,26.26
2024-12-28 16:00:00,26.57
2024-12-29 00:00:00,26.69
2024-12-29 08:00:00,26.09
2024-12-29 16:00:00,25.54
2024-12-30 00:00:00,26.0
2024-12-30 08:00:00,25.05
2024-12-30 16:00:00,25.44
2024-12-31 00:00:00,24.97
2024-12-31 08:00:00,25.76
2024-12-31 16:00:00,25.06
2025-01-01 00:00:00,25.04
2025-01-01 08:00:00,25.32
2025-01-01 16:00:00,25.81
2025-01-02 00:00:00,26.45
2025-01-02 08:00:00,26.73
2025-01-02 16:00:00,26.9
2025-01-03 00:00:00,26.67
2025-01-03 08:00:00,28.09
2025-01-03 16:00:00,28.44
2025-01-04 00:00:00,28.4
2025-01-04 08:00:00,28.01
2025-01-04 16:00:00,28.36
2025-01-05 00:00:00,28.13
2025-01-05 08:00:00,27.81
2025-01-05 16:00:00,28.13
2025-01-06 00:00:00,28.03
2025-01-06 08:00:00,28.86
2025-01-06 16:00:00,28.67
2025-01-07 00:00:00,28.47
2025-01-07 08:00:00,26.86
2025-01-07 16:00:00,25.9
2025-01-08 00:00:00,25.45
2025-01-08 08:00:00,25.51
2025-01-08 16:00:00,25.26
2025-01-09 00:00:00,24.79
2025-01-09 08:00:00,25.5
2025-01-09 16:00:00,24.88
2025-01-10 00:00:00,25.55
2025-01-10 08:00:00,25.33
2025-01-10 16:00:00,25.66
2025-01-11 00:00:00,25.3
2025-01-11 08:00:00,25.25
2025-01-11 16:00:00,25.55
2025-01-12 00:00:00,25.45
2025-01-12 08:00:00,25.5
2025-01-12 16:00:00,25.26
2025-01-13 00:00:00,24.44
2025-01-13 08:00:00,23.97
2025-01-13 16:00:00,24.59
2025-01-14 00:00:00,24.68
2025-01-14 08:00:00,25.13
2025-01-14 16:00:00,25.4
2025-01-15 00:00:00,25.46
2025-01-15 08:00:00,26.23
2025-01-15 16:00:00,27.13
2025-01-16 00:00:00,26.68
2025-01-16 08:00:00,26.92
2025-01-16 16:00:00,26.7
2025-01-17 00:00:00,27.74
2025-01-17 08:00:00,27.78
2025-01-17 16:00:00,28.26
2025-01-18 00:00:00,26.75
2025-01-18 08:00:00,26.87
2025-01-18 16:00:00,26.93
2025-01-19 00:00:00,26.22
2025-01-19 08:00:00,27.38
2025-01-19 16:00:00,25.43
2025-01-20 00:00:00,27.09
2025-01-20 08:00:00,26.33
2025-01-20 16:00:00,25.8
2025-01-21 00:00:00,25.48
2025-01-21 08:00:00,26.58
2025-01-21 16:00:00,27.12
2025-01-22 00:00:00,26.66
2025-01-22 08:00:00,26.78
2025-01-22 16:00:00,26.83
2025-01-23 00:00:00,27.0
2025-01-23 08:00:00,28.23
2025-01-23 16:00:00,29.02
2025-01-24 00:00:00,28.47
2025-01-24 08:00:00,28.11
2025-01-24 16:00:00,27.39
2025-01-25 00:00:00,26.84
2025-01-25 08:00:00,27.08
2025-01-25 16:00:00,27.04
2025-01-26 00:00:00,27.01
2025-01-26 08:00:00,26.84
2025-01-26 16:00:00,26.19
2025-01-27 00:00:00,25.27
2025-01-27 08:00:00,25.51
2025-01-27 16:00:00,26.0
2025-01-28 00:00:00,25.93
2025-01-28 08:00:00,25.86
2025-01-28 16:00:00,24.98
2025-01-29 00:00:00,25.73
2025-01-29 08:00:00,25.26
2025-01-29 16:00:00,25.54
2025-01-30 00:00:00,26.13
2025-01-30 08:00:00,26.48
2025-01-30 16:00:00,26.28
2025-01-31 00:00:00,26.18
2025-01-31 08:00:00,27.5
2025-01-31 16:00:00,26.83
2025-02-01 00:00:00,26.83
2025-02-01 08:00:00,25.97
2025-02-01 16:00:00,24.96
2025-02-02 00:00:00,24.55
2025-02-02 08:00:00,24.25
2025-02-02 16:00:00,22.5
2025-02-03 00:00:00,20.13
2025-02-03 08:00:00,20.68
2025-02-03 16:00:00,22.05
2025-02-04 00:00:00,20.28
2025-02-04 08:00:00,21.03
2025-02-04 16:00:00,20.66
2025-02-05 00:00:00,21.0
2025-02-05 08:00:00,21.09
2025-02-05 16:00:00,20.69
2025-02-06 00:00:00,21.03
2025-02-06 08:00:00,19.79
2025-02-06 16:00:00,19.69
2025-02-07 00:00:00,19.89
2025-02-07 08:00:00,20.39
2025-02-07 16:00:00,19.81
2025-02-08 00:00:00,19.88
2025-02-08 08:00:00,19.86
2025-02-08 16:00:00,20.12
2025-02-09 00:00:00,20.37
2025-02-09 08:00:00,20.25
2025-02-09 16:00:00,20.15
2025-02-10 00:00:00,20.42
2025-02-10 08:00:00,20.5
2025-02-10 16:00:00,20.68
2025-02-11 00:00:00,21.13
2025-02-11 08:00:00,20.77
2025-02-11 16:00:00,20.22
2025-02-12 00:00:00,20.38
2025-02-12 08:00:00,20.39
2025-02-12 16:00:00,21.38
2025-02-13 00:00:00,21.05
2025-02-13 08:00:00,21.1
2025-02-13 16:00:00,21.14
2025-02-14 00:00:00,21.16
2025-02-14 08:00:00,21.54
2025-02-14 16:00:00,21.39
2025-02-15 00:00:00,21.15
2025-02-15 08:00:00,20.92
2025-02-15 16:00:00,20.8
2025-02-16 00:00:00,20.55
2025-02-16 08:00:00,20.55
2025-02-16 16:00:00,20.45
2025-02-17 00:00:00,20.44
2025-02-17 08:00:00,21.08
2025-02-17 16:00:00,20.9
2025-02-18 00:00:00,20.02
2025-02-18 08:00:00,19.83
2025-02-18 16:00:00,20.18
2025-02-19 00:00:00,20.54
2025-02-19 08:00:00,20.85
2025-02-19 16:00:00,21.17
2025-02-20 00:00:00,21.14
2025-02-20 08:00:00,20.74
2025-02-20 16:00:00,20.93
2025-02-21 00:00:00,20.91
2025-02-21 08:00:00,20.89
2025-02-21 16:00:00,20.22
2025-02-22 00:00:00,20.4
2025-02-22 08:00:00,20.51
2025-02-22 16:00:00,20.47
2025-02-23 00:00:00,20.93
2025-02-23 08:00:00,20.49
2025-02-23 16:00:00,20.75
2025-02-24 00:00:00,20.05
2025-02-24 08:00:00,19.49
2025-02-24 16:00:00,18.64
2025-02-25 00:00:00,17.76
2025-02-25 08:00:00,18.35
2025-02-25 16:00:00,18.89
2025-02-26 00:00:00,18.86
2025-02-26 08:00:00,18.92
2025-02-26 16:00:00,18.76
2025-02-27 00:00:00,19.03
2025-02-27 08:00:00,18.86
2025-02-27 16:00:00,18.71
2025-02-28 00:00:00,17.99
2025-02-28 08:00:00,19.16
2025-02-28 16:00:00,19.57
2025-03-01 00:00:00,19.49
2025-03-01 08:00:00,19.04
2025-03-01 16:00:00,19.05
2025-03-02 00:00:00,19.21
2025-03-02 08:00:00,19.52
2025-03-02 16:00:00,21.0
2025-03-03 00:00:00,20.15
2025-03-03 08:00:00,19.88
2025-03-03 16:00:00,18.7
2025-03-04 00:00:00,18.37
2025-03-04 08:00:00,18.48
2025-03-04 16:00:00,18.96
2025-03-05 00:00:00,19.24
2025-03-05 08:00:00,20.05
2025-03-05 16:00:00,20.5
2025-03-06 00:00:00,20.64
2025-03-06 08:00:00,20.39
2025-03-06 16:00:00,19.96
2025-03-07 00:00:00,20.89
2025-03-07 08:00:00,20.99
2025-03-07 16:00:00,20.41
2025-03-08 00:00:00,19.77
2025-03-08 08:00:00,19.68
2025-03-08 16:00:00,20.23
2025-03-09 00:00:00,19.87
2025-03-09 08:00:00,18.76
2025-03-09 16:00:00,17.93
2025-03-10 00:00:00,18.16
2025-03-10 08:00:00,17.88
2025-03-10 16:00:00,16.88
2025-03-11 00:00:00,17.32
2025-03-11 08:00:00,17.66
2025-03-11 16:00:00,17.86
2025-03-12 00:00:00,17.67
2025-03-12 08:00:00,17.67
2025-03-12 16:00:00,17.98
2025-03-13 00:00:00,17.68
2025-03-13 08:00:00,17.94
2025-03-13 16:00:00,17.9
2025-03-14 00:00:00,18.29
2025-03-14 08:00:00,18.27
2025-03-14 16:00:00,18.02
2025-03-15 00:00:00,17.92
2025-03-15 08:00:00,18.0
2025-03-15 16:00:00,17.95
2025-03-16 00:00:00,17.94
2025-03-16 08:00:00,17.43
2025-03-16 16:00:00,17.48
2025-03-17 00:00:00,17.8
2025-03-17 08:00:00,17.91
2025-03-17 16:00:00,17.83
2025-03-18 00:00:00,17.6
2025-03-18 08:00:00,17.3
2025-03-18 16:00:00,17.69
2025-03-19 00:00:00,17.81
2025-03-19 08:00:00,18.26
2025-03-19 16:00:00,18.55
2025-03-20 00:00:00,18.12
2025-03-20 08:00:00,17.79
2025-03-20 16:00:00,17.89
2025-03-21 00:00:00,17.76
2025-03-21 08:00:00,17.64
2025-03-21 16:00:00,17.7
2025-03-22 00:00:00,17.86
2025-03-22 08:00:00,17.91
2025-03-22 16:00:00,17.67
2025-03-23 00:00:00,17.75
2025-03-23 08:00:00,17.7
2025-03-23 16:00:00,17.81
2025-03-24 00:00:00,18.2
2025-03-24 08:00:00,18.3
2025-03-24 16:00:00,18.31
2025-03-25 00:00:00,18.26
2025-03-25 08:00:00,18.35
2025-03-25 16:00:00,18.42
2025-03-26 00:00:00,18.61
2025-03-26 08:00:00,18.16
2025-03-26 16:00:00,18.0
2025-03-27 00:00:00,18.18
2025-03-27 08:00:00,17.93
2025-03-27 16:00:00,17.8
2025-03-28 00:00:00,17.19
2025-03-28 08:00:00,16.97
2025-03-28 16:00:00,17.14
2025-03-29 00:00:00,16.86
2025-03-29 08:00:00,16.65
2025-03-29 16:00:00,16.6
2025-03-30 00:00:00,16.78
2025-03-30 08:00:00,16.63
2025-03-30 16:00:00,16.5
2025-03-31 00:00:00,16.33
2025-03-31 08:00:00,16.86
2025-03-31 16:00:00,16.78
2025-04-01 00:00:00,16.88
2025-04-01 08:00:00,17.18
2025-04-01 16:00:00,16.91
2025-04-02 00:00:00,16.44
2025-04-02 08:00:00,16.78
2025-04-02 16:00:00,16.09
2025-04-03 00:00:00,16.41
2025-04-03 08:00:00,15.77
2025-04-03 16:00:00,16.23
2025-04-04 00:00:00,16.39
2025-04-04 08:00:00,16.12
2025-04-04 16:00:00,16.25
2025-04-05 00:00:00,16.21
2025-04-05 08:00:00,15.92
2025-04-05 16:00:00,15.88
2025-04-06 00:00:00,15.8
2025-04-06 08:00:00,15.56
2025-04-06 16:00:00,14.16
2025-04-07 00:00:00,13.53
2025-04-07 08:00:00,14.49
2025-04-07 16:00:00,14.49
2025-04-08 00:00:00,14.36
2025-04-08 08:00:00,14.37
2025-04-08 16:00:00,14.07
2025-04-09 00:00:00,14.11
2025-04-09 08:00:00,14.22
2025-04-09 16:00:00,15.3
2025-04-10 00:00:00,14.95
2025-04-10 08:00:00,14.28
2025-04-10 16:00:00,14.79
2025-04-11 00:00:00,14.98
2025-04-11 08:00:00,15.07
2025-04-11 16:00:00,15.17
2025-04-12 00:00:00,15.22
2025-04-12 08:00:00,15.68
2025-04-12 16:00:00,15.54
2025-04-13 00:00:00,15.22
2025-04-13 08:00:00,15.23
2025-04-13 16:00:00,15.22
2025-04-14 00:00:00,15.36
2025-04-14 08:00:00,15.41
2025-04-14 16:00:00,15.23
2025-04-15 00:00:00,15.32
2025-04-15 08:00:00,15.07
2025-04-15 16:00:00,14.87
2025-04-16 00:00:00,14.78
2025-04-16 08:00:00,14.86
2025-04-16 16:00:00,14.85
2025-04-17 00:00:00,15.03
2025-04-17 08:00:00,14.99
2025-04-17 16:00:00,15.08
2025-04-18 00:00:00,15.23
2025-04-18 08:00:00,15.49
2025-04-18 16:00:00,15.45
2025-04-19 00:00:00,15.82
2025-04-19 08:00:00,15.82
2025-04-19 16:00:00,15.95
2025-04-20 00:00:00,15.88
2025-04-20 08:00:00,15.89
2025-04-20 16:00:00,16.06
2025-04-21 00:00:00,16.26
2025-04-21 08:00:00,16.05
2025-04-21 16:00:00,15.62
2025-04-22 00:00:00,15.67
2025-04-22 08:00:00,16.22
2025-04-22 16:00:00,16.66
2025-04-23 00:00:00,16.92
2025-04-23 08:00:00,16.76
2025-04-23 16:00:00,16.78
2025-04-24 00:00:00,16.38
2025-04-24 08:00:00,16.56
2025-04-24 16:00:00,16.76
2025-04-25 00:00:00,17.07
2025-04-25 08:00:00,17.23
2025-04-25 16:00:00,17.24
2025-04-26 00:00:00,17.26
2025-04-26 08:00:00,17.12
2025-04-26 16:00:00,17.03
2025-04-27 00:00:00,16.96
2025-04-27 08:00:00,16.69
2025-04-27 16:00:00,16.56
2025-04-28 00:00:00,16.87
2025-04-28 08:00:00,16.54
2025-04-28 16:00:00,17.0
2025-04-29 00:00:00,17.11
2025-04-29 08:00:00,17.09
2025-04-29 16:00:00,16.73
2025-04-30 00:00:00,16.63
2025-04-30 08:00:00,16.53
2025-04-30 16:00:00,16.51
2025-05-01 00:00:00,16.6
2025-05-01 08:00:00,16.93
2025-05-01 16:00:00,16.89
2025-05-02 00:00:00,17.0
2025-05-02 08:00:00,17.16
2025-05-02 16:00:00,17.23
2025-05-03 00:00:00,16.8
2025-05-03 08:00:00,16.74
2025-05-03 16:00:00,16.6
2025-05-04 00:00:00,16.47
2025-05-04 08:00:00,16.24
2025-05-04 16:00:00,16.01
2025-05-05 00:00:00,16.15
2025-05-05 08:00:00,15.82
2025-05-05 16:00:00,16.0
2025-05-06 00:00:00,15.93
2025-05-06 08:00:00,15.78
2025-05-06 16:00:00,16.23
2025-05-07 00:00:00,16.35
2025-05-07 08:00:00,16.0
2025-05-07 16:00:00,16.19
2025-05-08 00:00:00,17.19
2025-05-08 08:00:00,17.69
2025-05-08 16:00:00,18.63
2025-05-09 00:00:00,19.25
2025-05-09 08:00:00,19.07
2025-05-09 16:00:00,19.21
2025-05-10 00:00:00,19.58
2025-05-10 08:00:00,19.63
2025-05-10 16:00:00,20.7
2025-05-11 00:00:00,19.72
2025-05-11 08:00:00,19.69
2025-05-11 16:00:00,19.96
2025-05-12 00:00:00,20.37
2025-05-12 08:00:00,19.8
2025-05-12 16:00:00,19.79
2025-05-13 00:00:00,19.36
2025-05-13 08:00:00,19.96
2025-05-13 16:00:00,20.67
2025-05-14 00:00:00,20.36
2025-05-14 08:00:00,19.93
2025-05-14 16:00:00,19.87
2025-05-15 00:00:00,19.04
2025-05-15 08:00:00,19.13
2025-05-15 16:00:00,18.95
2025-05-16 00:00:00,19.22
2025-05-16 08:00:00,19.07
2025-05-16 16:00:00,18.7
2025-05-17 00:00:00,18.28
2025-05-17 08:00:00,18.3
2025-05-17 16:00:00,18.12
2025-05-18 00:00:00,18.43
2025-05-18 08:00:00,19.06
2025-05-18 16:00:00,18.72
2025-05-19 00:00:00,17.77
2025-05-19 08:00:00,18.16
2025-05-19 16:00:00,18.52
2025-05-20 00:00:00,18.4
2025-05-20 08:00:00,18.09
2025-05-20 16:00:00,18.42
2025-05-21 00:00:00,18.49
2025-05-21 08:00:00,18.94
2025-05-21 16:00:00,18.99
2025-05-22 00:00:00,19.47
2025-05-22 08:00:00,19.68
2025-05-22 16:00:00,19.69
2025-05-23 00:00:00,19.43
2025-05-23 08:00:00,19.05
2025-05-23 16:00:00,18.49
2025-05-24 00:00:00,18.61
2025-05-24 08:00:00,18.62
2025-05-24 16:00:00,18.4
2025-05-25 00:00:00,18.14
2025-05-25 08:00:00,18.03
2025-05-25 16:00:00,18.34
2025-05-26 00:00:00,18.67
2025-05-26 08:00:00,18.44
2025-05-26 16:00:00,18.24
2025-05-27 00:00:00,18.5
2025-05-27 08:00:00,18.76
2025-05-27 16:00:00,18.62
2025-05-28 00:00:00,18.54
2025-05-28 08:00:00,18.15
2025-05-28 16:00:00,18.46
2025-05-29 00:00:00,18.77
2025-05-29 08:00:00,18.36
2025-05-29 16:00:00,18.12
2025-05-30 00:00:00,17.53
2025-05-30 08:00:00,17.44
2025-05-30 16:00:00,16.94
2025-05-31 00:00:00,16.7
2025-05-31 08:00:00,16.93
2025-05-31 16:00:00,16.94
2025-06-01 00:00:00,16.86
2025-06-01 08:00:00,16.95
2025-06-01 16:00:00,17.1
2025-06-02 00:00:00,17.01
2025-06-02 08:00:00,17.14
2025-06-02 16:00:00,17.56
2025-06-03 00:00:00,17.53
2025-06-03 08:00:00,17.64
2025-06-03 16:00:00,17.56
2025-06-04 00:00:00,17.68
2025-06-04 08:00:00,17.69
2025-06-04 16:00:00,17.25
2025-06-05 00:00:00,17.24
2025-06-05 08:00:00,17.17
2025-06-05 16:00:00,16.29
2025-06-06 00:00:00,16.54
2025-06-06 08:00:00,16.89
2025-06-06 16:00:00,16.7
2025-06-07 00:00:00,17.18
2025-06-07 08:00:00,17.3
2025-06-07 16:00:00,17.22
2025-06-08 00:00:00,16.93
2025-06-08 08:00:00,17.0
2025-06-08 16:00:00,16.95
2025-06-09 00:00:00,16.7
2025-06-09 08:00:00,17.02
2025-06-09 16:00:00,17.86
2025-06-10 00:00:00,17.72
2025-06-10 08:00:00,18.12
2025-06-10 16:00:00,18.56
2025-06-11 00:00:00,18.35
2025-06-11 08:00:00,18.66
2025-06-11 16:00:00,18.09
2025-06-12 00:00:00,17.74
2025-06-12 08:00:00,17.51
2025-06-12 16:00:00,17.11
2025-06-13 00:00:00,16.34
2025-06-13 08:00:00,16.59
2025-06-13 16:00:00,16.9
2025-06-14 00:00:00,16.74
2025-06-14 08:00:00,16.66
2025-06-14 16:00:00,16.63
2025-06-15 00:00:00,16.6
2025-06-15 08:00:00,16.68
2025-06-15 16:00:00,16.68
2025-06-16 00:00:00,17.13
2025-06-16 08:00:00,17.23
2025-06-16 16:00:00,16.94
2025-06-17 00:00:00,16.99
2025-06-17 08:00:00,16.51
2025-06-17 16:00:00,16.47
2025-06-18 00:00:00,16.58
2025-06-18 08:00:00,16.27
2025-06-18 16:00:00,16.54
2025-06-19 00:00:00,16.48
2025-06-19 08:00:00,16.47
2025-06-19 16:00:00,16.71
2025-06-20 00:00:00,16.82
2025-06-20 08:00:00,16.49
2025-06-20 16:00:00,16.12
2025-06-21 00:00:00,16.28
2025-06-21 08:00:00,15.97
2025-06-21 16:00:00,15.58
2025-06-22 00:00:00,15.41
2025-06-22 08:00:00,14.81
2025-06-22 16:00:00,15.19
2025-06-23 00:00:00,15.32
2025-06-23 08:00:00,15.45
2025-06-23 16:00:00,16.38
2025-06-24 00:00:00,16.31
2025-06-24 08:00:00,16.33
2025-06-24 16:00:00,16.43
2025-06-25 00:00:00,16.38
2025-06-25 08:00:00,16.24
2025-06-25 16:00:00,16.22
2025-06-26 00:00:00,16.52
2025-06-26 08:00:00,16.22
2025-06-26 16:00:00,16.11
2025-06-27 00:00:00,16.11
2025-06-27 08:00:00,16.14
2025-06-27 16:00:00,16.19
2025-06-28 00:00:00,16.18
2025-06-28 08:00:00,16.19
2025-06-28 16:00:00,16.27
2025-06-29 00:00:00,16.43
2025-06-29 08:00:00,16.41
2025-06-29 16:00:00,16.96
2025-06-30 00:00:00,16.75
2025-06-30 08:00:00,16.56
2025-06-30 16:00:00,16.59
2025-07-01 00:00:00,16.35
2025-07-01 08:00:00,16.13
2025-07-01 16:00:00,15.95
2025-07-02 00:00:00,16.21
2025-07-02 08:00:00,16.58
2025-07-02 16:00:00,16.96
2025-07-03 00:00:00,17.2
2025-07-03 08:00:00,16.96
2025-07-03 16:00:00,16.99
2025-07-04 00:00:00,16.53
2025-07-04 08:00:00,16.26
2025-07-04 16:00:00,16.28
2025-07-05 00:00:00,16.36
2025-07-05 08:00:00,16.23
2025-07-05 16:00:00,16.37
2025-07-06 00:00:00,16.29
2025-07-06 08:00:00,16.62
2025-07-06 16:00:00,16.64
2025-07-07 00:00:00,16.69
2025-07-07 08:00:00,16.55
2025-07-07 16:00:00,16.68
2025-07-08 00:00:00,16.47
2025-07-08 08:00:00,16.6
2025-07-08 16:00:00,16.94
2025-07-09 00:00:00,17.03
2025-07-09 08:00:00,17.14
2025-07-09 16:00:00,17.66
2025-07-10 00:00:00,17.69
2025-07-10 08:00:00,17.51
2025-07-10 16:00:00,18.49
2025-07-11 00:00:00,18.43
2025-07-11 08:00:00,18.55
2025-07-11 16:00:00,18.26
2025-07-12 00:00:00,18.44
2025-07-12 08:00:00,17.84
2025-07-12 16:00:00,18.14
2025-07-13 00:00:00,18.3
2025-07-13 08:00:00,18.47
2025-07-13 16:00:00,18.45
2025-07-14 00:00:00,19.08
2025-07-14 08:00:00,18.74
2025-07-14 16:00:00,18.55
2025-07-15 00:00:00,18.0
2025-07-15 08:00:00,18.25
2025-07-15 16:00:00,19.06
2025-07-16 00:00:00,19.59
2025-07-16 08:00:00,19.63
2025-07-16 16:00:00,19.88
2025-07-17 00:00:00,20.0
2025-07-17 08:00:00,19.9
2025-07-17 16:00:00,20.26
2025-07-18 00:00:00,22.85
2025-07-18 08:00:00,23.17
2025-07-18 16:00:00,23.18
2025-07-19 00:00:00,24.71
2025-07-19 08:00:00,23.29
2025-07-19 16:00:00,24.37
2025-07-20 00:00:00,24.84
2025-07-20 08:00:00,25.21
2025-07-20 16:00:00,24.69
2025-07-21 00:00:00,24.78
2025-07-21 08:00:00,24.46
2025-07-21 16:00:00,24.01
2025-07-22 00:00:00,23.55
2025-07-22 08:00:00,24.12
2025-07-22 16:00:00,24.24
2025-07-23 00:00:00,23.78
2025-07-23 08:00:00,22.76
2025-07-23 16:00:00,22.53
2025-07-24 00:00:00,22.13
2025-07-24 08:00:00,22.68
2025-07-24 16:00:00,22.27
2025-07-25 00:00:00,21.89
2025-07-25 08:00:00,21.83
2025-07-25 16:00:00,22.69
2025-07-26 00:00:00,22.94
2025-07-26 08:00:00,22.81
2025-07-26 16:00:00,22.81
2025-07-27 00:00:00,22.86
2025-07-27 08:00:00,22.94
2025-07-27 16:00:00,23.3
2025-07-28 00:00:00,23.38
2025-07-28 08:00:00,22.18
2025-07-28 16:00:00,21.91
2025-07-29 00:00:00,22.37
2025-07-29 08:00:00,21.85
2025-07-29 16:00:00,21.76
2025-07-30 00:00:00,21.5
2025-07-30 08:00:00,21.36
2025-07-30 16:00:00,21.4
2025-07-31 00:00:00,21.77
2025-07-31 08:00:00,21.37
2025-07-31 16:00:00,20.56
2025-08-01 00:00:00,20.18
2025-08-01 08:00:00,20.15
2025-08-01 16:00:00,19.78
2025-08-02 00:00:00,19.91
2025-08-02 08:00:00,19.55
2025-08-02 16:00:00,19.19
2025-08-03 00:00:00,19.35
2025-08-03 08:00:00,19.75
2025-08-03 16:00:00,19.86
2025-08-04 00:00:00,20.09
2025-08-04 08:00:00,20.55
2025-08-04 16:00:00,20.99
2025-08-05 00:00:00,20.29
2025-08-05 08:00:00,20.02
2025-08-05 16:00:00,20.18
2025-08-06 00:00:00,20.2
2025-08-06 08:00:00,20.3
2025-08-06 16:00:00,20.3
2025-08-07 00:00:00,20.29
2025-08-07 08:00:00,20.95
2025-08-07 16:00:00,21.55
2025-08-08 00:00:00,21.7
2025-08-08 08:00:00,21.84
2025-08-08 16:00:00,22.38
2025-08-09 00:00:00,23.24
2025-08-09 08:00:00,23.15
2025-08-09 16:00:00,23.6
2025-08-10 00:00:00,22.79
2025-08-10 08:00:00,23.21
2025-08-10 16:00:00,23.17
2025-08-11 00:00:00,22.96
2025-08-11 08:00:00,22.88
2025-08-11 16:00:00,22.21
2025-08-12 00:00:00,22.48
2025-08-12 08:00:00,23.46
2025-08-12 16:00:00,23.68
2025-08-13 00:00:00,23.94
2025-08-13 08:00:00,23.94
2025-08-13 16:00:00,24.26
2025-08-14 00:00:00,23.62
2025-08-14 08:00:00,22.52
2025-08-14 16:00:00,22.18
2025-08-15 00:00:00,22.46
2025-08-15 08:00:00,21.75
2025-08-15 16:00:00,22.23
2025-08-16 00:00:00,22.28
2025-08-16 08:00:00,22.29
2025-08-16 16:00:00,22.38
2025-08-17 00:00:00,22.5
2025-08-17 08:00:00,22.86
2025-08-17 16:00:00,22.24
2025-08-18 00:00:00,21.29
2025-08-18 08:00:00,21.55
2025-08-18 16:00:00,21.52
2025-08-19 00:00:00,21.23
2025-08-19 08:00:00,21.03
2025-08-19 16:00:00,20.53
2025-08-20 00:00:00,20.76
2025-08-20 08:00:00,21.13
2025-08-20 16:00:00,21.56
2025-08-21 00:00:00,21.48
2025-08-21 08:00:00,20.98
2025-08-21 16:00:00,21.01
2025-08-22 00:00:00,21.25
2025-08-22 08:00:00,23.15
2025-08-22 16:00:00,24.5
2025-08-23 00:00:00,23.99
2025-08-23 08:00:00,24.12
2025-08-23 16:00:00,24.21
2025-08-24 00:00:00,23.42
2025-08-24 08:00:00,23.34
2025-08-24 16:00:00,23.23
2025-08-25 00:00:00,22.07
2025-08-25 08:00:00,21.78
2025-08-25 16:00:00,21.07
2025-08-26 00:00:00,21.2
2025-08-26 08:00:00,21.39
2025-08-26 16:00:00,21.67
2025-08-27 00:00:00,21.57
2025-08-27 08:00:00,21.95
2025-08-27 16:00:00,21.51
2025-08-28 00:00:00,21.81
2025-08-28 08:00:00,21.6
2025-08-28 16:00:00,21.69
2025-08-29 00:00:00,20.95
2025-08-29 08:00:00,20.73
2025-08-29 16:00:00,20.92
2025-08-30 00:00:00,21.06
2025-08-30 08:00:00,20.93
2025-08-30 16:00:00,20.94
2025-08-31 00:00:00,21.06
2025-08-31 08:00:00,21.1
2025-08-31 16:00:00,20.68
2025-09-01 00:00:00,21.03
2025-09-01 08:00:00,20.55
2025-09-01 16:00:00,20.51
2025-09-02 00:00:00,20.71
2025-09-02 08:00:00,20.5
2025-09-02 16:00:00,20.81
2025-09-03 00:00:00,20.68
2025-09-03 08:00:00,21.04
2025-09-03 16:00:00,20.83
2025-09-04 00:00:00,20.36
2025-09-04 08:00:00,20.13
2025-09-04 16:00:00,20.18
2025-09-05 00:00:00,20.86
2025-09-05 08:00:00,20.34
2025-09-05 16:00:00,20.36
2025-09-06 00:00:00,20.39
2025-09-06 08:00:00,20.13
2025-09-06 16:00:00,20.2
2025-09-07 00:00:00,20.39
2025-09-07 08:00:00,20.43
2025-09-07 16:00:00,20.49
2025-09-08 00:00:00,20.51
2025-09-08 08:00:00,20.93
2025-09-08 16:00:00,20.75
2025-09-09 00:00:00,20.97
2025-09-09 08:00:00,20.49
2025-09-09 16:00:00,20.47
2025-09-10 00:00:00,20.68
2025-09-10 08:00:00,21.0
2025-09-10 16:00:00,20.95
2025-09-11 00:00:00,21.52
2025-09-11 08:00:00,21.1
2025-09-11 16:00:00,21.42
2025-09-12 00:00:00,21.49
2025-09-12 08:00:00,21.4
2025-09-12 16:00:00,21.98
2025-09-13 00:00:00,22.01
2025-09-13 08:00:00,22.08
2025-09-13 16:00:00,22.06
2025-09-14 00:00:00,21.58
2025-09-14 08:00:00,20.98
2025-09-14 16:00:00,21.13
2025-09-15 00:00:00,20.86
2025-09-15 08:00:00,20.31
2025-09-15 16:00:00,20.36
2025-09-16 00:00:00,20.48
2025-09-16 08:00:00,20.41
2025-09-16 16:00:00,20.52
2025-09-17 00:00:00,20.49
2025-09-17 08:00:00,20.23
2025-09-17 16:00:00,20.89
2025-09-18 00:00:00,20.84
2025-09-18 08:00:00,20.97
2025-09-18 16:00:00,20.99
2025-09-19 00:00:00,20.69
2025-09-19 08:00:00,20.31
2025-09-19 16:00:00,20.2
2025-09-20 00:00:00,20.37
2025-09-20 08:00:00,20.36
2025-09-20 16:00:00,20.19
2025-09-21 00:00:00,20.19
2025-09-21 08:00:00,19.95
2025-09-21 16:00:00,19.88
2025-09-22 00:00:00,18.51
2025-09-22 08:00:00,18.53
2025-09-22 16:00:00,18.71
2025-09-23 00:00:00,18.85
2025-09-23 08:00:00,19.01
2025-09-23 16:00:00,18.8
2025-09-24 00:00:00,18.97
2025-09-24 08:00:00,18.83
2025-09-24 16:00:00,18.6
2025-09-25 00:00:00,18.28
2025-09-25 08:00:00,18.3
2025-09-25 16:00:00,17.89
2025-09-26 00:00:00,18.0
2025-09-26 08:00:00,18.21
2025-09-26 16:00:00,18.4
2025-09-27 00:00:00,18.18
2025-09-27 08:00:00,18.24
2025-09-27 16:00:00,18.25
2025-09-28 00:00:00,18.01
2025-09-28 08:00:00,18.16
2025-09-28 16:00:00,18.54
2025-09-29 00:00:00,18.4
2025-09-29 08:00:00,18.45
2025-09-29 16:00:00,18.63
2025-09-30 00:00:00,18.32
2025-09-30 08:00:00,18.2
2025-09-30 16:00:00,18.44
2025-10-01 00:00:00,18.26
2025-10-01 08:00:00,19.1
2025-10-01 16:00:00,19.57
2025-10-02 00:00:00,19.91
2025-10-02 08:00:00,19.71
2025-10-02 16:00:00,20.07
2025-10-03 00:00:00,19.7
2025-10-03 08:00:00,19.97
2025-10-03 16:00:00,19.94
2025-10-04 00:00:00,19.64
2025-10-04 08:00:00,19.29
2025-10-04 16:00:00,19.45
2025-10-05 00:00:00,20.17
2025-10-05 08:00:00,19.76
2025-10-05 16:00:00,19.41
2025-10-06 00:00:00,19.6
2025-10-06 08:00:00,20.07
2025-10-06 16:00:00,19.98
2025-10-07 00:00:00,19.75
2025-10-07 08:00:00,19.09
2025-10-07 16:00:00,19.03
2025-10-08 00:00:00,19.13
2025-10-08 08:00:00,19.11
2025-10-08 16:00:00,19.63
2025-10-09 00:00:00,19.09
2025-10-09 08:00:00,18.84
2025-10-09 16:00:00,19.17
2025-10-10 00:00:00,19.93
2025-10-10 08:00:00,18.99
2025-10-10 16:00:00,14.38
2025-10-11 00:00:00,14.98
2025-10-11 08:00:00,15.33
2025-10-11 16:00:00,15.04
2025-10-12 00:00:00,15.32
2025-10-12 08:00:00,16.35
2025-10-12 16:00:00,16.7
2025-10-13 00:00:00,16.91
2025-10-13 08:00:00,17.03
2025-10-13 16:00:00,17.47
2025-10-14 00:00:00,16.34
2025-10-14 08:00:00,16.97
2025-10-14 16:00:00,16.88
2025-10-15 00:00:00,16.93
2025-10-15 08:00:00,16.35
2025-10-15 16:00:00,16.29
2025-10-16 00:00:00,16.41
2025-10-16 08:00:00,15.95
2025-10-16 16:00:00,15.82
2025-10-17 00:00:00,14.94
2025-10-17 08:00:00,15.41
2025-10-17 16:00:00,15.36
2025-10-18 00:00:00,15.49
2025-10-18 08:00:00,15.39
2025-10-18 16:00:00,15.48
2025-10-19 00:00:00,15.33
2025-10-19 08:00:00,15.78
2025-10-19 16:00:00,15.75
2025-10-20 00:00:00,16.13
2025-10-20 08:00:00,15.97
2025-10-20 16:00:00,16.0
2025-10-21 00:00:00,15.66
2025-10-21 08:00:00,16.47
2025-10-21 16:00:00,15.69
2025-10-22 00:00:00,15.61
2025-10-22 08:00:00,15.57
2025-10-22 16:00:00,15.43
2025-10-23 00:00:00,15.67
2025-10-23 08:00:00,15.7
2025-10-23 16:00:00,15.67
2025-10-24 00:00:00,15.81
2025-10-24 08:00:00,15.73
2025-10-24 16:00:00,16.0
2025-10-25 00:00:00,15.88
2025-10-25 08:00:00,15.91
2025-10-25 16:00:00,15.98
2025-10-26 00:00:00,15.99
2025-10-26 08:00:00,16.47
2025-10-26 16:00:00,16.64
2025-10-27 00:00:00,16.76
2025-10-27 08:00:00,16.58
2025-10-27 16:00:00,16.52
2025-10-28 00:00:00,16.45
2025-10-28 08:00:00,16.33
2025-10-28 16:00:00,15.9
2025-10-29 00:00:00,16.04
2025-10-29 08:00:00,16.1
2025-10-29 16:00:00,15.97
2025-10-30 00:00:00,15.99
2025-10-30 08:00:00,15.29
2025-10-30 16:00:00,15.42
2025-10-31 00:00:00,15.68
2025-10-31 08:00:00,16.06
2025-10-31 16:00:00,15.86
2025-11-01 00:00:00,16.21
2025-11-01 08:00:00,16.34
2025-11-01 16:00:00,16.34
2025-11-02 00:00:00,16.51
2025-11-02 08:00:00,16.0
2025-11-02 16:00:00,16.37
2025-11-03 00:00:00,15.4
2025-11-03 08:00:00,14.74
2025-11-03 16:00:00,15.01
2025-11-04 00:00:00,14.6
2025-11-04 08:00:00,14.86
2025-11-04 16:00:00,14.27
2025-11-05 00:00:00,14.37
2025-11-05 08:00:00,14.59
2025-11-05 16:00:00,14.63
2025-11-06 00:00:00,14.35
2025-11-06 08:00:00,14.14
2025-11-06 16:00:00,14.56
2025-11-07 00:00:00,15.96
2025-11-07 08:00:00,17.31
2025-11-07 16:00:00,17.91
2025-11-08 00:00:00,16.87
2025-11-08 08:00:00,16.29
2025-11-08 16:00:00,16.38
2025-11-09 00:00:00,16.09
2025-11-09 08:00:00,16.15
2025-11-09 16:00:00,16.16
2025-11-10 00:00:00,16.28
2025-11-10 08:00:00,16.22
2025-11-10 16:00:00,16.49
2025-11-11 00:00:00,15.86
2025-11-11 08:00:00,15.94
2025-11-11 16:00:00,15.62
2025-11-12 00:00:00,15.68
2025-11-12 08:00:00,15.48
2025-11-12 16:00:00,15.29
2025-11-13 00:00:00,15.68
2025-11-13 08:00:00,15.39
2025-11-13 16:00:00,15.07
2025-11-14 00:00:00,15.08
2025-11-14 08:00:00,14.89
2025-11-14 16:00:00,14.73
2025-11-15 00:00:00,15.51
2025-11-15 08:00:00,15.27
2025-11-15 16:00:00,15.3
2025-11-16 00:00:00,15.32
2025-11-16 08:00:00,14.75
2025-11-16 16:00:00,14.79
2025-11-17 00:00:00,15.02
2025-11-17 08:00:00,14.71
2025-11-17 16:00:00,14.28
2025-11-18 00:00:00,14.42
2025-11-18 08:00:00,14.67
2025-11-18 16:00:00,14.65
2025-11-19 00:00:00,14.48
2025-11-19 08:00:00,14.17
2025-11-19 16:00:00,14.21
2025-11-20 00:00:00,14.38
2025-11-20 08:00:00,14.12
2025-11-20 16:00:00,13.49
2025-11-21 00:00:00,13.07
2025-11-21 08:00:00,13.23
2025-11-21 16:00:00,13.54
2025-11-22 00:00:00,13.47
2025-11-22 08:00:00,13.42
2025-11-22 16:00:00,13.51
2025-11-23 00:00:00,13.71
2025-11-23 08:00:00,13.76
2025-11-23 16:00:00,13.56
2025-11-24 00:00:00,13.7
2025-11-24 08:00:00,13.73
2025-11-24 16:00:00,14.18
2025-11-25 00:00:00,13.9
2025-11-25 08:00:00,13.87
2025-11-25 16:00:00,14.17
2025-11-26 00:00:00,14.06
2025-11-26 08:00:00,13.85
2025-11-26 16:00:00,14.13
2025-11-27 00:00:00,14.01
2025-11-27 08:00:00,13.99
2025-11-27 16:00:00,13.88
2025-11-28 00:00:00,13.79
2025-11-28 08:00:00,13.97
2025-11-28 16:00:00,13.81
2025-11-29 00:00:00,13.69
2025-11-29 08:00:00,13.75
2025-11-29 16:00:00,13.72
2025-11-30 00:00:00,13.82
2025-11-30 08:00:00,13.92
2025-11-30 16:00:00,13.73
2025-12-01 00:00:00,12.92
2025-12-01 08:00:00,12.83
2025-12-01 16:00:00,12.97
2025-12-02 00:00:00,12.97
2025-12-02 08:00:00,13.83
2025-12-02 16:00:00,13.59
2025-12-03 00:00:00,13.82
2025-12-03 08:00:00,13.95
2025-12-03 16:00:00,14.19
2025-12-04 00:00:00,14.09
2025-12-04 08:00:00,13.91
2025-12-04 16:00:00,13.74
2025-12-05 00:00:00,13.84
2025-12-05 08:00:00,13.42
2025-12-05 16:00:00,13.14
2025-12-06 00:00:00,13.19
2025-12-06 08:00:00,13.26
2025-12-06 16:00:00,13.32
2025-12-07 00:00:00,13.26
2025-12-07 08:00:00,13.09
2025-12-07 16:00:00,13.12
2025-12-08 00:00:00,13.45
2025-12-08 08:00:00,13.4
2025-12-08 16:00:00,13.44
2025-12-09 00:00:00,13.39
2025-12-09 08:00:00,13.87
2025-12-09 16:00:00,13.87
2025-12-10 00:00:00,13.68
2025-12-10 08:00:00,13.66
2025-12-10 16:00:00,13.68
2025-12-11 00:00:00,13.08
2025-12-11 08:00:00,13.07
2025-12-11 16:00:00,13.25
2025-12-12 00:00:00,13.26
2025-12-12 08:00:00,12.77
2025-12-12 16:00:00,12.93
2025-12-13 00:00:00,13.16
2025-12-13 08:00:00,13.18
2025-12-13 16:00:00,13.19
2025-12-14 00:00:00,13.1
2025-12-14 08:00:00,12.86
2025-12-14 16:00:00,12.79
2025-12-15 00:00:00,13.07
2025-12-15 08:00:00,12.49
2025-12-15 16:00:00,12.34
2025-12-16 00:00:00,12.13
2025-12-16 08:00:00,12.6
2025-12-16 16:00:00,12.68
2025-12-17 00:00:00,12.44
2025-12-17 08:00:00,12.29
2025-12-17 16:00:00,12.07
2025-12-18 00:00:00,11.99
2025-12-18 08:00:00,12.24
2025-12-18 16:00:00,11.63
2025-12-19 00:00:00,12.04
2025-12-19 08:00:00,12.26
2025-12-19 16:00:00,12.35
2025-12-20 00:00:00,12.5
2025-12-20 08:00:00,12.39
2025-12-20 16:00:00,12.37
2025-12-21 00:00:00,12.29
2025-12-21 08:00:00,12.09
2025-12-21 16:00:00,12.21
2025-12-22 00:00:00,12.38
2025-12-22 08:00:00,12.43
2025-12-22 16:00:00,12.27
2025-12-23 00:00:00,12.1
2025-12-23 08:00:00,12.03
2025-12-23 16:00:00,12.07
2025-12-24 00:00:00,11.85
2025-12-24 08:00:00,11.98
2025-12-24 16:00:00,12.01
2025-12-25 00:00:00,12.06
2025-12-25 08:00:00,12.01
2025-12-25 16:00:00,11.65
2025-12-26 00:00:00,11.79
2025-12-26 08:00:00,11.66
2025-12-26 16:00:00,11.72
2025-12-27 00:00:00,11.7
2025-12-27 08:00:00,11.83
2025-12-27 16:00:00,12.23
2025-12-28 00:00:00,12.27
2025-12-28 08:00:00,12.26
2025-12-28 16:00:00,12.2
2025-12-29 00:00:00,12.34
2025-12-29 08:00:00,12.03
2025-12-29 16:00:00,11.93
2025-12-30 00:00:00,11.9
2025-12-30 08:00:00,12.0
2025-12-30 16:00:00,11.88
2025-12-31 00:00:00,11.85
2025-12-31 08:00:00,11.72
2025-12-31 16:00:00,11.48
2026-01-01 00:00:00,11.55
2026-01-01 08:00:00,11.89
2026-01-01 16:00:00,12.06
2026-01-02 00:00:00,12.01
2026-01-02 08:00:00,12.23
2026-01-02 16:00:00,12.52
2026-01-03 00:00:00,12.33
2026-01-03 08:00:00,12.41
2026-01-03 16:00:00,12.56
2026-01-04 00:00:00,12.77
2026-01-04 08:00:00,12.86
2026-01-04 16:00:00,12.82
2026-01-05 00:00:00,13.01
2026-01-05 08:00:00,13.13
2026-01-05 16:00:00,13.31
2026-01-06 00:00:00,13.08
2026-01-06 08:00:00,13.28
2026-01-06 16:00:00,13.37
2026-01-07 00:00:00,13.2
2026-01-07 08:00:00,12.76
2026-01-07 16:00:00,12.88
2026-01-08 00:00:00,12.69
2026-01-08 08:00:00,12.66
2026-01-08 16:00:00,12.61
2026-01-09 00:00:00,12.71
2026-01-09 08:00:00,12.76
2026-01-09 16:00:00,12.61
2026-01-10 00:00:00,12.6
2026-01-10 08:00:00,12.64
2026-01-10 16:00:00,12.54
2026-01-11 00:00:00,12.55
2026-01-11 08:00:00,12.45
2026-01-11 16:00:00,12.37
2026-01-12 00:00:00,12.36
2026-01-12 08:00:00,12.38
2026-01-12 16:00:00,12.26
2026-01-13 00:00:00,12.43
2026-01-13 08:00:00,13.08
2026-01-13 16:00:00,13.29
2026-01-14 00:00:00,13.24
2026-01-14 08:00:00,13.37
2026-01-14 16:00:00,13.2
2026-01-15 00:00:00,13.04
2026-01-15 08:00:00,12.84
2026-01-15 16:00:00,12.65
2026-01-16 00:00:00,12.59
2026-01-16 08:00:00,12.33
2026-01-16 16:00:00,12.76
2026-01-17 00:00:00,12.94
2026-01-17 08:00:00,13.09
2026-01-17 16:00:00,12.85
2026-01-18 00:00:00,12.74
2026-01-18 08:00:00,12.73
2026-01-18 16:00:00,12.24
2026-01-19 00:00:00,11.87
2026-01-19 08:00:00,11.93
2026-01-19 16:00:00,12.03
2026-01-20 00:00:00,11.82
2026-01-20 08:00:00,11.67
2026-01-20 16:00:00,11.54
2026-01-21 00:00:00,11.79
2026-01-21 08:00:00,11.77
2026-01-21 16:00:00,11.66
2026-01-22 00:00:00,11.65
2026-01-22 08:00:00,11.53
2026-01-22 16:00:00,11.58
2026-01-23 00:00:00,11.74
2026-01-23 08:00:00,11.68
2026-01-23 16:00:00,11.67
2026-01-24 00:00:00,11.67
2026-01-24 08:00:00,11.6
2026-01-24 16:00:00,11.59
2026-01-25 00:00:00,11.5
2026-01-25 08:00:00,11.43
2026-01-25 16:00:00,11.14
2026-01-26 00:00:00,11.37
2026-01-26 08:00:00,11.37
2026-01-26 16:00:00,11.39
2026-01-27 00:00:00,11.31
2026-01-27 08:00:00,11.32
2026-01-27 16:00:00,11.58
2026-01-28 00:00:00,11.54
2026-01-28 08:00:00,11.47
2026-01-28 16:00:00,11.55
2026-01-29 00:00:00,11.26
2026-01-29 08:00:00,10.77
2026-01-29 16:00:00,10.81
2026-01-30 00:00:00,10.61
2026-01-30 08:00:00,10.71
2026-01-30 16:00:00,10.6
2026-01-31 00:00:00,10.38
2026-01-31 08:00:00,10.0
2026-01-31 16:00:00,9.76
2026-02-01 00:00:00,9.86
2026-02-01 08:00:00,9.57
2026-02-01 16:00:00,9.5
2026-02-02 00:00:00,9.47
2026-02-02 08:00:00,9.87
2026-02-02 16:00:00,9.81
2026-02-03 00:00:00,9.75
2026-02-03 08:00:00,9.81
2026-02-03 16:00:00,9.57
2026-02-04 00:00:00,9.71
2026-02-04 08:00:00,9.33
2026-02-04 16:00:00,9.34
2026-02-05 00:00:00,9.12
2026-02-05 08:00:00,8.54
2026-02-05 16:00:00,8.06
2026-02-06 00:00:00,8.17
2026-02-06 08:00:00,8.66
2026-02-06 16:00:00,8.84
2026-02-07 00:00:00,8.53
2026-02-07 08:00:00,8.68
2026-02-07 16:00:00,8.78
2026-02-08 00:00:00,8.66
2026-02-08 08:00:00,8.66
2026-02-08 16:00:00,8.57
2026-02-09 00:00:00,8.51
2026-02-09 08:00:00,8.52
2026-02-09 16:00:00,8.59
2026-02-10 00:00:00,8.39
2026-02-10 08:00:00,8.38
2026-02-10 16:00:00,8.33
2026-02-11 00:00:00,8.07
2026-02-11 08:00:00,8.05
2026-02-11 16:00:00,8.14
2026-02-12 00:00:00,8.36
2026-02-12 08:00:00,8.17
2026-02-12 16:00:00,8.25
2026-02-13 00:00:00,8.19
2026-02-13 08:00:00,8.41
2026-02-13 16:00:00,8.53
2026-02-14 00:00:00,8.64
2026-02-14 08:00:00,8.91
2026-02-14 16:00:00,9.0
2026-02-15 00:00:00,9.13
2026-02-15 08:00:00,8.8
2026-02-15 16:00:00,8.74
2026-02-16 00:00:00,8.71
2026-02-16 08:00:00,8.66
2026-02-16 16:00:00,8.84
2026-02-17 00:00:00,8.76
2026-02-17 08:00:00,8.69
2026-02-17 16:00:00,8.68
2026-02-18 00:00:00,8.75
2026-02-18 08:00:00,8.68
2026-02-18 16:00:00,8.44
2026-02-19 00:00:00,8.45
2026-02-19 08:00:00,8.22
2026-02-19 16:00:00,8.27
2026-02-20 00:00:00,8.3
2026-02-20 08:00:00,8.61
2026-02-20 16:00:00,8.76
2026-02-21 00:00:00,9.02
2026-02-21 08:00:00,9.33
2026-02-21 16:00:00,9.05
2026-02-22 00:00:00,8.83
2026-02-22 08:00:00,8.67
2026-02-22 16:00:00,8.52
2026-02-23 00:00:00,8.28
2026-02-23 08:00:00,8.42
2026-02-23 16:00:00,8.36
2026-02-24 00:00:00,8.22
2026-02-24 08:00:00,8.33
2026-02-24 16:00:00,8.3
2026-02-25 00:00:00,8.37
2026-02-25 08:00:00,9.23
2026-02-25 16:00:00,9.15
2026-02-26 00:00:00,8.96
2026-02-26 08:00:00,8.87
2026-02-26 16:00:00,8.86
2026-02-27 00:00:00,9.03
2026-02-27 08:00:00,8.67
2026-02-27 16:00:00,8.65
2026-02-28 00:00:00,8.29
2026-02-28 08:00:00,8.31
2026-02-28 16:00:00,8.68
2026-03-01 00:00:00,8.76
2026-03-01 08:00:00,8.63
2026-03-01 16:00:00,8.47
2026-03-02 00:00:00,8.51
2026-03-02 08:00:00,8.87
2026-03-02 16:00:00,8.72
2026-03-03 00:00:00,8.48
2026-03-03 08:00:00,8.46
2026-03-03 16:00:00,8.49
2026-03-04 00:00:00,8.48
2026-03-04 08:00:00,8.86
2026-03-04 16:00:00,8.85
2026-03-05 00:00:00,8.73
2026-03-05 08:00:00,8.68
2026-03-05 16:00:00,8.65
2026-03-06 00:00:00,8.7
2026-03-06 08:00:00,8.22
2026-03-06 16:00:00,8.25
2026-03-07 00:00:00,8.18
2026-03-07 08:00:00,8.15
2026-03-07 16:00:00,8.12
2026-03-08 00:00:00,8.1
2026-03-08 08:00:00,8.02
2026-03-08 16:00:00,7.99
2026-03-09 00:00:00,8.11
2026-03-09 08:00:00,8.21
2026-03-09 16:00:00,8.16
2026-03-10 00:00:00,8.27
2026-03-10 08:00:00,8.5
2026-03-10 16:00:00,8.23
2026-03-11 00:00:00,8.22
2026-03-11 08:00:00,8.29
2026-03-11 16:00:00,8.28
2026-03-12 00:00:00,8.24
2026-03-12 08:00:00,8.19
2026-03-12 16:00:00,8.27
2026-03-13 00:00:00,8.39
2026-03-13 08:00:00,8.57
2026-03-13 16:00:00,8.49
2026-03-14 00:00:00,8.29
2026-03-14 08:00:00,8.22
2026-03-14 16:00:00,8.26
2026-03-15 00:00:00,8.27
2026-03-15 08:00:00,8.28
2026-03-15 16:00:00,8.48
2026-03-16 00:00:00,9.05
2026-03-16 08:00:00,8.82
2026-03-16 16:00:00,9.03
2026-03-17 00:00:00,8.89
2026-03-17 08:00:00,8.85
2026-03-17 16:00:00,8.86
2026-03-18 00:00:00,8.84
2026-03-18 08:00:00,8.37
2026-03-18 16:00:00,8.51
2026-03-19 00:00:00,8.38
2026-03-19 08:00:00,8.3
2026-03-19 16:00:00,8.34
2026-03-20 00:00:00,8.41
2026-03-20 08:00:00,8.4
2026-03-20 16:00:00,8.41
2026-03-21 00:00:00,8.41
2026-03-21 08:00:00,8.44
2026-03-21 16:00:00,8.18
2026-03-22 00:00:00,8.16
2026-03-22 08:00:00,8.13
2026-03-22 16:00:00,8.03
2026-03-23 00:00:00,8.04
2026-03-23 08:00:00,8.4
2026-03-23 16:00:00,8.59
2026-03-24 00:00:00,8.52
2026-03-24 08:00:00,8.49
2026-03-24 16:00:00,8.67
2026-03-25 00:00:00,8.68
2026-03-25 08:00:00,8.68
2026-03-25 16:00:00,8.68
2026-03-26 00:00:00,8.47
2026-03-26 08:00:00,8.27
2026-03-26 16:00:00,8.21
2026-03-27 00:00:00,8.21
2026-03-27 08:00:00,8.09
2026-03-27 16:00:00,8.09
2026-03-28 00:00:00,8.18
2026-03-28 08:00:00,8.2
2026-03-28 16:00:00,8.04
2026-03-29 00:00:00,8.03
2026-03-29 08:00:00,7.96
2026-03-29 16:00:00,7.95
2026-03-30 00:00:00,8.32
2026-03-30 08:00:00,8.2
2026-03-30 16:00:00,8.07
2026-03-31 00:00:00,8.13
2026-03-31 08:00:00,8.08
2026-03-31 16:00:00,8.19
2026-04-01 00:00:00,8.32
2026-04-01 08:00:00,8.27
2026-04-01 16:00:00,8.19
2026-04-02 00:00:00,7.99
2026-04-02 08:00:00,7.88
2026-04-02 16:00:00,7.88
2026-04-03 00:00:00,8.0
2026-04-03 08:00:00,8.06
2026-04-03 16:00:00,8.08
2026-04-04 00:00:00,8.24
2026-04-04 08:00:00,8.44
2026-04-04 16:00:00,8.62
2026-04-05 00:00:00,8.46
2026-04-05 08:00:00,8.54
2026-04-05 16:00:00,8.73
2026-04-06 00:00:00,8.69
2026-04-06 08:00:00,8.6
2026-04-06 16:00:00,8.42
2026-04-07 00:00:00,8.19
2026-04-07 08:00:00,8.31
2026-04-07 16:00:00,8.86
2026-04-08 00:00:00,8.78
2026-04-08 08:00:00,8.52
2026-04-08 16:00:00,8.42
2026-04-09 00:00:00,8.41
2026-04-09 08:00:00,8.38
2026-04-09 16:00:00,8.43
2026-04-10 00:00:00,8.46
2026-04-10 08:00:00,8.46
2026-04-10 16:00:00,8.49
2026-04-11 00:00:00,8.37
2026-04-11 08:00:00,8.34
2026-04-11 16:00:00,8.44
2026-04-12 00:00:00,8.21
2026-04-12 08:00:00,8.12
2026-04-12 16:00:00,8.13
2026-04-13 00:00:00,8.2
2026-04-13 08:00:00,8.16
2026-04-13 16:00:00,8.6
2026-04-14 00:00:00,8.44
2026-04-14 08:00:00,8.38
2026-04-14 16:00:00,8.31
2026-04-15 00:00:00,8.28
2026-04-15 08:00:00,8.4
2026-04-15 16:00:00,8.45
2026-04-16 00:00:00,8.55
2026-04-16 08:00:00,8.62
2026-04-16 16:00:00,8.75
2026-04-17 00:00:00,8.68
2026-04-17 08:00:00,8.77
2026-04-17 16:00:00,8.78
2026-04-18 00:00:00,8.73
2026-04-18 08:00:00,8.56
2026-04-18 16:00:00,8.5
2026-04-19 00:00:00,8.36
2026-04-19 08:00:00,8.46
2026-04-19 16:00:00,8.23
2026-04-20 00:00:00,8.4
2026-04-20 08:00:00,8.39
2026-04-20 16:00:00,8.4
2026-04-21 00:00:00,8.45
2026-04-21 08:00:00,8.47
2026-04-21 16:00:00,8.44
2026-04-22 00:00:00,8.66
2026-04-22 08:00:00,8.66
2026-04-22 16:00:00,8.44
2026-04-23 00:00:00,8.45
2026-04-23 08:00:00,8.54
2026-04-23 16:00:00,8.52
2026-04-24 00:00:00,8.46
2026-04-24 08:00:00,8.6
2026-04-24 16:00:00,8.53
2026-04-25 00:00:00,8.54
2026-04-25 08:00:00,8.47
2026-04-25 16:00:00,8.44
2026-04-26 00:00:00,8.46
2026-04-26 08:00:00,8.47
2026-04-26 16:00:00,8.53
2026-04-27 00:00:00,8.36
2026-04-27 08:00:00,8.29
2026-04-27 16:00:00,8.4
2026-04-28 00:00:00,8.41
2026-04-28 08:00:00,8.39
2026-04-28 16:00:00,8.4
2026-04-29 00:00:00,8.48
2026-04-29 08:00:00,8.3
2026-04-29 16:00:00,8.34
2026-04-30 00:00:00,8.35
2026-04-30 08:00:00,8.42
2026-04-30 16:00:00,8.35
2026-05-01 00:00:00,8.38
2026-05-01 08:00:00,8.48
2026-05-01 16:00:00,8.41
2026-05-02 00:00:00,8.44
2026-05-02 08:00:00,8.52
2026-05-02 16:00:00,8.53
2026-05-03 00:00:00,8.45
2026-05-03 08:00:00,8.47
2026-05-03 16:00:00,8.48
2026-05-04 00:00:00,8.67
2026-05-04 08:00:00,8.68
2026-05-04 16:00:00,8.68
2026-05-05 00:00:00,8.82
2026-05-05 08:00:00,8.91
2026-05-05 16:00:00,9.02
2026-05-06 00:00:00,9.25
2026-05-06 08:00:00,9.45
2026-05-06 16:00:00,9.4
2026-05-07 00:00:00,9.3
2026-05-07 08:00:00,9.21
2026-05-07 16:00:00,9.22
2026-05-08 00:00:00,9.37
2026-05-08 08:00:00,9.63
2026-05-08 16:00:00,9.77
2026-05-09 00:00:00,9.73
2026-05-09 08:00:00,9.48
2026-05-09 16:00:00,9.59
2026-05-10 00:00:00,9.67
2026-05-10 08:00:00,9.71
2026-05-10 16:00:00,9.98
2026-05-11 00:00:00,9.74
2026-05-11 08:00:00,9.75
2026-05-11 16:00:00,9.78
2026-05-12 00:00:00,9.58
2026-05-12 08:00:00,9.28
2026-05-12 16:00:00,9.4
2026-05-13 00:00:00,9.45
2026-05-13 08:00:00,9.13
2026-05-13 16:00:00,9.25
2026-05-14 00:00:00,9.25
2026-05-14 08:00:00,9.46
2026-05-14 16:00:00,9.47
2026-05-15 00:00:00,9.4
2026-05-15 08:00:00,9.02
2026-05-15 16:00:00,9.24
2026-05-16 00:00:00,8.93
2026-05-16 08:00:00,9.0
2026-05-16 16:00:00,9.04
2026-05-17 00:00:00,9.1
2026-05-17 08:00:00,9.01
2026-05-17 16:00:00,8.87
2026-05-18 00:00:00,8.8
2026-05-18 08:00:00,8.68
2026-05-18 16:00:00,8.93
2026-05-19 00:00:00,8.98
2026-05-19 08:00:00,8.84
2026-05-19 16:00:00,8.97
2026-05-20 00:00:00,9.03
2026-05-20 08:00:00,9.08
2026-05-20 16:00:00,9.0
2026-05-21 00:00:00,9.04
2026-05-21 08:00:00,8.91
2026-05-21 16:00:00,8.98
2026-05-22 00:00:00,9.15
2026-05-22 08:00:00,9.13
2026-05-22 16:00:00,8.79
2026-05-23 00:00:00,8.68
2026-05-23 08:00:00,8.86
2026-05-23 16:00:00,9.0
2026-05-24 00:00:00,8.99
2026-05-24 08:00:00,8.94
2026-05-24 16:00:00,8.92
2026-05-25 00:00:00,9.02
2026-05-25 08:00:00,9.04
2026-05-25 16:00:00,8.95
2026-05-26 00:00:00,8.86
2026-05-26 08:00:00,8.81
2026-05-26 16:00:00,8.63
2026-05-27 00:00:00,8.65
2026-05-27 08:00:00,8.68
2026-05-27 16:00:00,8.45
2026-05-28 00:00:00,8.22
2026-05-28 08:00:00,8.15
2026-05-28 16:00:00,8.25
2026-05-29 00:00:00,8.23
2026-05-29 08:00:00,8.24
2026-05-29 16:00:00,8.21
2026-05-30 00:00:00,8.26
2026-05-30 08:00:00,8.25
2026-05-30 16:00:00,8.21
2026-05-31 00:00:00,8.2
2026-05-31 08:00:00,8.11
2026-05-31 16:00:00,8.18
2026-06-01 00:00:00,8.03
2026-06-01 08:00:00,8.0
2026-06-01 16:00:00,8.09
2026-06-02 00:00:00,8.0
2026-06-02 08:00:00,7.73
2026-06-02 16:00:00,7.61
2026-06-03 00:00:00,7.89
2026-06-03 08:00:00,7.82
2026-06-03 16:00:00,7.72
2026-06-04 00:00:00,7.38
2026-06-04 08:00:00,7.46
2026-06-04 16:00:00,7.26
2026-06-05 00:00:00,6.99
2026-06-05 08:00:00,6.74
2026-06-05 16:00:00,6.81
2026-06-06 00:00:00,6.77
2026-06-06 08:00:00,6.79
2026-06-06 16:00:00,6.79
2026-06-07 00:00:00,7.06
2026-06-07 08:00:00,7.02
2026-06-07 16:00:00,7.11
2026-06-08 00:00:00,7.08
2026-06-08 08:00:00,7.16
2026-06-08 16:00:00,7.1
2026-06-09 00:00:00,7.06
2026-06-09 08:00:00,6.91
2026-06-09 16:00:00,7.0
2026-06-10 00:00:00,6.96
2026-06-10 08:00:00,7.05
2026-06-10 16:00:00,6.96
2026-06-11 00:00:00,7.09
2026-06-11 08:00:00,7.13
2026-06-11 16:00:00,7.25
2026-06-12 00:00:00,7.22
2026-06-12 08:00:00,7.21
2026-06-12 16:00:00,7.15
2026-06-13 00:00:00,7.19
2026-06-13 08:00:00,7.22
2026-06-13 16:00:00,7.19
2026-06-14 00:00:00,7.11
2026-06-14 08:00:00,7.0
2026-06-14 16:00:00,7.22
2026-06-15 00:00:00,7.26
2026-06-15 08:00:00,7.54
2026-06-15 16:00:00,7.41
2026-06-16 00:00:00,7.39
2026-06-16 08:00:00,7.32
2026-06-16 16:00:00,7.38
2026-06-17 00:00:00,7.39
2026-06-17 08:00:00,7.45
2026-06-17 16:00:00,7.32
2026-06-18 00:00:00,7.19
2026-06-18 08:00:00,6.99
2026-06-18 16:00:00,7.22
2026-06-19 00:00:00,7.11
2026-06-19 08:00:00,7.4
2026-06-19 16:00:00,7.6
2026-06-20 00:00:00,7.53
2026-06-20 08:00:00,7.58
2026-06-20 16:00:00,7.46
2026-06-21 00:00:00,7.4
2026-06-21 08:00:00,7.38
2026-06-21 16:00:00,7.3
2026-06-22 00:00:00,7.32
2026-06-22 08:00:00,7.3
2026-06-22 16:00:00,7.18
2026-06-23 00:00:00,7.01
2026-06-23 08:00:00,6.92
2026-06-23 16:00:00,7.07
2026-06-24 00:00:00,7.08
2026-06-24 08:00:00,6.82
2026-06-24 16:00:00,7.0
2026-06-25 00:00:00,7.15
2026-06-25 08:00:00,6.93
2026-06-25 16:00:00,7.04
2026-06-26 00:00:00,7.03
2026-06-26 08:00:00,7.12
2026-06-26 16:00:00,7.26
2026-06-27 00:00:00,7.3
2026-06-27 08:00:00,7.27
2026-06-27 16:00:00,7.11
2026-06-28 00:00:00,7.11
2026-06-28 08:00:00,7.03
2026-06-28 16:00:00,7.05
2026-06-29 00:00:00,7.05
2026-06-29 08:00:00,7.04
2026-06-29 16:00:00,7.14
2026-06-30 00:00:00,7.02
2026-06-30 08:00:00,6.97
2026-06-30 16:00:00,6.89
2026-07-01 00:00:00,6.87
2026-07-01 08:00:00,7.02
2026-07-01 16:00:00,7.01
2026-07-02 00:00:00,7.03
2026-07-02 08:00:00,7.12
2026-07-02 16:00:00,7.07
2026-07-03 00:00:00,7.11
2026-07-03 08:00:00,7.18
2026-07-03 16:00:00,7.23
2026-07-04 00:00:00,7.16
2026-07-04 08:00:00,7.36
2026-07-04 16:00:00,7.26
2026-07-05 00:00:00,7.1
2026-07-05 08:00:00,7.18
2026-07-05 16:00:00,7.24
2026-07-06 00:00:00,7.1
2026-07-06 08:00:00,7.16
2026-07-06 16:00:00,7.11
2026-07-07 00:00:00,7.03
2026-07-07 08:00:00,7.05
2026-07-07 16:00:00,6.96
2026-07-08 00:00:00,6.92
2026-07-08 08:00:00,6.85
2026-07-08 16:00:00,6.9
2026-07-09 00:00:00,7.02
2026-07-09 08:00:00,7.0
2026-07-09 16:00:00,7.04
2026-07-10 00:00:00,7.05
2026-07-10 08:00:00,7.08
2026-07-10 16:00:00,7.06
2026-07-11 00:00:00,7.09
2026-07-11 08:00:00,7.1
2026-07-11 16:00:00,6.96
2026-07-12 00:00:00,6.86
2026-07-12 08:00:00,6.94
2026-07-12 16:00:00,6.85
2026-07-13 00:00:00,6.97
2026-07-13 08:00:00,6.94
2026-07-13 16:00:00,6.88
2026-07-14 00:00:00,6.91
2026-07-14 08:00:00,7.06
2026-07-14 16:00:00,7.09
2026-07-15 00:00:00,7.0
2026-07-15 08:00:00,7.13
2026-07-15 16:00:00,7.08
2026-07-16 00:00:00,7.04
2026-07-16 08:00:00,7.03
2026-07-16 16:00:00,6.94
2026-07-17 00:00:00,6.9
2026-07-17 08:00:00,7.03
2026-07-17 16:00:00,7.04
2026-07-18 00:00:00,7.07
2026-07-18 08:00:00,7.0
2026-07-18 16:00:00,7.01
2026-07-19 00:00:00,6.97
2026-07-19 08:00:00,6.91
2026-07-19 16:00:00,6.95
2026-07-20 00:00:00,6.8
2026-07-20 08:00:00,6.94
2026-07-20 16:00:00,6.92
2026-07-21 00:00:00,7.04
2026-07-21 08:00:00,7.0
2026-07-21 16:00:00,7.0
2026-07-22 00:00:00,6.94
2026-07-22 08:00:00,7.01
2026-07-22 16:00:00,6.94
2026-07-23 00:00:00,6.91
2026-07-23 08:00:00,6.85
2026-07-23 16:00:00,6.83
2026-07-24 00:00:00,6.77
2026-07-24 08:00:00,6.66
2026-07-24 16:00:00,6.56
2026-07-25 00:00:00,6.6
2026-07-25 08:00:00,6.63
2026-07-25 16:00:00,6.7
2026-07-26 00:00:00,7.04
2026-07-26 08:00:00,6.97
2026-07-26 16:00:00,7.1
2026-07-27 00:00:00,7.0
2026-07-27 08:00:00,6.9
2026-07-27 16:00:00,6.79
2026-07-28 00:00:00,6.73
2026-07-28 08:00:00,6.78
2026-07-28 16:00:00,6.76
2026-07-29 00:00:00,6.72
2026-07-29 08:00:00,6.66
2026-07-29 16:00:00,6.68
2026-07-30 00:00:00,6.74
2026-07-30 08:00:00,6.78
2026-07-30 16:00:00,6.77
2026-07-31 00:00:00,6.67
2026-07-31 08:00:00,6.63
2026-07-31 16:00:00,6.61
2026-08-01 00:00:00,6.66
2026-08-01 08:00:00,6.58
2026-08-01 16:00:00,6.51
2026-08-02 00:00:00,6.67
2026-08-02 08:00:00,6.63
2026-08-02 16:00:00,6.62
2026-08-03 00:00:00,6.55
2026-08-03 08:00:00,6.62
2026-08-03 16:00:00,6.59
2026-08-04 00:00:00,6.61
2026-08-04 08:00:00,6.58
2026-08-04 16:00:00,6.59
2026-08-05 00:00:00,6.49
2026-08-05 08:00:00,6.44
2026-08-05 16:00:00,6.52
2026-08-06 00:00:00,6.51
2026-08-06 08:00:00,6.41
2026-08-06 16:00:00,6.5
2026-08-07 00:00:00,6.53
2026-08-07 08:00:00,6.49
2026-08-07 16:00:00,6.48
2026-08-08 00:00:00,6.52
2026-08-08 08:00:00,6.55
2026-08-08 16:00:00,6.51
2026-08-09 00:00:00,6.5
2026-08-09 08:00:00,6.53
2026-08-09 16:00:00,6.42
2026-08-10 00:00:00,6.52
2026-08-10 08:00:00,6.46
2026-08-10 16:00:00,6.4
2026-08-11 00:00:00,6.4
2026-08-11 08:00:00,6.31
2026-08-11 16:00:00,6.38
2026-08-12 00:00:00,6.33
2026-08-12 08:00:00,6.34
2026-08-12 16:00:00,6.24
2026-08-13 00:00:00,6.28
2026-08-13 08:00:00,6.23
2026-08-13 16:00:00,6.25
2026-08-14 00:00:00,6.14
2026-08-14 08:00:00,6.16
2026-08-14 16:00:00,6.22
2026-08-15 00:00:00,6.24
2026-08-15 08:00:00,6.26
2026-08-15 16:00:00,6.22
2026-08-16 00:00:00,6.17
2026-08-16 08:00:00,6.2
2026-08-16 16:00:00,6.11
2026-08-17 00:00:00,6.19
2026-08-17 08:00:00,6.19
2026-08-17 16:00:00,6.19
2026-08-18 00:00:00,6.04
2026-08-18 08:00:00,6.08
2026-08-18 16:00:00,6.08
2026-08-19 00:00:00,6.11
2026-08-19 08:00:00,6.27
2026-08-19 16:00:00,6.53
2026-08-20 00:00:00,6.6
2026-08-20 08:00:00,6.85
2026-08-20 16:00:00,6.96
2026-08-21 00:00:00,7.27
2026-08-21 08:00:00,7.48
2026-08-21 16:00:00,8.35
2026-08-22 00:00:00,8.23
2026-08-22 08:00:00,7.81
2026-08-22 16:00:00,7.9
2026-08-23 00:00:00,7.75
2026-08-23 08:00:00,7.92
2026-08-23 16:00:00,7.95
2026-08-24 00:00:00,7.72
2026-08-24 08:00:00,7.76
2026-08-24 16:00:00,7.76
2026-08-25 00:00:00,7.87
2026-08-25 08:00:00,7.92
2026-08-25 16:00:00,7.67
2026-08-26 00:00:00,7.73
2026-08-26 08:00:00,7.55
2026-08-26 16:00:00,7.88
2026-08-27 00:00:00,7.86
2026-08-27 08:00:00,7.88
2026-08-27 16:00:00,7.84
2026-08-28 00:00:00,7.72
2026-08-28 08:00:00,7.56
2026-08-28 16:00:00,7.51
2026-08-29 00:00:00,7.49
2026-08-29 08:00:00,7.55
2026-08-29 16:00:00,7.53
2026-08-30 00:00:00,7.4
2026-08-30 08:00:00,7.43
2026-08-30 16:00:00,7.19
2026-08-31 00:00:00,7.23
2026-08-31 08:00:00,7.27
2026-08-31 16:00:00,7.28
2026-09-01 00:00:00,7.35
2026-09-01 08:00:00,7.3
2026-09-01 16:00:00,7.24
2026-09-02 00:00:00,7.29
2026-09-02 08:00:00,7.24
2026-09-02 16:00:00,7.28
2026-09-03 00:00:00,7.35
2026-09-03 08:00:00,7.68
2026-09-03 16:00:00,7.59
2026-09-04 00:00:00,7.58
2026-09-04 08:00:00,7.36
2026-09-04 16:00:00,7.45
2026-09-05 00:00:00,7.7
2026-09-05 08:00:00,7.7
2026-09-05 16:00:00,7.73
2026-09-06 00:00:00,7.73
2026-09-06 08:00:00,7.72
2026-09-06 16:00:00,7.86
2026-09-07 00:00:00,7.72
2026-09-07 08:00:00,7.79
2026-09-07 16:00:00,7.9
2026-09-08 00:00:00,8.1
2026-09-08 08:00:00,8.75
2026-09-08 16:00:00,8.62
2026-09-09 00:00:00,8.4
2026-09-09 08:00:00,8.19
2026-09-09 16:00:00,8.02
2026-09-10 00:00:00,7.85
2026-09-10 08:00:00,7.71
2026-09-10 16:00:00,7.58
2026-09-11 00:00:00,7.65
2026-09-11 08:00:00,7.74
2026-09-11 16:00:00,7.58
