T,p,q,sell_agg
1789044600387,0.2093,624.0,True
1789044600534,0.2093,5888.0,True
1789044600960,0.2094,239.0,False
1789044601249,0.2094,68747.0,False
1789044601319,0.2094,380.0,True
1789044601386,0.2095,267.0,False
1789044601531,0.2095,31298.0,False
1789044601581,0.2096,152.0,False
1789044601778,0.2096,71512.0,False
1789044602037,0.2097,2414.0,False
1789044602476,0.2096,33.0,True
1789044603030,0.2096,4817.0,True
1789044603401,0.2096,2662.0,True
1789044603999,0.2096,1087.0,True
1789044604311,0.2097,930.0,False
1789044604447,0.2096,36573.0,True
1789044604468,0.2096,225491.0,False
1789044604480,0.2096,113803.0,False
1789044606015,0.2096,500.0,True
1789044606127,0.2096,425.0,True
1789044606612,0.2097,33.0,False
1789044607281,0.2096,47058.0,True
1789044607339,0.2096,37701.0,False
1789044607443,0.2096,95723.0,True
1789044607649,0.2096,34639.0,False
1789044608103,0.2096,161998.0,True
1789044609254,0.2096,1114.0,False
1789044609690,0.2096,7057.0,False
1789044609795,0.2095,28108.0,True
1789044609836,0.2096,25.0,False
1789044610006,0.2096,55.0,False
1789044610222,0.2095,11075.0,True
1789044610334,0.2094,39314.0,True
1789044610377,0.2094,179.0,False
1789044611340,0.2094,208747.0,False
1789044611907,0.2095,14292.0,False
1789044611914,0.2094,258.0,True
1789044612073,0.2094,69.0,True
1789044612453,0.2095,160.0,False
1789044613118,0.2095,308.0,False
1789044613822,0.2095,9546.0,False
1789044613935,0.2094,34.0,True
1789044614150,0.2094,47307.0,True
1789044614190,0.2094,117862.0,False
1789044614316,0.2095,352.0,False
1789044614764,0.2095,451.0,False
1789044615040,0.2095,372.0,False
1789044615321,0.2094,2518.0,True
1789044615370,0.2095,138021.0,False
1789044615469,0.2096,4675.0,False
1789044615571,0.2096,95.0,False
1789044615676,0.2096,158.0,False
1789044615874,0.2096,47.0,False
1789044616687,0.2096,174.0,False
1789044616913,0.2095,53877.0,True
1789044616921,0.2094,24284.0,True
1789044616934,0.2095,61.0,False
1789044617166,0.2095,75.0,False
1789044617682,0.2094,578.0,True
1789044618938,0.2095,19817.0,False
1789044618994,0.2094,47.0,True
1789044620046,0.2095,1028.0,False
1789044620095,0.2094,27926.0,True
1789044620536,0.2093,45.0,True
1789044620633,0.2094,2387.0,False
1789044620794,0.2094,30273.0,False
1789044620886,0.2094,66.0,True
1789044621314,0.2095,1274.0,False
1789044623414,0.2094,29693.0,True
1789044623695,0.2094,248.0,True
1789044623702,0.2095,38.0,False
1789044623721,0.2094,2597.0,True
1789044623891,0.2094,595.0,True
1789044623988,0.2095,3711.0,False
1789044624121,0.2095,501.0,False
1789044624126,0.2094,2593.0,True
1789044624272,0.2094,139.0,True
1789044624346,0.2095,97832.0,False
1789044624514,0.2095,289.0,True
1789044624840,0.2095,53.0,True
1789044625035,0.2095,16431.0,True
1789044625058,0.2095,30697.0,False
1789044626038,0.2094,68.0,True
1789044626533,0.2094,5610.0,True
1789044626641,0.2094,19406.0,True
1789044626657,0.2093,117.0,True
1789044626685,0.2094,12321.0,False
1789044626704,0.2094,315.0,True
1789044627064,0.2095,280.0,False
1789044627973,0.2095,25.0,False
1789044628774,0.2095,11866.0,False
1789044629754,0.2094,190.0,True
1789044630712,0.2094,3021.0,True
1789044631405,0.2095,719.0,False
1789044632018,0.2095,17949.0,False
1789044633034,0.2095,257.0,False
1789044633564,0.2094,34.0,True
1789044634036,0.2095,47.0,False
1789044634145,0.2095,483.0,False
1789044634840,0.2095,57.0,False
1789044635868,0.2095,317.0,False
1789044636056,0.2094,19994.0,True
1789044636377,0.2093,16719.0,True
1789044636570,0.2094,47110.0,False
1789044636624,0.2094,2482.0,True
1789044636847,0.2094,66.0,False
1789044637144,0.2094,31.0,False
1789044637865,0.2094,35.0,False
1789044638245,0.2094,3695.0,False
1789044638526,0.2094,4869.0,False
1789044638582,0.2093,7385.0,True
1789044639804,0.2093,76.0,True
1789044639993,0.2093,272.0,True
1789044641846,0.2094,2000.0,False
1789044641951,0.2094,1425.0,False
1789044642616,0.2094,500.0,False
1789044642762,0.2094,238.0,False
1789044643128,0.2093,47573.0,True
1789044643466,0.2094,757.0,False
1789044643486,0.2093,43.0,True
1789044643515,0.2094,274.0,False
1789044643706,0.2094,4775.0,False
1789044644368,0.2094,4496.0,False
1789044644396,0.2093,57.0,True
1789044644656,0.2094,47755.0,False
1789044645657,0.2093,77.0,True
1789044645816,0.2094,446.0,False
1789044645974,0.2094,4864.0,False
1789044646650,0.2094,875.0,False
1789044647525,0.2093,41.0,True
1789044647633,0.2094,12298.0,False
1789044647824,0.2094,264.0,False
1789044648022,0.2094,710.0,False
1789044648049,0.2093,2407.0,True
1789044648589,0.2093,9730.0,True
1789044648942,0.2094,295.0,False
1789044650103,0.2094,1260.0,False
1789044650897,0.2094,369.0,False
1789044651204,0.2094,51491.0,False
1789044651205,0.2095,95.0,False
1789044651503,0.2095,52278.0,False
1789044651826,0.2096,65.0,False
1789044652248,0.2096,24.0,False
1789044652605,0.2096,14960.0,False
1789044653109,0.2096,650.0,False
1789044654036,0.2095,1603.0,True
1789044655178,0.2096,341.0,False
1789044655898,0.2096,507.0,False
1789044656242,0.2096,14390.0,False
1789044656675,0.2097,19872.0,False
1789044656924,0.2097,55.0,False
1789044657267,0.2097,789.0,False
1789044657366,0.2096,70.0,True
1789044658164,0.2097,778.0,False
1789044658325,0.2097,71906.0,False
1789044659633,0.2098,300.0,False
1789044660040,0.2097,39130.0,True
1789044660700,0.2097,572.0,True
1789044660819,0.2098,3995.0,False
1789044660958,0.2097,37034.0,True
1789044661091,0.2097,5204.0,False
1789044661366,0.2097,208.0,False
1789044662042,0.2097,96.0,False
1789044662546,0.2096,257.0,True
1789044663134,0.2097,1647.0,False
1789044663240,0.2097,66743.0,False
1789044663481,0.2097,1453.0,True
1789044663555,0.2098,2735.0,False
1789044663754,0.2098,5159.0,False
1789044663895,0.2097,50.0,True
1789044664058,0.2097,1000.0,True
1789044664757,0.2097,3182.0,True
1789044665013,0.2098,94.0,False
1789044665710,0.2097,56574.0,True
1789044665750,0.2097,194.0,False
1789044666039,0.2096,711.0,True
1789044667606,0.2097,7020.0,False
1789044667712,0.2096,1690.0,True
1789044667741,0.2097,517.0,False
1789044668590,0.2096,169.0,True
1789044668858,0.2097,445.0,False
1789044668908,0.2096,32.0,True
1789044669069,0.2096,40029.0,True
1789044669498,0.2096,11333.0,False
1789044670407,0.2097,1544.0,False
1789044670801,0.2097,106.0,False
1789044671616,0.2096,99.0,True
1789044671718,0.2096,82.0,True
1789044671820,0.2096,71.0,True
1789044671945,0.2097,1310.0,False
1789044672183,0.2097,95.0,False
1789044672613,0.2097,59548.0,False
1789044673713,0.2096,44134.0,True
1789044673988,0.2096,1701.0,False
1789044674345,0.2095,30.0,True
1789044674503,0.2095,147.0,True
1789044674903,0.2096,3888.0,False
1789044675312,0.2096,1230.0,False
1789044675454,0.2096,317.0,False
1789044675485,0.2095,76.0,True
1789044675649,0.2095,47.0,True
1789044675947,0.2095,50.0,True
1789044676165,0.2096,83.0,False
1789044676928,0.2096,66795.0,False
1789044676940,0.2096,24.0,True
1789044677092,0.2097,55.0,False
1789044677366,0.2096,76.0,True
1789044677954,0.2097,1191.0,False
1789044677981,0.2096,32.0,True
1789044678118,0.2096,30.0,True
1789044678347,0.2097,4770.0,False
1789044678386,0.2096,82.0,True
1789044678547,0.2097,63.0,False
1789044679330,0.2097,72.0,False
1789044679625,0.2097,1351.0,False
1789044679722,0.2096,750.0,True
1789044680549,0.2096,51.0,True
1789044681422,0.2096,76.0,True
1789044681703,0.2097,60.0,False
1789044681972,0.2096,265.0,True
1789044682370,0.2096,353.0,True
1789044682667,0.2096,159700.0,True
1789044682740,0.2096,53512.0,False
1789044682858,0.2097,70.0,False
1789044684154,0.2097,817.0,False
1789044684629,0.2096,28747.0,True
1789044684837,0.2096,106.0,False
1789044684991,0.2096,31068.0,False
1789044685412,0.2096,605.0,False
1789044685611,0.2096,61.0,True
1789044685938,0.2096,17051.0,True
1789044686554,0.2096,296819.0,False
1789044686868,0.2095,42.0,True
1789044687009,0.2096,1191.0,False
1789044687070,0.2095,103038.0,True
1789044687092,0.2094,2894.0,True
1789044687416,0.2094,1827.0,True
1789044688475,0.2094,2771.0,True
1789044688713,0.2094,5531.0,True
1789044688991,0.2095,16982.0,False
1789044689423,0.2095,2395.0,True
1789044690122,0.2095,16466.0,True
1789044690877,0.2094,87.0,True
1789044691099,0.2094,27352.0,True
1789044691578,0.2094,28660.0,False
1789044692333,0.2095,14591.0,False
1789044692889,0.2095,477.0,False
1789044693101,0.2094,681.0,True
1789044693411,0.2095,1901.0,False
1789044693797,0.2094,26.0,True
1789044693872,0.2095,1076.0,False
1789044693913,0.2094,30.0,True
1789044694768,0.2094,36.0,True
1789044695108,0.2095,216.0,False
1789044695567,0.2094,94.0,True
1789044695662,0.2095,39.0,False
1789044697592,0.2095,368.0,False
1789044697849,0.2094,1197.0,True
1789044698264,0.2095,4878.0,False
1789044698891,0.2095,24254.0,False
1789044699176,0.2095,950.0,True
1789044699558,0.2096,4413.0,False
1789044699761,0.2095,22120.0,True
1789044700018,0.2095,9274.0,False
1789044700117,0.2096,299.0,False
1789044700599,0.2095,10601.0,True
1789044700734,0.2095,12550.0,True
1789044701128,0.2096,9541.0,False
1789044701581,0.2096,376.0,False
1789044702145,0.2096,448.0,False
1789044702444,0.2096,52675.0,False
1789044703908,0.2097,80.0,False
1789044704064,0.2096,3953.0,True
1789044704162,0.2097,427.0,False
1789044704308,0.2097,67.0,False
1789044704401,0.2096,6509.0,True
1789044704586,0.2096,33.0,True
1789044704742,0.2097,228.0,False
1789044705088,0.2097,65.0,False
1789044705226,0.2097,374.0,False
1789044705321,0.2096,2851.0,True
1789044705457,0.2096,18606.0,True
1789044706500,0.2096,2554.0,True
1789044707459,0.2097,63.0,False
1789044707888,0.2097,31.0,False
1789044708027,0.2096,212.0,True
1789044709171,0.2096,32571.0,True
1789044709395,0.2095,55.0,True
1789044710199,0.2095,47.0,True
1789044712806,0.2096,215.0,False
1789044713722,0.2096,11965.0,False
1789044714043,0.2095,141.0,True
1789044714076,0.2096,57136.0,False
1789044714294,0.2097,9798.0,False
1789044715795,0.2096,18462.0,True
1789044716444,0.2096,4496.0,False
1789044717239,0.2095,6100.0,True
1789044717665,0.2096,28.0,False
1789044718039,0.2096,47.0,False
1789044719022,0.2095,7884.0,True
1789044719300,0.2095,60972.0,True
1789044719493,0.2095,1324.0,False
1789044720029,0.2095,94.0,True
1789044720518,0.2095,24379.0,True
1789044721297,0.2095,422.0,False
1789044721574,0.2095,419.0,False
1789044721727,0.2094,222.0,True
1789044721801,0.2095,107.0,False
1789044722452,0.2094,44.0,True
1789044723218,0.2095,1917.0,False
1789044723325,0.2094,36.0,True
1789044724258,0.2094,48288.0,True
1789044724418,0.2094,14663.0,False
1789044725586,0.2093,40.0,True
1789044726028,0.2093,109.0,True
1789044726535,0.2093,47.0,True
1789044726819,0.2094,14.0,False
1789044727020,0.2093,58510.0,True
1789044727130,0.2094,28.0,False
1789044727535,0.2093,47.0,True
1789044727712,0.2093,148.0,True
1789044728037,0.2093,47.0,True
1789044728534,0.2093,534.0,True
1789044728567,0.2094,1028.0,False
1789044728665,0.2093,227257.0,True
1789044728773,0.2093,175.0,False
1789044730291,0.2093,637.0,False
1789044730934,0.2093,500.0,False
1789044731108,0.2092,51017.0,True
1789044731303,0.2092,17196.0,False
1789044731584,0.2092,31.0,True
1789044731679,0.2093,38.0,False
1789044731784,0.2092,59548.0,True
1789044732254,0.2093,429.0,False
1789044733725,0.2092,937.0,True
1789044734207,0.2093,1047.0,False
1789044734300,0.2092,716.0,True
1789044735626,0.2092,14354.0,True
1789044736450,0.2092,27.0,True
1789044737566,0.2093,174564.0,False
1789044738079,0.2093,67.0,False
1789044738246,0.2093,588.0,False
1789044738469,0.2093,99.0,False
1789044738947,0.2093,480.0,False
1789044739105,0.2092,102.0,True
1789044739436,0.2093,24.0,False
1789044739999,0.2092,27518.0,True
1789044740190,0.2091,3445.0,True
1789044740324,0.2092,350.0,False
1789044741159,0.2092,145.0,False
1789044741228,0.2091,48.0,True
1789044741596,0.2091,41227.0,True
1789044741862,0.2091,80.0,True
1789044743233,0.2091,55145.0,True
1789044743238,0.2091,14252.0,False
1789044743891,0.2091,631.0,False
1789044744081,0.2091,478.0,False
1789044744115,0.209,5981.0,True
1789044744595,0.209,4780.0,True
1789044744887,0.209,4091.0,True
1789044744979,0.2091,27.0,False
1789044746074,0.209,37547.0,True
1789044746114,0.2091,478.0,False
1789044746645,0.2091,25236.0,False
1789044746994,0.2092,5960.0,False
1789044748022,0.2091,47340.0,True
1789044748133,0.2091,72.0,True
1789044749020,0.2091,102704.0,True
1789044749397,0.209,97014.0,True
1789044749559,0.209,15193.0,False
1789044749569,0.209,45.0,True
1789044749698,0.2091,28.0,False
1789044750131,0.209,165.0,True
1789044753870,0.2091,47.0,False
1789044754412,0.2091,3595.0,False
1789044754420,0.209,165.0,True
1789044754663,0.2091,55662.0,False
1789044754676,0.2092,463.0,False
1789044754940,0.2092,105402.0,False
1789044754995,0.2092,12644.0,True
1789044755423,0.2091,24626.0,True
1789044756480,0.209,175.0,True
1789044756619,0.209,77197.0,True
1789044757752,0.2089,230.0,True
1789044758198,0.2089,1970.0,True
1789044758910,0.209,239.0,False
1789044760342,0.209,3519.0,False
1789044760981,0.2091,100.0,False
1789044761311,0.209,28.0,True
1789044762159,0.209,28229.0,True
1789044762655,0.2091,383.0,False
1789044763070,0.209,11108.0,True
1789044763947,0.2091,10773.0,False
1789044763949,0.2092,463.0,False
1789044764216,0.2092,30048.0,False
1789044764521,0.2092,388.0,False
1789044764928,0.2092,480.0,False
1789044765095,0.2092,134737.0,False
1789044766081,0.2092,20939.0,False
1789044766127,0.2092,2055.0,True
1789044766951,0.2091,49497.0,True
1789044767660,0.2091,38.0,False
1789044769353,0.209,4722.0,True
1789044769939,0.209,2000.0,True
1789044770929,0.2091,644.0,False
1789044771425,0.209,964.0,True
1789044771724,0.209,41972.0,True
1789044771739,0.209,59076.0,False
1789044772303,0.209,2311.0,True
1789044772304,0.2091,50.0,False
1789044772305,0.209,20510.0,True
1789044772538,0.209,170020.0,False
1789044773228,0.209,26023.0,True
1789044773608,0.209,126.0,False
1789044773621,0.209,44529.0,True
1789044774364,0.209,15000.0,False
1789044774795,0.209,1215.0,False
1789044775086,0.209,24.0,True
1789044775268,0.2091,1411.0,False
1789044775747,0.209,17956.0,True
1789044776207,0.2091,137.0,False
1789044776686,0.209,26792.0,True
1789044777736,0.209,76478.0,True
1789044778294,0.209,904.0,True
1789044780120,0.209,595.0,True
1789044780467,0.2091,378.0,False
1789044780551,0.209,17949.0,True
1789044780662,0.2089,217.0,True
1789044780996,0.2089,28028.0,True
1789044781426,0.209,56.0,False
1789044781456,0.2089,10589.0,True
1789044781499,0.2089,207.0,False
1789044782333,0.2089,21109.0,False
1789044782831,0.2089,4516.0,True
1789044782935,0.209,27.0,False
1789044784441,0.2089,330.0,True
1789044784521,0.209,57673.0,False
1789044784532,0.2091,1920.0,False
1789044786327,0.2091,382.0,False
1789044786725,0.209,1000.0,True
1789044787005,0.209,400.0,True
1789044787379,0.2091,143.0,False
1789044788085,0.2091,76.0,False
1789044788202,0.2091,18886.0,False
1789044788206,0.2092,463.0,False
1789044788455,0.2091,807.0,True
1789044788518,0.2092,73.0,False
1789044789096,0.2091,29.0,True
1789044789806,0.2092,158.0,False
1789044789996,0.2092,502.0,False
1789044790919,0.2091,16595.0,True
1789044791454,0.209,35782.0,True
1789044791838,0.2089,3708.0,True
1789044792352,0.209,4977.0,False
1789044792942,0.2089,24.0,True
1789044793054,0.2089,87.0,True
1789044794243,0.209,27.0,False
1789044794838,0.2089,36.0,True
1789044794872,0.209,75.0,False
1789044796588,0.209,313.0,False
1789044796792,0.209,48.0,False
1789044797417,0.2089,400.0,True
1789044797595,0.2089,1350.0,True
1789044797759,0.209,109.0,False
1789044797878,0.2089,29269.0,True
1789044797926,0.2089,4826.0,False
1789044798043,0.2089,7481.0,False
1789044799038,0.209,14340.0,False
1789044799342,0.209,3174.0,False
1789044800444,0.2089,47.0,True
1789044800607,0.209,35.0,False
1789044800878,0.2089,6662.0,True
1789044801156,0.2089,11891.0,False
1789044801558,0.2089,81.0,True
1789044801624,0.209,1000.0,False
1789044802956,0.209,1045.0,False
1789044803039,0.2089,21817.0,True
1789044803656,0.2089,39.0,False
1789044804726,0.2088,174.0,True
1789044804860,0.2088,4035.0,True
1789044804868,0.2089,70.0,False
1789044805892,0.2088,500.0,True
1789044807350,0.2088,32653.0,True
1789044807769,0.2089,50.0,False
1789044808625,0.2088,400.0,True
1789044808928,0.2089,247.0,False
1789044810210,0.2088,1188.0,True
1789044810584,0.2088,36628.0,True
1789044810664,0.2087,33839.0,True
1789044810848,0.2088,145.0,False
1789044810904,0.2087,1254.0,True
1789044811626,0.2087,17035.0,True
1789044811638,0.2086,799.0,True
1789044812404,0.2087,4436.0,False
1789044812944,0.2086,1141.0,True
1789044814340,0.2086,1938.0,True
1789044814466,0.2087,35000.0,False
1789044814788,0.2087,24.0,False
1789044814923,0.2087,27.0,False
1789044814975,0.2086,13207.0,True
1789044815150,0.2086,86164.0,False
1789044815155,0.2087,53.0,False
1789044815851,0.2087,95.0,False
1789044816038,0.2086,4392.0,True
1789044816403,0.2086,221.0,True
1789044816762,0.2086,221.0,True
1789044816956,0.2087,50.0,False
1789044817276,0.2086,24246.0,True
1789044817514,0.2086,410.0,False
1789044817554,0.2086,1059.0,True
1789044817882,0.2087,7827.0,False
1789044818052,0.2087,16805.0,False
1789044818268,0.2087,73.0,True
1789044818885,0.2088,27404.0,False
1789044819111,0.2088,73225.0,True
1789044819117,0.2087,7584.0,True
1789044819285,0.2087,19907.0,True
1789044819393,0.2087,478.0,False
1789044819475,0.2086,47732.0,True
1789044820630,0.2086,23316.0,True
1789044821042,0.2085,17045.0,True
1789044821476,0.2085,200.0,True
1789044821973,0.2086,43329.0,False
1789044822269,0.2086,73.0,True
1789044824241,0.2087,14627.0,False
1789044824308,0.2087,30.0,True
1789044824686,0.2088,24545.0,False
1789044824865,0.2088,27.0,True
1789044825149,0.2088,60.0,True
1789044825257,0.2088,60.0,True
1789044825371,0.2088,60.0,True
1789044825479,0.2088,60.0,True
1789044825593,0.2088,60.0,True
1789044825705,0.2088,60.0,True
1789044826217,0.2089,62.0,False
1789044826671,0.2088,481.0,True
1789044826774,0.2088,3477.0,True
1789044827135,0.2088,60.0,True
1789044827393,0.2089,79.0,False
1789044827483,0.2088,42746.0,True
1789044828060,0.2089,155.0,False
1789044828227,0.2088,6665.0,True
1789044828678,0.2088,473.0,False
1789044828844,0.2087,46456.0,True
1789044829079,0.2088,27.0,False
1789044829601,0.2087,299036.0,True
1789044829603,0.2086,41606.0,True
1789044829606,0.2086,109768.0,False
1789044829706,0.2086,105.0,True
1789044830069,0.2086,8.0,True
1789044830228,0.2086,79814.0,True
1789044831335,0.2086,40853.0,True
1789044831542,0.2085,52.0,True
1789044832133,0.2086,11210.0,False
1789044833185,0.2085,63.0,True
1789044833541,0.2085,42151.0,True
1789044833858,0.2085,2096.0,False
1789044834354,0.2085,78.0,False
1789044834798,0.2084,12426.0,True
1789044835042,0.2085,125651.0,False
1789044835200,0.2085,12637.0,True
1789044836167,0.2085,4566.0,False
1789044836262,0.2084,4692.0,True
1789044836429,0.2085,62.0,False
1789044836883,0.2085,5947.0,False
1789044837112,0.2085,25.0,False
1789044838147,0.2085,4229.0,False
1789044838442,0.2084,20397.0,True
1789044838445,0.2085,288.0,False
1789044838446,0.2084,23693.0,True
1789044838596,0.2084,8578.0,False
1789044838825,0.2084,17720.0,False
1789044839181,0.2084,42964.0,False
1789044839490,0.2084,7423.0,True
1789044839636,0.2084,646.0,True
1789044839665,0.2085,7512.0,False
1789044839825,0.2084,227925.0,True
1789044840088,0.2084,225.0,True
1789044840242,0.2084,35997.0,False
1789044840716,0.2084,7309.0,False
1789044840951,0.2084,738.0,False
1789044841764,0.2084,3856.0,False
1789044842073,0.2084,480.0,False
1789044842271,0.2084,25536.0,False
1789044842828,0.2084,14679.0,False
1789044842954,0.2085,250.0,False
1789044843355,0.2084,4844.0,True
1789044843358,0.2085,313812.0,False
1789044843456,0.2086,21507.0,False
1789044844022,0.2085,267.0,True
1789044844439,0.2085,661.0,True
1789044844716,0.2086,24.0,False
1789044845178,0.2086,47.0,False
1789044845722,0.2085,19223.0,True
1789044845934,0.2086,24.0,False
1789044846155,0.2085,91.0,True
1789044846301,0.2085,60.0,True
1789044846415,0.2085,60.0,True
1789044846529,0.2085,13.0,True
1789044846709,0.2086,96.0,False
1789044846957,0.2086,466.0,False
1789044847086,0.2086,17772.0,False
1789044847318,0.2087,475.0,False
1789044847558,0.2087,56.0,False
1789044848368,0.2087,61.0,False
1789044848740,0.2087,3334.0,False
1789044848981,0.2087,246.0,False
1789044849621,0.2086,34.0,True
1789044849741,0.2087,92.0,False
1789044849946,0.2087,381.0,False
1789044850034,0.2086,75.0,True
1789044850096,0.2087,275.0,False
1789044850256,0.2086,14543.0,True
1789044851089,0.2085,98.0,True
1789044851098,0.2086,230.0,False
1789044851415,0.2085,31.0,True
1789044851531,0.2085,33228.0,True
1789044851539,0.2084,161146.0,True
1789044851545,0.2083,70868.0,True
1789044851606,0.2082,682.0,True
1789044851618,0.2083,958.0,False
1789044851715,0.2082,42185.0,True
1789044851791,0.2081,408.0,True
1789044851834,0.2082,154938.0,False
1789044851938,0.2082,123.0,True
1789044851947,0.2083,100264.0,False
1789044852115,0.2083,111.0,True
1789044852334,0.2083,197567.0,True
1789044852343,0.2083,120443.0,False
1789044852370,0.2083,38171.0,True
1789044852458,0.2082,3310.0,True
1789044852764,0.2083,66414.0,False
1789044852813,0.2084,183.0,False
1789044853154,0.2083,110.0,True
1789044853968,0.2084,69.0,False
1789044854191,0.2083,83.0,True
1789044854268,0.2084,7599.0,False
1789044854496,0.2084,22808.0,False
1789044855239,0.2085,8149.0,False
1789044855268,0.2084,47.0,True
1789044855444,0.2084,2901.0,True
1789044856373,0.2084,117.0,False
1789044856456,0.2083,71.0,True
1789044856670,0.2084,70.0,False
1789044856975,0.2084,62.0,False
1789044857505,0.2083,95.0,True
1789044858573,0.2083,111.0,True
1789044859305,0.2083,4800.0,True
1789044859375,0.2084,7699.0,False
1789044859591,0.2084,64.0,True
1789044859771,0.2084,38.0,True
1789044860286,0.2085,10988.0,False
1789044860692,0.2085,106.0,True
1789044861375,0.2086,4833.0,False
1789044861614,0.2085,74.0,True
1789044861927,0.2086,500.0,False
1789044862130,0.2086,239.0,False
1789044862397,0.2085,46.0,True
1789044862747,0.2085,48.0,True
1789044863684,0.2086,276.0,False
1789044863873,0.2085,101.0,True
1789044864067,0.2086,427.0,False
1789044864923,0.2085,114.0,True
1789044865067,0.2085,8096.0,True
1789044865199,0.2084,56.0,True
1789044865807,0.2085,3522.0,False
1789044865853,0.2085,35.0,True
1789044866195,0.2085,94.0,True
1789044867268,0.2085,74.0,True
1789044868406,0.2085,50.0,True
1789044869366,0.2085,110.0,True
1789044870515,0.2085,101.0,True
1789044871084,0.2085,9630.0,True
1789044871677,0.2084,101.0,True
1789044872783,0.2084,114.0,True
1789044873222,0.2084,53.0,True
1789044873310,0.2085,3918.0,False
1789044873953,0.2085,58.0,True
1789044875032,0.2085,106.0,True
1789044875666,0.2086,38.0,False
1789044876042,0.2085,68.0,True
1789044876162,0.2086,4782.0,False
1789044876375,0.2085,599.0,True
1789044877142,0.2085,74.0,True
1789044877887,0.2085,1732.0,True
1789044878201,0.2086,399.0,False
1789044878284,0.2085,108.0,True
1789044878987,0.2086,1893.0,False
1789044879272,0.2086,85128.0,False
1789044879335,0.2086,128.0,True
1789044880043,0.2086,8319.0,True
1789044880056,0.2086,77.0,False
1789044880255,0.2085,508.0,True
1789044880459,0.2085,61.0,True
1789044881399,0.2085,49.0,True
1789044882176,0.2086,46.0,False
1789044882331,0.2085,94.0,True
1789044882388,0.2086,291.0,False
1789044883318,0.2085,60.0,True
1789044883579,0.2086,799.0,False
1789044883691,0.2086,458.0,False
1789044884230,0.2085,3151.0,True
1789044884343,0.2085,114.0,True
1789044884657,0.2085,59763.0,True
1789044884886,0.2085,86.0,False
1789044885413,0.2084,116.0,True
1789044885517,0.2085,3496.0,False
1789044885561,0.2085,150.0,True
1789044885819,0.2085,3182.0,False
1789044886201,0.2085,47.0,False
1789044886727,0.2084,105.0,True
1789044887667,0.2084,987.0,True
1789044887789,0.2084,62.0,True
1789044888188,0.2084,21237.0,True
1789044888199,0.2084,234107.0,False
1789044888301,0.2085,2524.0,False
1789044888821,0.2084,86.0,True
1789044889921,0.2084,114.0,True
1789044890992,0.2084,65.0,True
1789044891210,0.2085,100.0,False
1789044891569,0.2085,1000.0,False
1789044892135,0.2084,44.0,True
1789044893207,0.2084,80.0,True
1789044893461,0.2085,373.0,False
1789044893799,0.2085,16224.0,False
1789044894281,0.2084,39984.0,True
1789044894323,0.2083,82.0,True
1789044894634,0.2083,14430.0,True
1789044895327,0.2082,63.0,True
1789044896388,0.2082,74.0,True
1789044897469,0.2082,46.0,True
1789044898533,0.2082,79.0,True
1789044898571,0.2083,79439.0,False
1789044899523,0.2083,89.0,False
1789044899556,0.2082,56.0,True
1789044899618,0.2083,18556.0,False
1789044899895,0.2082,17426.0,True
1789044900124,0.2082,264.0,True
1789044900697,0.2082,78.0,True
1789044901005,0.2082,14409.0,True
1789044901139,0.2082,41.0,True
1789044901777,0.2082,82.0,True
1789044901974,0.2082,3523.0,True
1789044902084,0.2083,100.0,False
1789044902606,0.2083,235.0,False
1789044902957,0.2083,704.0,False
1789044902987,0.2082,59.0,True
1789044903748,0.2083,360.0,False
1789044904037,0.2082,3680.0,True
1789044904225,0.2082,41634.0,True
1789044904380,0.2082,54.0,False
1789044904488,0.2082,960.0,False
1789044904680,0.2082,1777.0,False
1789044905167,0.2081,52.0,True
1789044905477,0.2082,17291.0,False
1789044906180,0.2083,12690.0,False
1789044906234,0.2083,72.0,True
1789044907030,0.2083,240.0,True
1789044907294,0.2083,15286.0,True
1789044907677,0.2082,24022.0,True
1789044907935,0.2082,2207.0,False
1789044908270,0.2083,50.0,False
1789044908379,0.2082,57.0,True
1789044909196,0.2083,79.0,False
1789044909419,0.2082,59.0,True
1789044909731,0.2083,50000.0,False
1789044910354,0.2082,116.0,True
1789044911333,0.2083,1249.0,False
1789044911503,0.2082,100.0,True
1789044911661,0.2083,39.0,False
1789044911924,0.2082,2151.0,True
1789044912420,0.2081,40.0,True
1789044913079,0.2081,6869.0,True
1789044913346,0.208,11985.0,True
1789044913348,0.2081,249.0,False
1789044913643,0.208,38648.0,True
1789044913676,0.208,773.0,False
1789044913940,0.208,3377.0,False
1789044914057,0.208,74867.0,True
1789044914583,0.208,43.0,True
1789044915170,0.208,9165.0,True
1789044915195,0.208,940.0,False
1789044915510,0.2079,43.0,True
1789044915615,0.2079,42.0,True
1789044915859,0.208,18272.0,False
1789044916038,0.208,3514.0,True
1789044916340,0.2081,10945.0,False
1789044916599,0.2081,5003.0,True
1789044916740,0.208,18360.0,True
1789044916843,0.208,237394.0,True
1789044916860,0.2079,62786.0,True
1789044916862,0.208,576.0,True
1789044917053,0.2081,121.0,False
1789044917428,0.2081,62.0,False
1789044917786,0.208,101.0,True
1789044917898,0.2081,288.0,False
1789044918746,0.2081,25946.0,False
1789044918893,0.2081,100.0,True
1789044919957,0.2081,62.0,True
1789044920010,0.2082,144.0,False
1789044920395,0.2082,25129.0,False
1789044920685,0.2081,3470.0,True
1789044921137,0.2081,45.0,True
1789044921188,0.2082,1529.0,False
1789044921411,0.2083,60.0,False
1789044921515,0.2082,38.0,True
1789044921617,0.2083,5840.0,False
1789044921720,0.2083,2.0,False
1789044922193,0.2082,67.0,True
1789044922463,0.2082,7840.0,True
1789044922490,0.2082,66.0,False
1789044923309,0.2081,5974.0,True
1789044923378,0.2081,10673.0,False
1789044923380,0.208,83.0,True
1789044923407,0.2081,6929.0,False
1789044924114,0.2081,95.0,True
1789044924346,0.2081,75.0,True
1789044924637,0.2081,31.0,True
1789044924847,0.2081,4917.0,True
1789044924863,0.208,429.0,True
1789044925009,0.208,3295.0,True
1789044925433,0.208,84.0,True
1789044925701,0.208,900.0,True
1789044926130,0.208,11795.0,True
1789044926413,0.208,57.0,True
1789044926859,0.208,32.0,True
1789044927038,0.208,3451.0,True
1789044927226,0.208,8416.0,True
1789044927270,0.2081,8649.0,False
1789044927427,0.208,53.0,True
1789044927895,0.208,2133.0,True
1789044928037,0.208,36391.0,True
1789044928485,0.2079,100.0,True
1789044929097,0.2079,480.0,True
1789044929461,0.2079,72.0,True
1789044930437,0.2079,100.0,True
1789044930543,0.208,23255.0,False
1789044930639,0.2081,17566.0,False
1789044930642,0.2082,1060.0,False
1789044931001,0.2081,481.0,True
1789044931179,0.2081,6004.0,True
1789044931382,0.2081,2140.0,False
1789044931411,0.208,74.0,True
1789044931666,0.2081,240.0,False
1789044932015,0.208,39744.0,True
1789044932347,0.208,43.0,True
1789044932549,0.208,39367.0,True
1789044932730,0.2079,3948.0,True
1789044933338,0.2079,78.0,True
1789044934234,0.2079,19833.0,True
1789044934360,0.2078,58.0,True
1789044934361,0.2079,29.0,False
1789044934748,0.2079,43.0,False
1789044934936,0.2079,808.0,False
1789044935452,0.2078,95.0,True
1789044935631,0.2079,1465.0,False
1789044935655,0.208,53.0,False
1789044935754,0.2079,551.0,True
1789044936464,0.208,281.0,False
1789044936517,0.2079,78.0,True
1789044936737,0.2079,48028.0,True
1789044937452,0.2079,52.0,True
1789044937800,0.2079,3916.0,True
1789044938422,0.2078,774.0,True
1789044939581,0.2078,104.0,True
1789044939946,0.2078,5694.0,True
1789044939958,0.2078,316.0,False
1789044940346,0.2078,937.0,False
1789044940357,0.2077,6067.0,True
1789044940358,0.2078,822.0,False
1789044940450,0.2077,61550.0,True
1789044940488,0.2076,35.0,True
1789044940513,0.2077,16039.0,False
1789044940681,0.2077,6463.0,True
1789044940753,0.2077,215943.0,False
1789044940754,0.2077,5980.0,True
1789044940762,0.2078,3174.0,False
1789044940983,0.2078,36344.0,False
1789044941333,0.2078,300.0,True
1789044941356,0.2079,33.0,False
1789044941453,0.2078,12089.0,True
1789044941905,0.2078,1386.0,True
1789044941959,0.2078,13683.0,False
1789044942097,0.2078,5618.0,True
1789044942423,0.2078,1575.0,True
1789044943280,0.2079,8851.0,False
1789044943448,0.2079,240.0,False
1789044943499,0.2078,83.0,True
1789044943823,0.2079,14385.0,False
1789044943934,0.208,240.0,False
1789044944567,0.2079,104.0,True
1789044944878,0.208,200.0,False
1789044945209,0.2079,3637.0,True
1789044945510,0.2079,740.0,False
1789044945531,0.2079,23491.0,True
1789044945615,0.2078,19016.0,True
1789044946643,0.2078,43.0,True
1789044947620,0.2078,78.0,True
1789044947681,0.2079,4257.0,False
1789044948341,0.208,378.0,False
1789044948621,0.2079,72.0,True
1789044948732,0.208,7682.0,False
1789044949179,0.2079,529.0,True
1789044949493,0.2079,526.0,True
1789044949718,0.2079,99.0,True
1789044949783,0.208,4420.0,False
1789044950433,0.208,53.0,False
1789044950585,0.208,15248.0,False
1789044950811,0.208,1633.0,True
1789044950827,0.2079,47.0,True
1789044950938,0.208,60.0,False
1789044951878,0.2079,77.0,True
1789044952163,0.208,5037.0,False
1789044952370,0.2081,38.0,False
1789044952885,0.208,42.0,True
1789044953597,0.2081,38859.0,False
1789044953725,0.2082,30.0,False
1789044953909,0.2081,106.0,True
1789044954691,0.2082,158.0,False
1789044954911,0.2081,89.0,True
1789044954939,0.2082,614.0,False
1789044955871,0.2081,90.0,True
1789044956865,0.2082,90.0,False
1789044956931,0.2081,42.0,True
1789044957859,0.2081,84.0,True
1789044958410,0.2081,118495.0,True
1789044958837,0.208,96.0,True
1789044958868,0.2081,30.0,False
1789044958990,0.2081,5707.0,False
1789044959710,0.2081,76.0,False
1789044959900,0.208,110490.0,True
1789044960057,0.208,15596.0,True
1789044960509,0.2079,29.0,True
1789044960906,0.2079,43.0,True
1789044961049,0.2079,15662.0,True
1789044961216,0.2079,1687.0,True
1789044961292,0.2078,36.0,True
1789044961317,0.2079,50.0,False
1789044961655,0.2078,33627.0,True
1789044961740,0.2078,2077.0,False
1789044962051,0.2078,50.0,True
1789044962233,0.2079,144.0,False
1789044962308,0.2078,63135.0,True
1789044962638,0.2078,108.0,False
1789044962835,0.2078,46.0,False
1789044963078,0.2077,97.0,True
1789044963260,0.2078,57045.0,False
1789044963263,0.2079,82440.0,False
1789044963306,0.208,96.0,False
1789044963713,0.208,111.0,False
1789044963892,0.208,17468.0,False
1789044964076,0.208,2498.0,True
1789044964629,0.2081,678.0,False
1789044965153,0.208,81.0,True
1789044966248,0.208,82.0,True
1789044966918,0.2081,3674.0,False
1789044967011,0.208,11013.0,True
1789044967069,0.208,2543.0,False
1789044967107,0.208,76050.0,True
1789044967218,0.208,17793.0,False
1789044967233,0.2079,69.0,True
1789044968187,0.2079,82.0,True
1789044969196,0.208,24400.0,False
1789044969203,0.208,88.0,True
1789044969327,0.208,256.0,True
1789044969348,0.2079,40541.0,True
1789044969695,0.2079,2103.0,True
1789044969707,0.208,9464.0,False
1789044969978,0.2079,39424.0,True
1789044970233,0.2078,90.0,True
1789044970640,0.2078,38.0,True
1789044971141,0.2078,13295.0,True
1789044971621,0.2078,3731.0,True
1789044971820,0.2078,12550.0,False
1789044972030,0.2078,180.0,False
1789044972237,0.2077,53.0,True
1789044972596,0.2078,599.0,False
1789044973395,0.2077,87.0,True
1789044973521,0.2078,166.0,False
1789044974318,0.2077,90.0,True
1789044974351,0.2078,43611.0,False
1789044974409,0.2078,83.0,True
1789044975389,0.2078,79.0,True
1789044975580,0.2078,11924.0,True
1789044975762,0.2078,31.0,True
1789044976261,0.2079,46054.0,False
1789044976318,0.2079,99.0,True
1789044976631,0.208,69.0,False
1789044976868,0.208,1621.0,False
1789044977139,0.2079,835.0,True
1789044977272,0.2079,85.0,False
1789044977350,0.2078,40.0,True
1789044977579,0.2079,48.0,False
1789044977750,0.2079,9615.0,False
1789044978332,0.2079,12538.0,False
1789044978355,0.2079,55.0,True
1789044978960,0.2079,56.0,True
1789044979327,0.2079,88.0,True
1789044979509,0.208,29865.0,False
1789044979743,0.208,34222.0,True
1789044979804,0.208,167.0,False
1789044980076,0.208,240.0,False
1789044980133,0.2079,38966.0,True
1789044980474,0.2079,92.0,True
1789044981049,0.208,89.0,False
1789044981172,0.2079,83.0,True
1789044981294,0.208,480.0,False
1789044981537,0.2079,52.0,True
1789044982462,0.2079,38.0,True
1789044983187,0.2079,2170.0,True
1789044983477,0.2079,97.0,True
1789044983518,0.208,89582.0,False
1789044983655,0.208,5737.0,False
1789044983948,0.208,676.0,False
1789044984434,0.2079,103.0,True
1789044984704,0.208,7461.0,False
1789044984959,0.208,149.0,False
1789044985573,0.2079,165.0,True
1789044985662,0.208,5555.0,False
1789044986479,0.2079,10531.0,True
1789044987219,0.2079,426.0,True
1789044987797,0.2079,100.0,True
1789044988009,0.2079,389.0,True
1789044988437,0.2079,1511.0,True
1789044988770,0.208,10000.0,False
1789044988799,0.2079,47.0,True
1789044988821,0.208,12385.0,False
1789044989795,0.208,35.0,False
1789044989852,0.2079,43.0,True
1789044990011,0.208,118.0,False
1789044990635,0.208,480.0,False
1789044990845,0.2079,98.0,True
1789044990914,0.208,78309.0,False
1789044991669,0.2081,674.0,False
1789044991946,0.208,41.0,True
1789044992074,0.208,2255.0,True
1789044992174,0.208,1046.0,False
1789044993052,0.2079,645.0,True
1789044994287,0.2079,63.0,True
1789044995328,0.2079,75.0,True
1789044996288,0.2079,367.0,True
1789044996798,0.208,1351.0,False
1789044997229,0.2079,91.0,True
1789044997761,0.208,480.0,False
1789044998107,0.208,7211.0,False
1789044998257,0.2079,490.0,True
1789044998896,0.208,2000.0,False
1789044999180,0.2079,43.0,True
1789044999352,0.2079,25.0,True
1789044999433,0.208,290.0,False
1789044999552,0.208,12880.0,False
1789044999631,0.208,949.0,True
1789044999842,0.2081,138.0,False
1789044999888,0.208,748.0,True
1789045000180,0.208,73.0,True
1789045000470,0.208,84.0,True
1789045001006,0.2081,48121.0,False
1789045001078,0.2081,2002.0,True
1789045001205,0.2081,76.0,True
1789045001493,0.2082,226.0,False
1789045001535,0.2081,103.0,True
1789045001822,0.2081,78.0,True
1789045002313,0.2081,95.0,True
1789045002501,0.2082,23860.0,False
1789045002530,0.2082,40002.0,True
1789045003131,0.2082,7239.0,False
1789045003343,0.2081,107.0,True
1789045003528,0.2082,1574.0,False
1789045003880,0.2082,264.0,False
1789045004326,0.2081,100.0,True
1789045004804,0.2082,32.0,False
1789045005058,0.2082,122.0,False
1789045005274,0.2081,208.0,True
1789045005389,0.2081,50.0,True
1789045005616,0.2082,52109.0,False
1789045005699,0.2081,49777.0,True
1789045005832,0.2081,62.0,False
1789045006260,0.208,204.0,True
1789045006527,0.208,64.0,True
1789045007380,0.2081,5026.0,False
1789045007450,0.2081,85.0,True
1789045008560,0.2081,106.0,True
1789045008929,0.2081,103184.0,True
1789045009025,0.208,3203.0,True
1789045009050,0.2081,221.0,False
1789045009191,0.2081,720.0,False
1789045009640,0.208,87.0,True
1789045010517,0.2081,3206.0,False
1789045010661,0.2081,1881.0,False
1789045010690,0.208,93.0,True
1789045011159,0.208,240.0,True
1789045011777,0.208,66.0,True
1789045012362,0.208,31.0,True
1789045013001,0.208,53.0,True
1789045013436,0.208,123.0,True
1789045013715,0.2081,159.0,False
1789045014047,0.208,48.0,True
1789045014271,0.208,65.0,True
1789045015120,0.208,13168.0,True
1789045016125,0.2079,28442.0,True
1789045017141,0.2079,46.0,True
1789045017348,0.2079,31.0,True
1789045017398,0.208,28.0,False
1789045018260,0.2079,94.0,True
1789045019335,0.208,26370.0,False
1789045019368,0.208,66.0,True
1789045019659,0.2081,6805.0,False
1789045019866,0.208,118.0,True
1789045020031,0.208,4813.0,True
1789045020074,0.2081,28.0,False
1789045020197,0.2081,197.0,False
1789045020320,0.208,104.0,True
1789045020599,0.208,9652.0,True
1789045020713,0.208,6255.0,False
1789045021201,0.2079,16425.0,True
1789045021287,0.2078,93.0,True
1789045021761,0.2079,5770.0,False
1789045021949,0.2078,17787.0,True
1789045022176,0.2078,1977.0,False
1789045022264,0.2077,15939.0,True
1789045022291,0.2076,87.0,True
1789045022368,0.2077,508.0,False
1789045022379,0.2078,416.0,False
1789045022508,0.2078,414.0,False
1789045022763,0.2078,244.0,False
1789045022959,0.2078,706.0,False
1789045023119,0.2078,47501.0,False
1789045023136,0.2079,859.0,False
1789045023335,0.2078,51.0,True
1789045023495,0.2079,34554.0,False
1789045024106,0.208,32631.0,False
1789045024171,0.208,15326.0,True
1789045024386,0.208,61.0,True
1789045024873,0.208,7234.0,True
1789045025310,0.208,38.0,True
1789045025443,0.208,90.0,True
1789045025978,0.2081,16723.0,False
1789045026332,0.2081,142.0,True
1789045026868,0.2082,7943.0,False
1789045026926,0.2083,4757.0,False
1789045027213,0.2082,305.0,True
1789045027473,0.2082,120.0,True
1789045027704,0.2082,9138.0,True
1789045027896,0.2083,2160.0,False
1789045028213,0.2083,1729.0,False
1789045028223,0.2082,28.0,True
1789045028391,0.2082,84.0,True
1789045028699,0.2083,506.0,False
1789045028977,0.2083,309.0,False
1789045029108,0.2083,139.0,False
1789045029220,0.2083,200.0,False
1789045029278,0.2082,143.0,True
1789045029693,0.2082,24986.0,True
1789045029949,0.2082,27960.0,False
1789045030205,0.2082,240.0,False
1789045030397,0.2081,544.0,True
1789045031192,0.2082,762.0,False
1789045031472,0.2081,62.0,True
1789045032154,0.2081,317.0,True
1789045032509,0.2081,90.0,True
1789045032776,0.2081,35744.0,True
1789045033476,0.208,89.0,True
1789045033825,0.2081,59.0,False
1789045034618,0.208,95.0,True
1789045034881,0.2081,10601.0,False
1789045035321,0.2081,3997.0,False
1789045035381,0.2082,15075.0,False
1789045035436,0.2083,143.0,False
1789045035591,0.2082,83.0,True
1789045035939,0.2082,11432.0,True
1789045036105,0.2082,30.0,False
1789045036554,0.2082,49.0,False
1789045036599,0.2081,39.0,True
1789045036925,0.2082,123.0,False
1789045037144,0.2082,120.0,False
1789045037575,0.2081,48.0,True
1789045038274,0.2082,634.0,False
1789045038561,0.2081,40.0,True
1789045038979,0.2082,3760.0,False
1789045039663,0.2082,46.0,True
1789045040330,0.2082,164.0,True
1789045040591,0.2082,52.0,True
1789045041453,0.2083,34.0,False
1789045041642,0.2082,102.0,True
1789045042726,0.2082,51.0,True
1789045043060,0.2083,56792.0,False
1789045043316,0.2083,275.0,True
1789045043725,0.2083,95.0,True
1789045044063,0.2084,124.0,False
1789045044454,0.2083,41.0,True
1789045044719,0.2083,64.0,True
1789045045108,0.2084,70.0,False
1789045045495,0.2084,1818.0,False
1789045045685,0.2084,4347.0,False
1789045045775,0.2084,64.0,True
1789045046165,0.2085,264.0,False
1789045046349,0.2085,102.0,False
1789045046735,0.2084,102.0,True
1789045046884,0.2084,402.0,True
1789045046989,0.2084,63.0,True
1789045047011,0.2085,61.0,False
1789045047058,0.2084,11932.0,True
1789045047410,0.2084,4098.0,False
1789045047756,0.2084,9518.0,False
1789045047795,0.2083,124.0,True
1789045047852,0.2084,540.0,False
1789045048399,0.2084,171.0,False
1789045048523,0.2083,27.0,True
1789045048815,0.2083,63.0,True
1789045048939,0.2084,61.0,False
1789045049875,0.2083,103.0,True
1789045050161,0.2083,622.0,True
1789045050939,0.2083,42.0,True
1789045050948,0.2084,10367.0,False
1789045051173,0.2084,634.0,False
1789045051409,0.2084,124.0,False
1789045051989,0.2083,46.0,True
1789045052812,0.2083,31.0,True
1789045053141,0.2084,280.0,False
1789045053292,0.2083,82.0,True
1789045053519,0.2083,456.0,True
1789045053583,0.2084,13232.0,False
1789045054399,0.2083,87.0,True
1789045054683,0.2084,3980.0,False
1789045054860,0.2084,73.0,False
1789045055566,0.2083,82.0,True
1789045055672,0.2084,38.0,False
1789045056192,0.2083,11405.0,True
1789045056201,0.2082,31.0,True
1789045056537,0.2082,52.0,True
1789045057595,0.2082,57.0,True
1789045057888,0.2082,305.0,True
1789045058642,0.2082,57.0,True
1789045058696,0.2083,5538.0,False
1789045059677,0.2083,84.0,True
1789045060735,0.2083,53.0,True
1789045061209,0.2083,75122.0,True
1789045061249,0.2082,356.0,True
1789045061434,0.2083,1687.0,False
1789045061441,0.2083,14402.0,True
1789045061772,0.2083,67.0,True
1789045062477,0.2084,1440.0,False
1789045063003,0.2084,4580.0,False
1789045063064,0.2084,59.0,True
1789045063117,0.2085,5463.0,False
1789045063257,0.2085,49.0,True
1789045063934,0.2085,264.0,False
1789045064051,0.2085,478.0,False
1789045064061,0.2084,79.0,True
1789045064192,0.2085,3829.0,False
1789045064456,0.2085,10635.0,True
1789045064830,0.2085,4800.0,True
1789045064899,0.2086,4705.0,False
1789045064999,0.2085,318.0,True
1789045065092,0.2086,82.0,False
1789045065105,0.2085,49.0,True
1789045066091,0.2085,70.0,True
1789045066857,0.2086,24.0,False
1789045066979,0.2086,29.0,False
1789045067096,0.2085,16791.0,True
1789045067119,0.2085,95.0,False
1789045067140,0.2084,70.0,True
1789045068244,0.2084,58.0,True
1789045068409,0.2084,42.0,True
1789045069227,0.2084,100.0,True
1789045069642,0.2085,2629.0,False
1789045069885,0.2084,24.0,True
1789045070181,0.2084,91.0,True
1789045070634,0.2085,30986.0,False
1789045071026,0.2084,41.0,True
1789045071227,0.2084,83.0,True
1789045072214,0.2084,51.0,True
1789045072563,0.2084,725.0,True
1789045073280,0.2084,99.0,True
1789045074206,0.2085,8904.0,False
1789045074340,0.2085,47.0,True
1789045075295,0.2085,300.0,True
1789045075402,0.2085,69.0,True
1789045076435,0.2085,87.0,True
1789045076527,0.2086,212.0,False
1789045076780,0.2085,132.0,True
1789045077390,0.2085,74.0,True
1789045077698,0.2085,8780.0,True
1789045078170,0.2085,207.0,True
1789045078455,0.2085,1296.0,True
1789045079037,0.2086,263.0,False
1789045079343,0.2086,174.0,False
1789045079464,0.2085,81.0,True
1789045080465,0.2085,93.0,True
1789045080886,0.2085,121.0,True
1789045081245,0.2086,3205.0,False
1789045081519,0.2085,42.0,True
1789045081766,0.2086,41.0,False
1789045082576,0.2085,1722.0,True
1789045083669,0.2086,212.0,False
1789045083764,0.2085,82.0,True
1789045084912,0.2085,101.0,True
1789045086012,0.2085,87.0,True
1789045086374,0.2086,47331.0,False
1789045086575,0.2086,7411.0,True
1789045086925,0.2087,17317.0,False
1789045086939,0.2086,29926.0,True
1789045087071,0.2085,76.0,True
1789045088016,0.2086,30.0,False
1789045088135,0.2085,34.0,True
1789045088564,0.2086,479.0,False
1789045088751,0.2085,46.0,True
1789045089191,0.2086,1765.0,False
1789045089336,0.2085,51.0,True
1789045090380,0.2085,52.0,True
1789045091266,0.2085,17382.0,True
1789045091731,0.2086,38.0,False
1789045092559,0.2085,169.0,True
1789045092803,0.2086,481.0,False
1789045093578,0.2085,88.0,True
1789045094557,0.2085,63.0,True
1789045094886,0.2086,1200.0,False
1789045094988,0.2086,9286.0,False
1789045095615,0.2085,98.0,True
1789045095942,0.2086,5522.0,False
1789045096108,0.2086,1350.0,False
1789045096328,0.2086,7068.0,False
1789045096562,0.2085,38.0,True
1789045096578,0.2086,54.0,False
1789045096738,0.2085,44.0,True
1789045097005,0.2086,55.0,False
1789045097211,0.2086,91028.0,False
1789045097640,0.2085,71.0,True
1789045098637,0.2085,71.0,True
1789045098743,0.2086,528.0,False
1789045099637,0.2085,81.0,True
1789045100720,0.2085,211.0,True
1789045101772,0.2085,84.0,True
1789045102387,0.2086,7190.0,False
1789045102820,0.2085,37.0,True
1789045103930,0.2085,82.0,True
1789045104221,0.2086,28745.0,False
1789045104795,0.2086,299.0,True
1789045104949,0.2086,83.0,True
1789045105320,0.2086,28951.0,True
1789045106015,0.2085,67.0,True
1789045106208,0.2085,25.0,True
1789045106838,0.2085,35.0,True
1789045107148,0.2085,80.0,True
1789045108418,0.2085,1497.0,True
1789045108765,0.2085,43.0,True
1789045109508,0.2085,61442.0,True
1789045110529,0.2084,76.0,True
1789045110742,0.2084,42776.0,True
1789045110857,0.2084,152.0,False
1789045111266,0.2083,9522.0,True
1789045111535,0.2082,47.0,True
1789045112261,0.2083,479.0,False
1789045112533,0.2082,46.0,True
1789045112825,0.2082,24307.0,True
1789045113360,0.2081,23393.0,True
1789045113567,0.208,50330.0,True
1789045113570,0.2081,267161.0,False
1789045114581,0.2081,53.0,True
1789045115585,0.2081,65.0,True
1789045115679,0.2082,13019.0,False
1789045116713,0.2082,39.0,True
1789045117683,0.2082,31.0,True
1789045118422,0.2083,150.0,False
1789045118762,0.2082,72.0,True
1789045119000,0.2083,57075.0,False
1789045119704,0.2084,2047.0,False
1789045119752,0.2083,102.0,True
1789045120099,0.2084,12001.0,False
1789045120909,0.2083,404.0,True
1789045121049,0.2084,2351.0,False
1789045121904,0.2083,49.0,True
1789045122581,0.2084,6277.0,False
1789045122868,0.2084,1350.0,False
1789045122896,0.2083,57.0,True
1789045124015,0.2083,72.0,True
1789045124195,0.2083,32087.0,True
1789045124309,0.2083,240.0,False
1789045125103,0.2082,70.0,True
1789045125443,0.2083,31805.0,False
1789045125840,0.2083,7048.0,False
1789045126269,0.2082,43.0,True
1789045126671,0.2082,120.0,True
1789045127010,0.2083,8251.0,False
1789045127201,0.2083,77.0,True
1789045127400,0.2083,30382.0,True
1789045127603,0.2083,6038.0,False
1789045128291,0.2082,4803.0,True
1789045128448,0.2082,61.0,True
1789045129237,0.2083,27846.0,False
1789045129472,0.2083,60.0,True
1789045130529,0.2083,56.0,True
1789045130721,0.2084,48.0,False
1789045130824,0.2083,246.0,True
1789045131034,0.2083,4167.0,True
1789045131347,0.2082,23196.0,True
1789045131351,0.2082,27.0,False
1789045131495,0.2081,40.0,True
1789045131640,0.2081,217.0,True
1789045131693,0.2082,75.0,False
1789045132551,0.2081,34.0,True
1789045133529,0.2081,47.0,True
1789045133782,0.2081,10672.0,True
1789045134533,0.2081,61.0,True
1789045135066,0.2081,4902.0,True
1789045135124,0.2082,85852.0,False
1789045135280,0.2081,45.0,True
1789045135574,0.2081,33.0,True
1789045135874,0.2081,501.0,True
1789045136128,0.2081,32730.0,True
1789045136491,0.208,68.0,True
1789045137465,0.208,77.0,True
1789045138475,0.208,41.0,True
1789045139429,0.208,73.0,True
1789045139943,0.2081,4611.0,False
1789045140238,0.2081,598.0,True
1789045140395,0.2081,55.0,True
1789045141367,0.2081,67.0,True
1789045141702,0.2081,110173.0,True
1789045142448,0.208,36.0,True
1789045143497,0.208,59.0,True
1789045143636,0.208,150.0,True
1789045143733,0.2081,480.0,False
1789045143900,0.208,18093.0,True
1789045144198,0.208,1474.0,False
1789045144427,0.2079,64.0,True
1789045144992,0.208,7536.0,False
1789045145031,0.208,288.0,True
1789045145400,0.208,53.0,True
1789045145437,0.2081,4418.0,False
1789045145858,0.2081,53898.0,False
1789045145860,0.2082,140975.0,False
1789045145865,0.2083,71802.0,False
1789045145867,0.2082,3309.0,False
1789045145868,0.2083,25535.0,False
1789045145869,0.2082,70.0,False
1789045145872,0.2082,50.0,False
1789045145873,0.2083,183377.0,False
1789045145913,0.2084,52026.0,False
1789045145939,0.2085,3697.0,False
1789045146032,0.2084,6311.0,False
1789045146132,0.2083,2145.0,True
1789045146133,0.2084,119.0,False
1789045146168,0.2083,7628.0,True
1789045146179,0.2084,2579.0,False
1789045146289,0.2084,1934.0,False
1789045146381,0.2083,81.0,True
1789045146621,0.2084,1917.0,False
1789045147272,0.2084,1906.0,False
1789045147515,0.2083,42.0,True
1789045147895,0.2083,68036.0,True
1789045148186,0.2084,1879.0,False
1789045148437,0.2084,4084.0,False
1789045148555,0.2083,54.0,True
1789045149141,0.2084,1853.0,False
1789045149629,0.2083,41.0,True
1789045150130,0.2084,1827.0,False
1789045150798,0.2083,77.0,True
1789045150982,0.2084,4628.0,False
1789045151768,0.2083,55.0,True
1789045152093,0.2084,1775.0,False
1789045152856,0.2083,53.0,True
1789045153021,0.2084,2013.0,False
1789045153216,0.2084,1775.0,False
1789045153730,0.2083,118.0,True
1789045153958,0.2083,75.0,True
1789045153975,0.2084,1725.0,False
1789045154943,0.2084,1894.0,False
1789045155081,0.2083,86.0,True
1789045155937,0.2084,1726.0,False
1789045156057,0.2083,86.0,True
1789045156198,0.2084,61.0,False
1789045156433,0.2084,118.0,False
1789045156689,0.2084,54.0,False
1789045156951,0.2084,1652.0,False
1789045157106,0.2083,57.0,True
1789045158007,0.2084,1627.0,False
1789045158117,0.2083,56.0,True
1789045158236,0.2084,88.0,False
1789045158606,0.2083,30.0,True
1789045158963,0.2084,1603.0,False
1789045159143,0.2083,49.0,True
1789045159300,0.2083,49298.0,True
1789045159920,0.2083,1580.0,False
1789045160202,0.2082,1909.0,True
1789045160926,0.2083,1556.0,False
1789045161196,0.2082,164.0,True
1789045161341,0.2082,21195.0,True
1789045161419,0.2082,895.0,False
1789045161990,0.2082,1534.0,False
1789045162308,0.2081,82.0,True
1789045162754,0.2082,33352.0,False
1789045163325,0.2081,84.0,True
1789045163538,0.2081,407.0,True
1789045163684,0.2082,38.0,False
1789045164153,0.2082,755.0,False
1789045164270,0.2081,137.0,True
1789045165362,0.2081,36.0,True
1789045165785,0.2081,41094.0,True
1789045166341,0.208,71.0,True
1789045167067,0.208,67894.0,True
1789045167373,0.2079,38.0,True
1789045167404,0.208,54.0,False
1789045167507,0.2079,39696.0,True
1789045167768,0.208,7607.0,False
1789045168318,0.208,40.0,True
1789045168477,0.2081,54.0,False
1789045169261,0.2081,2618.0,False
1789045169345,0.208,80.0,True
1789045170449,0.208,4856.0,True
1789045170736,0.2081,408.0,False
1789045171475,0.208,66.0,True
1789045171483,0.2081,115.0,False
1789045172651,0.208,57.0,True
1789045173322,0.2081,2722.0,False
1789045173535,0.2081,2472.0,False
1789045173680,0.208,54.0,True
1789045173905,0.2081,5464.0,False
1789045174826,0.2081,79.0,True
1789045175007,0.2081,36.0,True
1789045175857,0.2081,4494.0,True
1789045176166,0.2082,46.0,False
1789045176892,0.2081,61.0,True
1789045177030,0.2081,4584.0,True
1789045177808,0.2081,87.0,True
1789045178428,0.2082,189.0,False
1789045178867,0.2081,71.0,True
1789045179855,0.2082,39.0,False
1789045179857,0.2081,37.0,True
1789045179888,0.2082,260.0,False
1789045180031,0.2081,4577.0,True
1789045180079,0.2082,1087.0,False
1789045180940,0.2081,190.0,True
1789045181881,0.2081,39.0,True
1789045182030,0.2081,60.0,True
1789045183001,0.2081,36.0,True
1789045183794,0.2081,600.0,True
1789045183999,0.2081,36.0,True
1789045184944,0.2082,41.0,False
1789045184975,0.2081,86.0,True
1789045185099,0.2082,137.0,False
1789045185381,0.2082,72062.0,False
1789045185831,0.2082,54.0,False
1789045185912,0.2081,47.0,True
1789045186034,0.2081,4566.0,True
1789045186789,0.2081,484.0,True
1789045186948,0.2081,4608.0,True
1789045188033,0.2081,80.0,True
1789045188443,0.2082,264.0,False
1789045189033,0.2081,4592.0,True
1789045189714,0.2082,181986.0,False
1789045189915,0.2081,20008.0,True
1789045190070,0.208,71.0,True
1789045191051,0.208,62.0,True
1789045192162,0.208,32.0,True
1789045192353,0.2081,11310.0,False
1789045192498,0.2081,33.0,False
1789045192775,0.208,1880.0,True
1789045193312,0.208,41.0,True
1789045194428,0.208,30.0,True
1789045194599,0.208,294.0,True
1789045195577,0.208,38.0,True
1789045196529,0.208,52.0,True
1789045196664,0.208,16409.0,True
1789045196708,0.2081,4157.0,False
1789045197547,0.208,86.0,True
1789045198444,0.208,825.0,True
1789045198714,0.208,39.0,True
1789045199453,0.2081,25223.0,False
1789045199549,0.2081,23281.0,True
1789045199658,0.2082,38.0,False
1789045199764,0.2082,144.0,False
1789045199774,0.2081,5226.0,True
